code6,name,final_status,growth_profile,final_score,growth_core,quality_score,balance_score,news_news_score,current_revenue_growth,current_profit_growth,revenue_acceleration,profit_acceleration,persistence_score,cash_margin,cash_to_profit,current_roe,current_net_margin,current_debt_ratio,news_news_count,news_positive_articles,news_negative_articles,news_positive_groups,news_negative_groups,low_base_flag,cash_mismatch_flag,high_debt_flag,factor_status,factor_coverage
603986,兆易创新,成长质量优先,持续成长,92.1792,98.7582,84.1226,88.5348,92.21,178.6723,1091.4991,153.5569,1042.0244,100.0,0.523,0.8821,23.13,59.5292,11.4652,17,16,0,"['业绩兑现', '产能产品', '研发技术', '行业景气', '需求订单']",[],True,False,False,有效,1.0
002558,巨人网络,加速/反转观察,加速成长,86.7268,92.7689,83.176,82.9469,75.86,182.0797,175.9552,109.3923,152.8229,83.3333,0.4419,0.9662,13.22,48.8285,17.0531,17,10,1,"['业绩兑现', '产能产品', '战略拓展', '研发技术', '需求订单']",['业绩风险'],False,False,False,有效,1.0
000792,盐湖股份,加速/反转观察,加速成长,85.6499,88.262,84.0372,85.9323,78.31,79.8793,137.8777,77.4535,56.1208,66.6667,0.4813,1.0184,13.34,55.5473,14.0677,18,15,4,"['业绩兑现', '产能产品', '战略拓展', '研发技术', '行业景气']",['业绩风险'],False,False,False,有效,1.0
000426,兴业银锡,成长质量优先,持续成长,85.1222,93.4201,84.2482,61.9769,,73.1308,184.4196,43.043,173.0211,100.0,0.4934,0.9336,21.32,54.2597,38.0231,0,0,0,[],[],False,False,False,有效,1.0
002192,融捷股份,加速/反转观察,反转/低基数,84.8611,95.5236,79.0671,75.1289,68.86,402.3508,1076.1437,352.6384,1046.622,66.6667,0.2901,0.4415,24.58,65.5428,24.8711,19,18,6,"['业绩兑现', '产能产品', '战略拓展', '研发技术', '行业景气', '需求订单']","['业绩风险', '扩张不确定', '现金与负债', '经营质量']",True,False,False,有效,1.0
000612,焦作万方,加速/反转观察,加速成长,83.4037,83.9181,79.5364,89.595,,25.3756,129.5793,24.9149,47.6314,83.3333,0.2808,0.947,15.89,29.6565,10.405,0,0,0,[],[],False,False,False,有效,1.0
002466,天齐锂业,加速/反转观察,反转/低基数,83.11,93.6965,73.0176,71.5354,,153.322,4925.4591,174.1213,4819.6065,50.0,0.1807,0.5215,9.24,56.8288,28.4646,0,0,0,[],[],True,False,False,有效,1.0
002440,闰土股份,成长质量优先,持续成长,82.8672,91.0803,69.0857,85.7912,,32.4862,318.6761,31.8742,105.1396,100.0,0.1756,1.0043,6.17,17.6509,14.2088,0,0,0,[],[],True,False,False,有效,1.0
601872,招商轮船,加速/反转观察,反转/低基数,82.7622,92.1784,83.7828,52.4723,,56.1525,227.5725,46.9355,209.8602,83.3333,0.4137,1.1683,15.61,35.7127,47.5277,0,0,0,[],[],True,False,False,有效,1.0
002653,海思科,加速/反转观察,反转/低基数,82.5621,93.5848,77.8684,61.1097,79.22,54.7145,426.9824,36.806,461.3417,83.3333,0.2457,0.8936,18.3,27.4976,38.8903,16,14,5,"['业绩兑现', '产能产品', '战略拓展', '研发技术', '需求订单']",['业绩风险'],True,False,False,有效,1.0
000807,云铝股份,成长质量优先,持续成长,82.5526,84.3942,78.9688,84.1951,,20.3002,177.614,10.0294,140.3715,100.0,0.2395,1.0903,21.89,25.2084,15.8049,0,0,0,[],[],False,False,False,有效,1.0
001337,四川黄金,成长质量优先,持续成长,82.0538,87.3825,87.5836,61.1843,72.79,87.0261,107.3448,26.6486,19.6565,100.0,0.6863,1.3121,21.86,52.3041,38.8157,14,10,4,"['业绩兑现', '产能产品', '战略拓展', '研发技术', '行业景气', '需求订单']","['业绩风险', '治理监管']",False,False,False,有效,1.0
000036,华联控股,加速/反转观察,反转/低基数,81.6395,90.6691,72.7315,72.3668,,60.1483,1260.8264,14.0224,1187.6791,66.6667,0.4523,5.5827,0.54,13.1469,27.6332,0,0,0,[],[],True,False,False,有效,1.0
603317,天味食品,加速/反转观察,加速成长,81.4027,86.4568,72.6501,83.7456,,45.7951,100.3959,46.5887,109.1889,66.6667,0.186,0.9902,8.42,20.0539,16.2544,0,0,0,[],[],False,False,False,有效,1.0
600605,汇通能源,加速/反转观察,加速成长,81.3157,80.3177,75.2694,96.402,,44.3429,25.0434,68.8207,99.684,66.6667,0.5733,1.85,1.81,35.7932,3.598,0,0,0,[],[],False,False,False,有效,1.0
002756,永兴材料,加速/反转观察,加速成长,81.3076,84.4563,73.8179,86.8411,,37.6206,139.2376,45.6804,175.8469,33.3333,0.2134,1.1314,7.29,19.2983,13.1589,0,0,0,[],[],False,False,False,有效,1.0
000408,藏格矿业,加速/反转观察,加速成长,81.1882,79.0622,80.4766,92.2348,76.32,23.0455,102.0926,13.0187,52.7758,66.6667,0.4766,0.2705,21.19,175.7614,7.7652,19,15,6,"['业绩兑现', '产能产品', '战略拓展', '研发技术', '行业景气', '需求订单']",['业绩风险'],False,False,False,有效,1.0
000762,西藏矿业,加速/反转观察,反转/低基数,81.1873,91.56,78.6955,55.0527,,304.5775,492.4631,348.0032,619.4992,33.3333,0.4526,4.0763,2.03,24.0542,44.9473,0,0,0,[],[],True,False,False,有效,1.0
603162,海通发展,加速/反转观察,反转/低基数,81.0969,96.3628,75.842,64.4602,53.12,92.7753,502.6021,71.3411,517.9066,83.3333,0.208,1.3789,11.16,15.0828,35.5398,18,10,10,"['业绩兑现', '产能产品', '战略拓展', '行业景气', '需求订单']","['业绩风险', '扩张不确定', '治理监管']",True,False,False,有效,1.0
600961,株冶集团,成长质量优先,持续成长,80.7206,90.9693,72.7151,65.9855,,35.9091,232.7481,23.3215,189.6866,100.0,0.1606,1.1663,39.52,13.7723,34.0145,0,0,0,[],[],True,False,False,有效,1.0
001339,智微智能,成长质量优先,持续成长,80.6875,94.6746,86.475,27.2961,80.47,56.6421,281.9211,55.3378,245.0805,100.0,0.3173,2.4911,15.58,22.1598,72.7039,17,15,3,"['业绩兑现', '产能产品', '战略拓展', '研发技术', '需求订单']",['业绩风险'],True,False,True,有效,1.0
603127,昭衍新药,加速/反转观察,反转/低基数,80.4192,79.2771,80.8893,82.9052,,5.2715,1126.798,23.1431,824.7197,50.0,0.6496,0.6116,8.61,106.2089,17.0948,0,0,0,[],[],True,False,False,有效,1.0
002517,恺英网络,成长质量优先,持续成长,80.3296,86.3986,80.6933,74.2349,61.07,86.0574,50.3442,82.0172,33.4477,100.0,0.3049,1.024,13.74,32.3731,25.7651,17,9,5,"['业绩兑现', '产能产品', '战略拓展', '研发技术']","['业绩风险', '治理监管', '现金与负债']",False,False,False,有效,1.0
600026,中远海能,加速/反转观察,加速成长,80.3247,87.3292,84.5027,50.955,,30.0308,143.2138,27.3527,143.324,83.3333,0.4596,1.5317,9.26,31.5662,49.045,0,0,0,[],[],False,False,False,有效,1.0
000722,湖南发展,成长质量优先,持续成长,80.2463,85.6861,82.3286,59.7625,,31.2042,77.4465,27.5294,71.0516,100.0,0.6893,1.9883,4.44,37.6631,40.2375,0,0,0,[],[],False,False,False,有效,1.0
002458,益生股份,加速/反转观察,反转/低基数,80.1542,87.3014,77.0813,64.8586,,28.4363,4897.2931,34.2898,4964.4602,33.3333,0.2714,1.4972,6.86,18.2084,35.1414,0,0,0,[],[],True,False,False,有效,1.0
605117,德业股份,成长质量优先,持续成长,80.1208,89.8424,85.1373,46.1366,72.3,92.2349,78.5286,83.1573,71.4206,100.0,0.3942,1.5437,24.31,25.5229,53.8634,17,15,8,"['业绩兑现', '产能产品', '战略拓展', '研发技术', '行业景气', '需求订单']","['业绩风险', '扩张不确定']",False,False,False,有效,1.0
601869,长飞光纤,加速/反转观察,反转/低基数,79.9001,93.1548,74.5525,52.0513,78.07,53.6377,888.8784,36.7924,868.4815,66.6667,0.1862,0.6244,19.22,32.4848,47.9487,16,15,3,"['业绩兑现', '产能产品', '战略拓展', '研发技术', '行业景气', '需求订单']","['业绩风险', '扩张不确定', '经营质量']",True,False,False,有效,1.0
605118,力鼎光电,成长质量优先,持续成长,79.6994,77.3656,83.4332,79.2331,,54.3881,37.0505,20.5357,-11.2627,100.0,0.4082,1.3259,10.81,30.8464,20.7669,0,0,0,[],[],False,False,False,有效,1.0
001389,广合科技,成长质量优先,持续成长,79.6085,88.6024,76.2836,61.3956,76.43,80.9776,94.3899,34.0854,44.1476,100.0,0.2135,0.9804,16.05,21.776,38.6044,19,17,7,"['业绩兑现', '产能产品', '战略拓展', '研发技术', '行业景气', '需求订单']","['业绩风险', '现金与负债']",False,False,False,有效,1.0
002636,金安国纪,成长质量优先,持续成长,79.4227,96.5632,67.1122,52.6221,,65.7431,986.6608,55.0757,275.1158,100.0,0.1057,0.469,19.39,22.556,47.3779,0,0,0,[],[],True,False,False,有效,1.0
000989,九芝堂,加速/反转观察,加速成长,79.3459,80.4923,79.8366,74.9255,,29.0812,74.0102,35.0743,71.0499,50.0,0.2888,1.8841,6.62,20.108,25.0745,0,0,0,[],[],False,False,False,有效,1.0
002648,卫星化学,加速/反转观察,加速成长,79.2577,87.0659,82.6911,48.9664,,30.9168,126.9412,29.9977,139.4769,83.3333,0.3135,1.5465,17.28,20.2763,51.0336,0,0,0,[],[],False,False,False,有效,1.0
601975,招商南油,加速/反转观察,加速成长,79.0261,76.9943,76.9489,89.276,,19.3667,42.4147,29.4934,74.1464,66.6667,0.2848,1.1602,6.78,24.6823,10.724,0,0,0,[],[],False,False,False,有效,1.0
002975,博杰股份,成长质量优先,持续成长,78.9999,93.7543,60.9469,70.8428,,66.8402,746.9353,17.9191,189.4255,100.0,0.0883,0.579,7.19,15.8522,29.1572,0,0,0,[],[],True,False,False,有效,1.0
603125,常青科技,加速/反转观察,加速成长,78.9709,85.0547,63.0267,92.6078,,45.6693,99.1635,49.7205,121.7378,50.0,0.1194,0.6025,5.56,19.8206,7.3922,0,0,0,[],[],False,False,False,有效,1.0
600909,华安证券,成长质量优先,持续成长,78.7103,89.2251,90.7682,23.0501,,65.2782,102.5486,34.1695,60.6242,100.0,1.3035,2.4911,8.08,52.3198,76.9499,0,0,0,[],[],False,False,True,有效,1.0
000603,盛达资源,加速/反转观察,反转/低基数,78.6295,85.4815,85.9851,51.6351,66.22,27.0844,456.4619,4.8197,419.9473,83.3333,0.4975,1.4687,12.14,37.5686,48.3649,18,16,7,"['业绩兑现', '产能产品', '行业景气', '需求订单']","['业绩风险', '扩张不确定', '治理监管']",True,False,False,有效,1.0
002128,电投能源,成长质量优先,持续成长,78.6028,79.3957,83.6249,66.1799,,19.9605,49.1335,19.1035,47.6831,100.0,0.3509,1.5859,10.58,26.8104,33.8201,0,0,0,[],[],False,False,False,有效,1.0
601628,中国人寿,成长质量优先,持续成长,78.564,94.5389,89.6943,8.3787,,81.5399,228.5749,65.0593,184.4892,100.0,0.6513,2.1034,21.07,31.3149,91.6213,0,0,0,[],[],True,False,True,有效,1.0
002606,大连电瓷,成长质量优先,持续成长,78.5018,92.8268,63.4328,65.6647,,48.5868,232.1781,29.6692,231.8247,100.0,0.1037,0.5789,7.8,17.9172,34.3353,0,0,0,[],[],True,False,False,有效,1.0
000933,神火股份,加速/反转观察,加速成长,78.238,81.9442,82.9554,57.6847,,21.3544,151.0625,13.8801,158.0612,66.6667,0.2904,1.5059,18.41,24.5155,42.3153,0,0,0,[],[],False,False,False,有效,1.0
603629,利通电子,加速/反转观察,反转/低基数,78.1066,81.9963,95.4477,31.7553,,38.5752,1275.1473,-8.5799,186.5533,83.3333,1.2247,3.6634,29.83,33.562,68.2447,0,0,0,[],[],True,False,False,有效,1.0
002414,高德红外,加速/反转观察,反转/低基数,78.0038,95.5504,54.7143,71.9429,,117.9354,646.8052,45.4356,393.3586,83.3333,-0.016,-0.05,17.51,32.053,28.0571,0,0,0,[],[],True,True,False,有效,1.0
002545,东方铁塔,观察,增速观察,77.9536,79.7571,81.8484,69.3558,71.05,42.0268,97.8436,25.7534,-15.9305,83.3333,0.3755,1.1738,9.52,31.9688,30.6442,19,18,6,"['业绩兑现', '产能产品', '行业景气', '需求订单']","['业绩风险', '扩张不确定', '经营质量']",False,False,False,有效,1.0
600999,招商证券,成长质量优先,持续成长,77.8827,91.476,93.6914,16.6204,61.18,108.1874,104.8697,88.6562,85.9628,100.0,2.9102,5.9992,8.22,48.5273,83.3796,16,12,6,"['业绩兑现', '产能产品', '行业景气', '需求订单']","['业绩风险', '扩张不确定', '治理监管']",False,False,True,有效,1.0
000506,招金黄金,加速/反转观察,反转/低基数,77.8762,92.6468,72.2389,61.67,52.63,85.1313,407.4399,27.0028,182.7753,83.3333,0.1528,0.2445,28.34,68.8644,38.33,14,11,8,"['业绩兑现', '产能产品', '行业景气']","['业绩风险', '扩张不确定', '治理监管', '现金与负债']",True,False,False,有效,1.0
002167,东方锆业,加速/反转观察,加速成长,77.8325,79.5058,74.2506,79.9764,,7.9377,176.0565,27.2555,246.2116,66.6667,0.281,2.3668,4.45,11.8717,20.0236,0,0,0,[],[],False,False,False,有效,1.0
603135,中重科技,加速/反转观察,反转/低基数,77.6285,84.6465,68.6203,74.5908,,51.8372,90.824,112.0641,229.9103,33.3333,0.3265,2.9579,1.22,10.9449,25.4092,0,0,0,[],[],True,False,False,有效,1.0
603826,坤彩科技,加速/反转观察,反转/低基数,77.5139,89.2935,79.1554,38.8922,,48.028,255.4331,18.1511,617.3735,66.6667,0.2744,1.3239,9.32,21.4831,61.1078,0,0,0,[],[],True,False,False,有效,1.0
003031,中瓷电子,加速/反转观察,加速成长,77.4918,82.6489,71.247,74.5103,,54.7627,41.2238,46.0946,36.8621,83.3333,0.1959,1.0752,6.02,19.813,25.4897,0,0,0,[],[],False,False,False,有效,1.0
603091,众鑫股份,加速/反转观察,加速成长,77.4861,82.6286,71.545,73.9411,,33.6987,66.6116,36.3234,84.4056,66.6667,0.1804,0.8389,8.49,21.3027,26.0589,0,0,0,[],[],False,False,False,有效,1.0
001232,嘉立创,加速/反转观察,加速成长,77.4303,84.6871,73.5281,63.4641,,54.1253,73.5426,25.7296,49.6146,83.3333,0.1764,1.2278,13.37,14.3646,36.5359,0,0,0,[],[],False,False,False,有效,0.9
002222,福晶科技,成长质量优先,持续成长,77.387,76.9987,84.2388,64.8481,,39.462,40.9656,7.2526,13.6407,100.0,0.3972,1.5918,9.75,28.5019,35.1519,0,0,0,[],[],False,False,False,有效,1.0
600601,方正科技,成长质量优先,持续成长,77.3372,93.0927,69.168,46.409,,72.894,232.3802,31.0287,148.924,100.0,0.1383,0.8923,11.61,15.502,53.591,0,0,0,[],[],True,False,False,有效,1.0
600236,桂冠电力,成长质量优先,持续成长,77.2625,80.7092,88.3217,44.8039,,37.5917,48.0949,29.3136,4.4695,100.0,0.6653,2.162,9.0622,35.4771,55.1961,0,0,0,[],[],False,False,False,有效,1.0
603991,领先股份,加速/反转观察,反转/低基数,77.1753,97.1902,48.2258,75.0294,,1819.6292,895.5013,1768.6838,948.1186,83.3333,0.0345,0.3826,5.02,8.9097,24.9706,0,0,0,[],[],True,False,False,有效,1.0
000567,海德股份,加速/反转观察,反转/低基数,77.1614,93.8569,57.148,67.1014,,452.3419,815.7659,470.6451,799.1433,50.0,-0.0088,-0.0122,21.45,72.307,32.8986,0,0,0,[],[],True,True,False,有效,1.0
002709,天赐材料,加速/反转观察,反转/低基数,77.1532,94.8813,57.2482,63.7788,,109.2768,967.9121,76.2723,786.4832,66.6667,0.027,0.1388,15.0,19.3531,36.2212,0,0,0,[],[],True,False,False,有效,1.0
603132,金徽股份,成长质量优先,持续成长,76.8131,84.0118,85.8644,37.1144,,37.0027,61.5174,25.0053,46.2238,100.0,0.5343,1.4174,12.26,37.6974,62.8856,0,0,0,[],[],False,False,False,有效,1.0
000776,广发证券,成长质量优先,持续成长,76.7722,87.8921,90.7756,15.4057,,74.5857,80.0957,40.2556,37.9167,100.0,1.1183,2.5801,8.08,47.4982,84.5943,0,0,0,[],[],False,False,True,有效,1.0
600938,中国海油,加速/反转观察,加速成长,76.5507,71.5058,86.6945,71.3977,,16.8837,23.4205,22.1835,34.9142,66.6667,0.5837,1.6504,10.21,35.3865,28.6023,0,0,0,[],[],False,False,False,有效,1.0
002289,宇顺电子,加速/反转观察,反转/低基数,76.5326,97.1902,78.9658,9.6933,,306.7871,6380.8404,258.1475,6363.8469,83.3333,0.2782,0.5428,78.71,51.4619,90.3067,0,0,0,[],[],True,False,True,有效,1.0
600037,歌华有线,加速/反转观察,反转/低基数,76.4523,93.126,48.5453,82.2452,,44.4791,2301.633,48.5577,2152.2765,66.6667,0.0706,0.4458,1.67,15.8291,17.7548,0,0,0,[],[],True,False,False,有效,1.0
601069,西部黄金,成长质量优先,持续成长,76.3672,94.336,68.6308,37.9334,,119.6208,315.6739,25.819,229.5808,100.0,0.1254,2.534,10.92,4.9505,62.0666,0,0,0,[],[],True,False,False,有效,1.0
002497,雅化集团,加速/反转观察,反转/低基数,76.3244,96.5062,48.2253,71.9775,,96.0196,795.4823,85.2947,649.53,83.3333,-0.0616,-0.3398,10.73,19.173,28.0225,0,0,0,[],[],True,True,False,有效,1.0
000973,佛塑科技,加速/反转观察,反转/低基数,76.245,95.5236,61.018,48.8635,,259.6122,1608.1199,259.4807,1617.8291,66.6667,0.0577,0.247,11.19,23.0848,51.1365,0,0,0,[],[],True,False,False,有效,1.0
002810,山东赫达,加速/反转观察,加速成长,76.2118,82.8624,76.5814,55.5209,,26.0455,88.2655,28.3286,124.3283,66.6667,0.2261,1.3002,9.28,18.6829,44.4791,0,0,0,[],[],False,False,False,有效,1.0
002645,华宏科技,加速/反转观察,反转/低基数,76.1399,91.1395,61.111,61.1992,,77.1295,330.2963,36.6212,172.8346,66.6667,0.0866,1.4138,8.12,6.7043,38.8008,0,0,0,[],[],True,False,False,有效,1.0
601688,华泰证券,成长质量优先,持续成长,76.0454,85.4874,91.9068,15.9967,,45.8621,54.8662,39.0279,48.1414,100.0,3.3322,6.7427,6.3,49.4627,84.0033,0,0,0,[],[],False,False,True,有效,1.0
603119,浙江荣泰,成长质量优先,持续成长,75.9223,78.1099,78.6459,63.9125,,56.9259,21.6683,35.6888,0.7646,100.0,0.2842,1.7005,7.15,17.3864,36.0875,0,0,0,[],[],False,False,False,有效,1.0
002210,飞马国际,加速/反转观察,反转/低基数,75.8088,81.9839,70.3674,68.1661,,15.768,556.6721,4.6365,602.5901,66.6667,0.3249,2.392,1.84,13.6651,31.8339,0,0,0,[],[],True,False,False,有效,1.0
600030,中信证券,成长质量优先,持续成长,75.7629,84.5302,93.2663,14.4544,,50.0035,69.6015,21.2085,31.0256,100.0,2.1255,4.5246,7.81,48.0712,85.5456,0,0,0,[],[],False,False,True,有效,1.0
601066,中信建投,加速/反转观察,加速成长,75.753,84.1887,93.6668,14.6184,,51.1077,69.437,28.7014,38.7554,83.3333,3.7484,7.9631,8.27,47.0837,85.3816,0,0,0,[],[],False,False,True,有效,1.0
605289,罗曼股份,加速/反转观察,反转/低基数,75.7314,80.2349,81.5912,50.5015,,118.1101,444.1003,-56.0704,188.0101,83.3333,0.5138,6.7322,5.34,10.671,49.4985,0,0,0,[],[],True,False,False,有效,1.0
600872,中炬高新,加速/反转观察,加速成长,75.6434,78.0189,75.8205,68.1625,,19.2313,61.2461,43.1283,101.1088,50.0,0.2436,1.4953,7.05,16.5055,31.8375,0,0,0,[],[],False,False,False,有效,1.0
603061,金海通,观察,增速观察,75.5887,83.8535,65.0397,71.8923,,95.4074,125.2134,23.7246,0.2874,83.3333,0.0962,0.3378,9.93,28.4952,28.1077,0,0,0,[],[],False,False,False,有效,1.0
600906,财达证券,成长质量优先,持续成长,75.267,90.8415,79.2503,20.5767,,67.9217,104.5893,57.1808,95.7707,100.0,0.4146,1.1222,6.06,36.9458,79.4233,0,0,0,[],[],False,False,True,有效,1.0
000155,川能动力,加速/反转观察,加速成长,75.2429,88.4514,68.0236,50.056,,124.7807,130.7255,106.9492,161.5961,50.0,0.139,0.6576,6.52,34.7064,49.944,0,0,0,[],[],False,False,False,有效,1.0
603893,瑞芯微,成长质量优先,持续成长,75.2282,72.5446,79.5045,74.7264,,40.6036,61.7312,0.2474,-13.0912,100.0,0.2782,0.9317,18.34,29.8634,25.2736,0,0,0,[],[],False,False,False,有效,1.0
600183,生益科技,成长质量优先,持续成长,75.219,85.5125,72.5525,49.6715,,50.0455,130.424,10.5974,38.6708,100.0,0.1568,0.9076,18.17,19.5412,50.3285,0,0,0,[],[],False,False,False,有效,1.0
002956,西麦食品,成长质量优先,持续成长,75.1869,78.4267,71.9107,72.0201,,22.032,81.8825,3.9202,52.9549,100.0,0.1716,1.6233,8.8,10.6358,27.9799,0,0,0,[],[],False,False,False,有效,1.0
603256,宏和科技,成长质量优先,持续成长,75.1741,82.4125,78.1426,50.0512,71.38,90.3889,334.3189,50.0836,-451.2296,100.0,0.2658,0.7339,15.28,36.2161,49.9488,18,17,4,"['业绩兑现', '产能产品', '研发技术', '行业景气', '需求订单']","['业绩风险', '扩张不确定', '治理监管', '经营质量']",True,False,False,有效,1.0
002460,赣锋锂业,加速/反转观察,反转/低基数,75.0728,95.4125,59.6592,44.881,,175.7483,901.3649,153.6641,723.5939,66.6667,0.0575,0.312,9.09,19.1854,55.119,0,0,0,[],[],True,False,False,有效,1.0
002297,博云新材,加速/反转观察,反转/低基数,75.0207,96.2418,47.7731,65.8525,,88.3314,1911.6026,60.5625,1719.5994,83.3333,-0.0584,-0.2558,7.69,23.2495,34.1475,0,0,0,[],[],True,True,False,有效,1.0
603980,吉华集团,加速/反转观察,反转/低基数,74.9301,82.9163,55.9898,88.8521,,12.2724,1235.4653,19.261,1303.5856,50.0,0.1389,2.3962,1.175,5.4418,11.1479,0,0,0,[],[],True,False,False,有效,1.0
002532,天山铝业,加速/反转观察,加速成长,74.8579,77.8184,76.8533,61.9853,,14.2464,100.4374,9.217,92.3026,83.3333,0.2293,0.9612,13.42,23.7825,38.0147,0,0,0,[],[],False,False,False,有效,1.0
002812,恩捷股份,加速/反转观察,反转/低基数,74.8053,90.8776,60.1884,55.8225,,50.4662,980.9879,16.3341,855.3643,66.6667,0.134,1.416,3.15,11.0041,44.1775,0,0,0,[],[],True,False,False,有效,1.0
002326,永太科技,成长质量优先,持续成长,74.7982,93.7053,71.4515,24.7707,,43.5712,365.7356,29.9706,275.373,100.0,0.1545,2.1136,9.75,7.916,75.2293,0,0,0,[],[],True,False,True,有效,1.0
603093,南华期货,加速/反转观察,加速成长,74.7532,85.5341,92.1346,7.6479,,48.1764,67.9148,45.7222,61.7374,83.3333,6.1573,13.9403,6.76,44.2098,92.3521,0,0,0,[],[],False,False,True,有效,1.0
002969,嘉美包装,加速/反转观察,反转/低基数,74.7062,80.5803,65.4634,75.5693,,9.1154,256.4859,21.1439,309.234,66.6667,0.2154,4.197,2.27,5.1326,24.4307,0,0,0,[],[],True,False,False,有效,1.0
000949,新乡化纤,加速/反转观察,反转/低基数,74.6831,86.0547,68.2036,53.5275,,22.4908,449.0482,15.8245,468.4127,66.6667,0.1787,2.3749,5.02,7.5248,46.4725,0,0,0,[],[],True,False,False,有效,1.0
601168,西部矿业,成长质量优先,持续成长,74.6425,80.234,80.4372,46.2783,,24.7433,123.0349,1.4329,98.7767,100.0,0.2117,2.0025,20.41,16.1196,53.7217,0,0,0,[],[],False,False,False,有效,1.0
600595,中孚实业,加速/反转观察,加速成长,74.5119,86.5564,60.3308,66.7404,,34.8459,165.8435,33.4965,36.0117,83.3333,0.0711,0.5391,10.42,12.8016,33.2596,0,0,0,[],[],False,False,False,有效,1.0
000893,亚钾国际,观察,增速观察,74.4212,69.7253,84.1604,69.0306,,51.5333,57.9274,1.4475,-18.0472,66.6667,0.4847,1.3719,9.63,35.3653,30.9694,0,0,0,[],[],False,False,False,有效,1.0
600918,中泰证券,加速/反转观察,加速成长,74.4098,86.9278,83.9626,17.7503,,46.2977,146.3777,28.7226,93.3062,66.6667,0.7225,3.1074,3.73,25.5476,82.2497,0,0,0,[],[],False,False,True,有效,1.0
600971,恒源煤电,加速/反转观察,反转/低基数,74.3313,87.34,67.6767,48.6143,,44.8213,224.7899,65.471,342.6782,33.3333,0.4169,8.9011,1.36,4.9393,51.3857,0,0,0,[],[],True,False,False,有效,1.0
001258,立新能源,加速/反转观察,反转/低基数,74.2556,89.5611,75.871,25.1085,,29.7534,715.7531,20.5591,646.2133,66.6667,0.4414,3.8922,2.37,12.497,74.8915,0,0,0,[],[],True,False,True,有效,1.0
601061,中信金属,成长质量优先,持续成长,74.0381,86.5222,68.7158,47.2304,,36.5315,84.5472,26.9663,64.389,100.0,0.1147,3.7306,11.02,3.0754,52.7696,0,0,0,[],[],False,False,False,有效,1.0
601995,中金公司,加速/反转观察,加速成长,73.8555,81.0507,92.8515,14.2779,,50.4713,89.3493,16.9669,17.4149,66.6667,3.2971,7.762,7.6,42.8388,85.7221,0,0,0,[],[],False,False,True,有效,1.0
605098,行动教育,成长质量优先,持续成长,73.8422,76.3588,85.7273,42.5221,,24.4397,30.6707,20.8936,11.5508,100.0,0.5194,1.2945,16.16,40.2795,57.4779,0,0,0,[],[],False,False,False,有效,1.0
601000,唐山港,加速/反转观察,加速成长,73.6956,66.2782,76.1075,91.1239,,15.1831,13.9715,15.8923,12.9823,66.6667,0.3701,1.096,4.63,37.2888,8.8761,0,0,0,[],[],False,False,False,有效,1.0
002156,通富微电,成长质量优先,持续成长,73.577,85.7519,74.1724,35.8615,,23.0305,316.7657,6.1148,236.906,100.0,0.1828,1.7076,10.54,11.0577,64.1385,0,0,0,[],[],True,False,False,有效,1.0
603993,洛阳钼业,加速/反转观察,加速成长,73.5409,85.4234,68.5665,47.842,,42.7839,86.2727,45.7624,35.9719,83.3333,0.1207,1.0112,18.29,13.6345,52.158,0,0,0,[],[],False,False,False,有效,1.0
600497,驰宏锌锗,加速/反转观察,加速成长,73.4908,74.6959,71.3935,74.0698,,30.7773,70.5835,2.8194,90.4922,50.0,0.1644,1.4303,9.4105,11.4531,25.9302,0,0,0,[],[],False,False,False,有效,1.0
002379,宏桥控股,成长质量优先,持续成长,73.4267,76.7325,77.5891,55.1842,,11.9504,77.0241,7.7033,73.3344,100.0,0.2162,1.1953,30.26,18.0861,44.8158,0,0,0,[],[],False,False,False,有效,1.0
002384,东山精密,加速/反转观察,反转/低基数,73.3425,93.314,62.3102,35.4923,,63.9482,290.0891,54.8254,262.4165,83.3333,0.0858,0.8062,12.88,10.737,64.5077,0,0,0,[],[],True,False,False,有效,1.0
603259,药明康德,观察,增速观察,73.3403,68.838,80.6886,72.1505,,38.935,29.4279,23.0978,-73.2172,66.6667,0.3356,0.8754,13.19,38.5028,27.8495,0,0,0,[],[],False,False,False,有效,1.0
002382,蓝帆医疗,加速/反转观察,反转/低基数,73.3185,87.5574,57.8691,61.5003,,29.6662,179.7212,37.8776,250.0367,66.6667,0.1135,4.396,1.34,5.6777,38.4997,0,0,0,[],[],True,False,False,有效,1.0
000833,粤桂股份,加速/反转观察,加速成长,73.2881,91.5016,54.3168,56.5899,,72.3656,182.7589,62.983,110.4637,83.3333,-0.014,-0.0493,15.79,28.1386,43.4101,0,0,0,[],[],False,True,False,有效,1.0
605060,联德股份,观察,增速观察,73.2303,69.7677,73.0912,83.8964,,24.5733,27.5983,10.3864,6.1426,66.6667,0.2373,1.2454,5.49,19.2055,16.1036,0,0,0,[],[],False,False,False,有效,1.0
603156,养元饮品,加速/反转观察,加速成长,73.1543,74.5234,73.3277,68.6999,,41.9749,14.8037,53.8867,41.6412,50.0,0.1984,0.8131,9.17,24.3973,31.3001,0,0,0,[],[],False,False,False,有效,1.0
603507,振江股份,加速/反转观察,反转/低基数,73.1078,93.842,65.0613,26.9983,,56.1044,854.7462,55.4543,892.2271,66.6667,0.1277,2.4401,5.81,5.3531,73.0017,0,0,0,[],[],True,False,True,有效,1.0
603992,松霖科技,加速/反转观察,加速成长,73.0499,84.8395,51.8958,79.989,,43.9553,66.1768,57.0543,120.1631,66.6667,0.062,0.6579,4.57,9.4246,20.011,0,0,0,[],[],False,False,False,有效,1.0
002077,大港股份,观察,增速观察,72.9244,75.2585,64.886,81.9986,,45.5539,71.7438,39.955,-53.1351,66.6667,0.2468,1.0552,1.62,24.6109,18.0014,0,0,0,[],[],False,False,False,有效,1.0
601600,中国铝业,成长质量优先,持续成长,72.9021,72.7928,80.8978,57.2386,,7.7353,67.9069,6.0416,65.6525,100.0,0.2094,2.2123,14.67,17.1403,42.7614,0,0,0,[],[],False,False,False,有效,1.0
600816,建元信托,基础数据不足,反转/低基数,72.8765,89.9632,54.2293,58.9105,,,2559.0805,,2438.9317,50.0,,0.1654,7.28,,41.0895,0,0,0,[],[],True,False,False,基础数据不足,0.6
600546,山煤国际,加速/反转观察,加速成长,72.8675,76.975,77.7419,50.7965,,21.6252,54.1291,52.3704,102.7076,33.3333,0.2473,2.5364,6.06,13.8789,49.2035,0,0,0,[],[],False,False,False,有效,1.0
603193,润本股份,成长质量优先,持续成长,72.8481,66.9579,72.2075,91.7999,,17.7365,20.0324,0.5449,15.255,100.0,0.1789,0.8378,9.72,21.3585,8.2001,0,0,0,[],[],False,False,False,有效,1.0
601101,昊华能源,加速/反转观察,加速成长,72.7765,73.2604,81.195,54.4879,,9.4584,66.1378,21.614,116.7041,50.0,0.3373,2.1792,6.03,20.5754,45.5121,0,0,0,[],[],False,False,False,有效,1.0
601156,东航物流,成长质量优先,持续成长,72.7639,72.7315,78.8537,60.6815,,26.6169,10.055,25.7491,10.0363,100.0,0.2834,2.8474,6.95,11.2113,39.3185,0,0,0,[],[],False,False,False,有效,1.0
002067,景兴纸业,加速/反转观察,加速成长,72.7427,81.0717,63.1651,66.9108,,20.222,152.9518,10.5057,175.1317,66.6667,0.19,4.314,2.07,4.5121,33.0892,0,0,0,[],[],False,False,False,有效,1.0
603435,嘉德利,观察,增速观察,72.7141,68.0491,73.1151,85.9068,,21.345,8.706,18.1677,6.3519,83.3333,0.2032,0.6673,8.51,30.4526,14.0932,0,0,0,[],[],False,False,False,有效,0.9
600176,中国巨石,加速/反转观察,加速成长,72.7091,75.5745,74.7022,60.1266,,22.5026,73.8719,3.4238,39.487,83.3333,0.2172,0.8263,9.06,27.1428,39.8734,0,0,0,[],[],False,False,False,有效,1.0
002064,华峰化学,加速/反转观察,加速成长,72.5385,79.0084,61.472,75.2619,,16.7264,101.6448,26.8751,117.9696,50.0,0.0969,0.6924,7.03,14.0063,24.7381,0,0,0,[],[],False,False,False,有效,1.0
600316,洪都航空,成长质量优先,持续成长,72.5304,93.0916,60.3268,35.2539,,79.9664,171.9326,38.1338,170.5978,100.0,0.3537,80.2115,0.22,0.441,64.7461,0,0,0,[],[],False,False,False,有效,1.0
603155,新亚强,加速/反转观察,加速成长,72.4873,74.5966,60.6985,89.7369,,27.3043,22.4153,45.1598,50.8053,50.0,0.1505,0.8525,3.14,17.6965,10.2631,0,0,0,[],[],False,False,False,有效,1.0
603738,泰晶科技,加速/反转观察,加速成长,72.4643,77.6395,60.3151,81.2368,,18.9069,129.9274,3.9633,170.2976,66.6667,0.1472,1.5845,2.8,9.5311,18.7632,0,0,0,[],[],False,False,False,有效,1.0
002001,新和成,成长质量优先,持续成长,72.449,67.5082,78.5632,75.0429,,18.2752,11.3065,15.3054,-3.9554,100.0,0.2773,0.9076,11.39,30.6798,24.9571,0,0,0,[],[],False,False,False,有效,1.0
002832,比音勒芬,加速/反转观察,加速成长,72.4261,71.8336,73.8695,71.3166,,23.6555,18.4142,15.9279,47.875,66.6667,0.2008,1.0647,8.87,18.8579,28.6834,0,0,0,[],[],False,False,False,有效,1.0
600988,赤峰黄金,成长质量优先,持续成长,72.4252,68.2917,79.6487,70.3785,,33.1131,56.4992,-6.913,-18.2046,100.0,0.2679,1.0855,12.31,30.0003,29.6215,0,0,0,[],[],False,False,False,有效,1.0
000301,东方盛虹,加速/反转观察,反转/低基数,72.2765,84.4845,79.817,20.5716,,14.7874,1065.1027,23.567,959.2796,50.0,0.2594,4.0299,12.39,6.5666,79.4284,0,0,0,[],[],True,False,True,有效,1.0
002185,华天科技,观察,持续成长,72.2095,90.1677,57.1305,48.493,,35.0936,259.1522,16.0619,243.8569,100.0,0.0963,1.2444,4.44,8.0693,51.507,0,0,0,[],[],True,False,False,有效,1.0
603223,恒通股份,加速/反转观察,加速成长,72.1993,73.1892,67.8528,77.9224,,7.6367,85.4872,39.6864,13.8189,66.6667,0.2007,0.7843,4.51,26.2229,22.0776,0,0,0,[],[],False,False,False,有效,1.0
000430,张家界,加速/反转观察,反转/低基数,72.113,80.1301,59.6085,73.0705,,9.3362,1026.8008,3.0765,1021.1868,83.3333,0.0208,0.0143,20.94,145.3575,26.9295,0,0,0,[],[],True,False,False,有效,1.0
605016,百龙创园,成长质量优先,持续成长,72.1115,61.4318,87.4659,73.442,,16.9868,24.0627,-2.7589,-25.9994,100.0,0.5808,2.0939,9.92,27.7348,26.558,0,0,0,[],[],False,False,False,有效,1.0
002151,北斗星通,加速/反转观察,反转/低基数,72.0845,81.448,53.7563,80.6503,,38.4787,2784.1766,-9.1941,2757.7033,66.6667,0.1139,3.4402,0.84,2.4533,19.3497,0,0,0,[],[],True,False,False,有效,1.0
601086,国芳集团,加速/反转观察,反转/低基数,72.0347,76.3242,73.0028,57.2299,,10.3458,214.0915,4.639,192.9359,66.6667,0.2682,1.5916,4.34,16.8538,42.7701,0,0,0,[],[],True,False,False,有效,1.0
600310,广西能源,加速/反转观察,反转/低基数,72.0065,83.5807,79.1945,22.908,,17.3983,275.1101,22.9595,710.028,50.0,0.3687,5.7051,4.41,11.8049,77.092,0,0,0,[],[],True,False,True,有效,1.0
601958,金钼股份,加速/反转观察,加速成长,71.9794,69.8405,66.9386,88.4774,,13.7857,25.9499,11.8434,20.1754,83.3333,0.1199,0.5452,8.79,24.4088,11.5226,0,0,0,[],[],False,False,False,有效,1.0
600989,宝丰能源,成长质量优先,持续成长,71.9696,68.6006,83.9261,58.1639,,32.3321,70.1374,-13.3119,-8.955,100.0,0.3962,1.2299,18.61,32.2139,41.8361,0,0,0,[],[],False,False,False,有效,1.0
603444,吉比特,观察,增速观察,71.8806,64.6445,82.907,77.3895,63.1,48.0138,69.3142,-19.8756,-20.5079,66.6667,0.3415,1.1661,18.57,34.2236,22.6105,19,14,5,"['业绩兑现', '产能产品', '研发技术']","['业绩风险', '扩张不确定', '治理监管']",False,False,False,有效,1.0
603508,思维列控,成长质量优先,持续成长,71.8375,57.3674,82.2464,94.43,,5.7308,4.6474,5.4359,3.2315,100.0,0.4921,1.1289,7.75,45.2148,5.57,0,0,0,[],[],False,False,False,有效,1.0
603099,长白山,加速/反转观察,加速成长,71.8255,82.3268,49.9514,84.0701,,17.7442,161.8384,11.7631,172.1711,83.3333,0.1096,23.9646,0.08,0.2538,15.9299,0,0,0,[],[],False,False,False,有效,1.0
002463,沪电股份,成长质量优先,持续成长,71.8222,84.6475,64.5948,47.801,,61.1683,73.7221,19.1666,25.9851,100.0,0.0841,0.3936,17.38,21.3534,52.199,0,0,0,[],[],False,False,False,有效,1.0
002745,木林森,加速/反转观察,反转/低基数,71.7037,85.532,61.8835,49.859,,23.6836,330.6765,20.5582,825.8866,50.0,0.1115,1.6503,5.6,6.8354,50.141,0,0,0,[],[],True,False,False,有效,1.0
603027,千禾味业,加速/反转观察,加速成长,71.699,61.9182,78.6227,87.1938,,6.3456,15.8488,22.6627,48.2469,33.3333,0.3215,2.2432,5.79,14.3317,12.8062,0,0,0,[],[],False,False,False,有效,1.0
600428,中远海特,成长质量优先,持续成长,71.6554,75.9251,79.9656,42.2256,,34.0667,66.2359,-4.2541,49.9425,100.0,0.2597,2.736,7.89,13.3944,57.7744,0,0,0,[],[],False,False,False,有效,1.0
003022,联泓新科,加速/反转观察,加速成长,71.6524,90.2431,63.6262,31.9326,,84.3071,165.6821,83.1964,135.283,66.6667,0.1186,1.4902,5.59,9.4207,68.0674,0,0,0,[],[],False,False,False,有效,1.0
605020,永和股份,成长质量优先,持续成长,71.6324,75.8628,67.5521,67.1019,,28.1591,89.0051,15.1207,-34.4527,100.0,0.1353,0.8269,8.59,16.418,32.8981,0,0,0,[],[],False,False,False,有效,1.0
603203,快克智能,加速/反转观察,加速成长,71.5864,74.2986,70.5942,65.4345,,31.8164,13.9666,17.4885,48.7488,83.3333,0.1564,0.6864,10.09,23.2382,34.5655,0,0,0,[],[],False,False,False,有效,1.0
000070,特发信息,加速/反转观察,反转/低基数,71.5806,85.3644,74.1594,25.0717,,19.4087,1007.517,19.2468,1030.625,50.0,0.2255,8.5549,5.98,6.1329,74.9283,0,0,0,[],[],True,False,True,有效,1.0
603530,神马电力,成长质量优先,持续成长,71.5631,68.4372,79.8974,64.2725,,26.9757,34.0095,-0.9677,-4.9143,100.0,0.2823,1.1758,11.46,24.0121,35.7275,0,0,0,[],[],False,False,False,有效,1.0
002926,华西证券,成长质量优先,持续成长,71.5414,77.9354,86.2877,22.867,,30.8181,89.7064,13.064,-12.2714,100.0,3.2237,8.9992,3.84,35.8133,77.133,0,0,0,[],[],False,False,True,有效,1.0
002491,通鼎互联,加速/反转观察,反转/低基数,71.5139,90.792,56.2806,44.1461,,61.456,326.0428,44.3758,524.834,50.0,0.0582,0.7064,7.88,9.4073,55.8539,0,0,0,[],[],True,False,False,有效,1.0
000089,深圳机场,成长质量优先,持续成长,71.499,72.1167,81.162,50.3202,,6.1185,135.9726,-2.0904,117.4267,100.0,0.4236,1.5425,6.17,27.8067,49.6798,0,0,0,[],[],False,False,False,有效,1.0
601899,紫金矿业,成长质量优先,持续成长,71.4726,71.152,82.4672,50.4453,,15.7817,68.1703,0.8169,6.6216,100.0,0.2857,1.4162,19.6,25.653,49.5547,0,0,0,[],[],False,False,False,有效,1.0
600078,澄星股份,加速/反转观察,反转/低基数,71.4067,87.2224,65.402,35.9694,,20.3681,533.7505,13.2068,429.4909,83.3333,0.1056,1.9201,6.77,8.3493,64.0306,0,0,0,[],[],True,False,False,有效,1.0
600251,冠农股份,观察,增速观察,71.401,65.1905,81.8212,69.1919,,0.2818,79.0908,28.6855,8.7831,50.0,0.3685,0.9532,13.34,39.485,30.8081,0,0,0,[],[],False,False,False,有效,1.0
600155,华创云信,加速/反转观察,反转/低基数,71.3935,83.6854,73.4956,30.3134,,33.9412,202.6463,40.0207,7.9273,66.6667,1.4865,10.951,1.19,8.9799,69.6866,0,0,0,[],[],True,False,False,有效,1.0
601218,吉鑫科技,加速/反转观察,反转/低基数,71.3384,69.1949,73.9156,72.6146,,39.3293,46.1373,23.7236,-297.67,66.6667,0.2935,2.4531,3.96,11.9651,27.3854,0,0,0,[],[],True,False,False,有效,1.0
603489,八方股份,加速/反转观察,反转/低基数,71.3231,86.625,42.3393,83.3849,,33.8084,233.2748,35.2791,172.2316,50.0,-0.0014,-0.0113,3.86,12.4776,16.6151,0,0,0,[],[],True,True,False,有效,1.0
605358,立昂微,加速/反转观察,反转/低基数,71.3158,83.5045,59.3543,58.673,,25.7226,166.1071,9.5987,119.7065,83.3333,0.1769,4.412,1.13,3.4839,41.327,0,0,0,[],[],True,False,False,有效,1.0
003018,金富科技,加速/反转观察,加速成长,71.1877,88.0377,51.9673,59.0783,,82.3785,93.87,97.1827,122.4258,66.6667,0.024,0.184,5.86,18.4594,40.9217,0,0,0,[],[],False,False,False,有效,1.0
603025,大豪科技,成长质量优先,持续成长,71.1781,72.4412,74.9471,59.8508,,23.3648,33.4465,4.6668,11.9041,100.0,0.1942,0.6676,18.87,31.3532,40.1492,0,0,0,[],[],False,False,False,有效,1.0
000686,东北证券,成长质量优先,持续成长,71.1383,79.8697,85.5421,16.1364,,29.3799,77.4926,11.6031,11.3622,100.0,2.4686,8.5501,3.75,29.8653,83.8636,0,0,0,[],[],False,False,True,有效,1.0
600426,华鲁恒升,加速/反转观察,加速成长,71.108,72.0477,68.9851,72.5345,,8.8738,49.9791,18.3904,65.0229,66.6667,0.1569,1.1441,6.87,14.8237,27.4655,0,0,0,[],[],False,False,False,有效,1.0
002979,雷赛智能,观察,持续成长,71.0836,84.3223,56.3433,60.8482,,39.9166,62.7909,21.6399,50.3659,100.0,0.0348,0.224,10.23,15.9492,39.1518,0,0,0,[],[],False,False,False,有效,1.0
002134,天津普林,加速/反转观察,反转/低基数,70.9837,92.9679,56.9465,33.1056,,43.4659,560.0582,21.2658,645.9885,83.3333,0.0508,1.0812,8.55,7.2863,66.8944,0,0,0,[],[],True,False,False,有效,1.0
000750,国海证券,成长质量优先,持续成长,70.9394,77.2041,82.2951,29.4337,,39.4362,48.9551,32.2136,-30.6109,100.0,3.2526,13.062,2.41,26.3559,70.5663,0,0,0,[],[],False,False,True,有效,1.0
002752,昇兴股份,加速/反转观察,加速成长,70.8954,78.1435,71.3929,48.1562,,16.2799,65.2906,15.6676,92.7309,83.3333,0.1897,2.9214,6.72,6.4596,51.8438,0,0,0,[],[],False,False,False,有效,1.0
601878,浙商证券,加速/反转观察,加速成长,70.8512,77.7247,87.1482,17.6365,,49.3295,40.2096,13.3752,15.3353,83.3333,2.7422,9.7077,4.31,32.6716,82.3635,0,0,0,[],[],False,False,True,有效,1.0
000737,北方铜业,加速/反转观察,加速成长,70.8376,91.8673,55.8896,37.6446,,69.3345,186.6146,53.5335,157.6016,83.3333,0.0496,0.77,18.66,6.4353,62.3554,0,0,0,[],[],False,False,False,有效,1.0
601339,百隆东方,观察,增速观察,70.8284,69.5666,74.0213,68.2279,,19.0285,43.4512,20.0471,-16.5125,66.6667,0.2313,1.7672,5.96,13.0907,31.7721,0,0,0,[],[],False,False,False,有效,1.0
600711,盛屯矿业,加速/反转观察,加速成长,70.7797,84.0113,67.1696,38.3053,,39.5572,71.3723,22.9535,73.5651,83.3333,0.1186,1.2666,10.471,10.2422,61.6947,0,0,0,[],[],False,False,False,有效,1.0
600770,综艺股份,观察,持续成长,70.7759,78.7256,54.4887,79.5013,,55.1842,136.9176,19.5225,-124.2048,100.0,0.1164,0.8166,1.38,17.9778,20.4987,0,0,0,[],[],True,False,False,有效,1.0
002407,多氟多,加速/反转观察,反转/低基数,70.7106,93.8837,51.7935,39.0257,,62.5493,897.1941,48.1842,728.2198,66.6667,0.0478,0.6572,5.94,8.1573,60.9743,0,0,0,[],[],True,False,False,有效,1.0
601877,正泰电器,观察,增速观察,70.6655,74.8599,82.0434,35.3266,,28.4618,22.2263,36.7919,6.0398,83.3333,0.3463,4.2108,6.85,10.704,64.6734,0,0,0,[],[],False,False,False,有效,1.0
601918,新集能源,加速/反转观察,加速成长,70.649,76.9222,78.5047,36.1183,,35.8202,32.271,39.3317,43.0046,50.0,0.2823,1.8303,6.96,16.1099,63.8817,0,0,0,[],[],False,False,False,有效,1.0
002552,宝鼎科技,加速/反转观察,反转/低基数,70.6398,93.5058,51.8794,39.5623,,54.6914,518.6297,45.9604,568.459,66.6667,0.0323,0.5118,8.68,7.6928,60.4377,0,0,0,[],[],True,False,False,有效,1.0
600521,华海药业,加速/反转观察,加速成长,70.6319,75.8912,75.1728,45.7726,,8.7786,88.2621,18.8366,164.4548,66.6667,0.2235,1.4244,7.92,15.614,54.2274,0,0,0,[],[],False,False,False,有效,1.0
002797,第一创业,加速/反转观察,加速成长,70.6258,75.3929,85.5699,26.4362,,18.4755,41.669,14.1042,48.5546,83.3333,0.966,3.0482,3.94,32.4434,73.5638,0,0,0,[],[],False,False,True,有效,1.0
600763,通策医疗,成长质量优先,持续成长,70.6123,64.6235,77.0963,75.6112,,4.102,32.7044,2.7336,32.5165,100.0,0.2524,0.8733,9.53,32.8291,24.3888,0,0,0,[],[],False,False,False,有效,1.0
000629,钒钛股份,加速/反转观察,反转/低基数,70.5904,82.3545,44.9154,86.648,,17.446,211.097,50.141,343.816,33.3333,0.0551,1.2427,1.77,4.955,13.352,0,0,0,[],[],True,False,False,有效,1.0
002083,孚日股份,加速/反转观察,加速成长,70.5782,75.2416,67.5684,62.608,,12.7803,64.0107,15.3315,40.8543,83.3333,0.1397,1.0114,8.22,13.6488,37.392,0,0,0,[],[],False,False,False,有效,1.0
002266,浙富控股,加速/反转观察,加速成长,70.5415,84.6404,62.4548,44.4181,,26.2833,139.4538,15.2771,124.3969,83.3333,0.0901,0.893,10.71,10.3491,55.5819,0,0,0,[],[],False,False,False,有效,1.0
000783,长江证券,观察,增速观察,70.4495,72.3683,93.5633,18.4657,,58.5992,83.8003,-1.2637,-17.644,83.3333,3.8392,8.9305,8.39,43.0422,81.5343,0,0,0,[],[],False,False,True,有效,1.0
002833,弘亚数控,加速/反转观察,加速成长,70.3927,66.3702,76.4619,70.322,,21.7489,5.0887,31.5926,21.8627,50.0,0.2381,1.4055,8.52,17.1703,29.678,0,0,0,[],[],False,False,False,有效,1.0
600508,上海能源,加速/反转观察,加速成长,70.2837,76.4696,66.9736,58.3462,,27.2059,38.0157,46.2994,107.2119,33.3333,0.2499,3.9231,2.23,5.7017,41.6538,0,0,0,[],[],False,False,False,有效,1.0
603198,迎驾贡酒,加速/反转观察,加速成长,70.2726,60.8652,79.7277,79.5847,,8.0798,2.7892,26.1229,26.1017,66.6667,0.3147,0.9254,10.74,34.0882,20.4153,0,0,0,[],[],False,False,False,有效,1.0
600150,中国船舶,成长质量优先,持续成长,70.2725,85.0851,64.3946,37.5908,,26.0053,163.5087,12.0368,77.5091,100.0,0.1193,1.0969,6.71,11.6561,62.4092,0,0,0,[],[],False,False,False,有效,1.0
002274,华昌化工,加速/反转观察,反转/低基数,70.2437,86.9146,45.6493,69.4197,,24.8486,1026.8957,42.8099,1166.0884,33.3333,0.0491,1.6018,2.33,3.1306,30.5803,0,0,0,[],[],True,False,False,有效,1.0
002925,盈趣科技,加速/反转观察,加速成长,70.0725,83.2061,55.2207,60.3756,,40.2068,145.0875,24.5932,15.6605,66.6667,0.0514,0.3881,6.49,13.761,39.6244,0,0,0,[],[],False,False,False,有效,1.0
002980,华盛昌,加速/反转观察,加速成长,70.0553,83.9273,56.9162,54.7174,,37.0935,72.9436,37.6136,108.6095,66.6667,0.06,0.382,6.53,15.6361,45.2826,0,0,0,[],[],False,False,False,有效,1.0
603638,艾迪精密,观察,持续成长,70.0216,83.2665,52.9579,64.4144,,44.2065,47.7071,26.9139,33.3114,100.0,0.0252,0.1865,7.96,14.2775,35.5856,0,0,0,[],[],False,False,False,有效,1.0
002546,新联电子,加速/反转观察,加速成长,70.0169,76.1455,51.6382,88.3887,,8.2522,140.9506,18.4837,24.0949,83.3333,-0.0865,-0.0779,11.36,110.9435,11.6113,0,0,0,[],[],False,True,False,有效,1.0
600061,国投资本,观察,增速观察,69.9881,76.5671,87.8875,14.452,,76.3606,29.2878,14.3147,7.5751,83.3333,1306.0751,19.1468,4.0,6690.423,85.548,0,0,0,[],[],False,False,True,有效,1.0
600995,南网储能,成长质量优先,持续成长,69.9102,69.5738,82.2507,46.2385,,24.83,33.6052,5.3381,-16.2865,100.0,0.5554,2.0574,4.8,32.1092,53.7615,0,0,0,[],[],False,False,False,有效,1.0
603929,亚翔集成,加速/反转观察,反转/低基数,69.8527,91.6775,50.2505,43.5826,,51.3555,204.7986,60.167,164.5007,83.3333,-0.0514,-0.2671,20.91,19.1957,56.4174,0,0,0,[],[],True,True,False,有效,1.0
601123,马矿股份,字段覆盖不足,增速观察,69.8252,54.292,83.848,88.3788,,6.4215,15.7025,,,33.3333,0.4573,1.2142,10.59,37.6787,11.6212,0,0,0,[],[],False,False,False,字段覆盖不足,0.6
002292,奥飞娱乐,加速/反转观察,反转/低基数,69.8162,80.4402,53.4177,70.7409,,11.129,370.6952,20.0598,245.5014,50.0,0.0485,0.3705,5.78,13.4166,29.2591,0,0,0,[],[],True,False,False,有效,1.0
002824,和胜股份,加速/反转观察,加速成长,69.7925,83.2289,64.0341,41.0,,44.64,102.8158,24.3004,10.3497,83.3333,0.1599,4.3133,3.7,3.6877,59.0,0,0,0,[],[],False,False,False,有效,1.0
000657,中钨高新,观察,持续成长,69.7042,95.7932,45.673,39.4997,,108.5139,280.5341,89.1694,251.3366,100.0,-0.0766,-0.6046,19.29,13.4964,60.5003,0,0,0,[],[],True,True,False,有效,1.0
000800,一汽解放,加速/反转观察,反转/低基数,69.6986,90.9396,56.4151,32.5422,,33.8059,1459.1594,26.8124,1442.7531,66.6667,0.1724,21.1364,1.15,0.8938,67.4578,0,0,0,[],[],True,False,False,有效,1.0
603196,璞源材料,加速/反转观察,反转/低基数,69.6843,74.3293,61.088,72.9419,,104.2536,54.5184,110.0644,-56.8224,50.0,0.1294,1.6891,3.0,10.9329,27.0581,0,0,0,[],[],True,False,False,有效,1.0
002270,华明装备,成长质量优先,持续成长,69.625,62.0758,82.1158,67.2908,,14.2489,5.7943,9.7449,-9.7419,100.0,0.3582,1.1771,10.94,30.7365,32.7092,0,0,0,[],[],False,False,False,有效,1.0
002245,蔚蓝锂芯,成长质量优先,持续成长,69.571,77.4804,63.0914,58.8019,,30.3482,53.3903,10.2605,7.7258,100.0,0.1111,1.0564,6.51,11.4217,41.1981,0,0,0,[],[],False,False,False,有效,1.0
601225,陕西煤业,加速/反转观察,加速成长,69.5667,64.5855,81.9537,59.7361,,1.1693,47.5746,15.2703,72.5973,50.0,0.2603,1.8219,10.9,21.9348,40.2639,0,0,0,[],[],False,False,False,有效,1.0
605580,恒盛能源,成长质量优先,持续成长,69.5175,74.1609,71.261,52.1001,,28.0908,38.0213,2.7056,23.8171,100.0,0.1691,1.0652,8.91,16.0411,47.8999,0,0,0,[],[],False,False,False,有效,1.0
601002,晋亿实业,观察,增速观察,69.5086,64.2022,72.0297,80.3856,,4.4524,76.8194,5.8572,-9.2976,83.3333,0.2404,1.4325,4.72,16.8371,19.6144,0,0,0,[],[],False,False,False,有效,1.0
601377,兴业证券,成长质量优先,持续成长,69.4829,75.8613,86.0253,17.2632,,24.5381,60.0781,3.5122,27.4396,100.0,1.1888,3.7578,3.6,39.7247,82.7368,0,0,0,[],[],False,False,True,有效,1.0
002378,章源钨业,观察,持续成长,69.4422,97.3655,48.0815,28.3938,,143.7111,497.3814,102.0942,428.5573,100.0,-0.035,-0.2977,25.61,11.7601,71.6062,0,0,0,[],[],True,True,True,有效,1.0
000042,中洲控股,加速/反转观察,反转/低基数,69.3867,92.2004,65.5037,8.7117,,168.3505,421.7551,208.3437,366.3249,50.0,0.0883,0.4019,34.9745,21.9941,91.2883,0,0,0,[],[],True,False,True,有效,1.0
605111,新洁能,观察,增速观察,69.3845,63.832,68.1929,88.4249,,25.5658,-0.7463,22.9053,8.6753,66.6667,0.1815,0.908,5.26,20.2725,11.5751,0,0,0,[],[],False,False,False,有效,1.0
603938,三孚股份,加速/反转观察,反转/低基数,69.383,84.3914,43.2994,76.5248,,30.1691,209.7277,11.6805,183.8256,66.6667,0.0106,0.1172,4.65,9.0813,23.4752,0,0,0,[],[],True,False,False,有效,1.0
000975,山金国际,成长质量优先,持续成长,69.3582,59.6454,82.2697,72.6741,,4.4711,51.4335,-21.3887,14.687,100.0,0.3175,1.2693,15.45,27.737,27.3259,0,0,0,[],[],False,False,False,有效,1.0
002452,长高电气,加速/反转观察,反转/低基数,69.2147,77.8094,57.7772,66.3059,,4.0405,451.3621,9.4456,415.4533,83.3333,0.0038,0.005,19.3,76.5851,33.6941,0,0,0,[],[],True,False,False,有效,1.0
002516,旷达科技,加速/反转观察,加速成长,69.1677,71.0802,59.3682,83.0292,,13.8176,45.8488,5.361,33.194,83.3333,0.1385,1.5011,2.95,9.2261,16.9708,0,0,0,[],[],False,False,False,有效,1.0
600120,浙江东方,加速/反转观察,加速成长,69.1358,70.5435,86.0253,31.1334,,5.9397,115.4689,7.982,115.6476,50.0,3.6848,2.0076,5.17,205.3563,68.8666,0,0,0,[],[],False,False,False,有效,1.0
601100,恒立液压,成长质量优先,持续成长,69.0345,65.1109,71.6702,75.534,,32.1269,0.4993,15.6052,-8.486,100.0,0.1836,0.8732,7.99,21.0598,24.466,0,0,0,[],[],False,False,False,有效,1.0
601121,宝地矿业,加速/反转观察,反转/低基数,68.9619,76.7754,63.5572,56.3306,,23.1431,207.4357,-11.6361,205.9624,83.3333,0.1366,0.6411,4.67,23.9678,43.6694,0,0,0,[],[],True,False,False,有效,1.0
601162,天风证券,加速/反转观察,反转/低基数,68.9586,77.8892,74.7334,30.6173,,29.9432,549.0312,24.2412,-75.4929,66.6667,2.1902,17.067,0.75,11.883,69.3827,0,0,0,[],[],True,False,False,有效,1.0
600801,华新建材,加速/反转观察,加速成长,68.9425,78.0167,66.2831,47.0387,,21.5027,55.2166,18.1976,37.1288,83.3333,0.1381,1.5725,5.22,11.5632,52.9613,0,0,0,[],[],False,False,False,有效,1.0
600338,西藏珠峰,成长质量优先,持续成长,68.9405,61.8401,81.9214,64.2799,,44.8267,18.0334,-3.3885,-104.9701,100.0,0.3723,1.705,7.7,21.5641,35.7201,0,0,0,[],[],False,False,False,有效,1.0
603186,华正新材,成长质量优先,持续成长,68.8744,81.5534,66.8394,34.9071,,41.2789,305.2824,28.226,-78.7292,100.0,0.1274,2.1799,7.86,5.8925,65.0929,0,0,0,[],[],True,False,False,有效,1.0
002685,华东重机,加速/反转观察,加速成长,68.8588,90.4787,36.9619,67.7932,,108.0423,137.3082,140.124,183.0803,66.6667,-0.0203,-0.248,3.82,7.7991,32.2068,0,0,0,[],[],False,True,False,有效,1.0
002008,大族激光,加速/反转观察,加速成长,68.8521,91.8333,42.0583,53.496,,76.1864,163.8435,49.1903,193.6101,83.3333,-0.0509,-0.5302,6.28,11.7875,46.504,0,0,0,[],[],False,True,False,有效,1.0
600722,金牛化工,加速/反转观察,加速成长,68.7263,60.3809,69.3231,92.5691,,1.9451,31.4209,7.8684,40.3427,50.0,0.2213,1.5077,2.7727,25.15,7.4309,0,0,0,[],[],False,False,False,有效,1.0
002468,申通快递,观察,持续成长,68.7034,85.2711,59.346,37.7152,,29.8349,128.309,11.9914,96.7039,100.0,0.0635,1.9942,9.03,3.1841,62.2848,0,0,0,[],[],False,False,False,有效,1.0
000960,锡业股份,观察,增速观察,68.6994,80.0638,57.9607,56.0833,,49.6824,41.6016,45.9611,5.4616,83.3333,0.0691,1.4499,7.32,5.0496,43.9167,0,0,0,[],[],False,False,False,有效,1.0
002635,安洁科技,加速/反转观察,加速成长,68.6946,76.9111,57.1778,67.0786,,11.0703,165.1184,12.0418,222.6745,50.0,0.1219,1.8069,2.76,6.7423,32.9214,0,0,0,[],[],False,False,False,有效,1.0
601318,中国平安,成长质量优先,持续成长,68.6002,74.0595,89.6276,10.1677,,15.0101,36.0604,12.9127,29.6066,100.0,0.6399,3.9751,9.0,18.6934,89.8323,0,0,0,[],[],False,False,True,有效,1.0
601211,国泰海通,成长质量优先,持续成长,68.5714,70.9987,91.4622,15.5077,,97.5629,28.7365,10.1641,-84.7849,100.0,1.4401,3.3526,6.12,44.4256,84.4923,0,0,0,[],[],False,False,True,有效,1.0
001309,德明利,观察,持续成长,68.4888,98.8569,42.3519,29.658,,311.5456,5201.6008,185.4797,5105.246,100.0,-0.3983,-1.1194,95.11,35.582,70.342,0,0,0,[],[],True,True,True,有效,1.0
600490,鹏欣资源,加速/反转观察,反转/低基数,68.4418,61.4578,73.9804,78.3166,,59.5594,58.8065,-22.3809,-274.1959,83.3333,0.3031,2.8194,3.53,12.8862,21.6834,0,0,0,[],[],True,False,False,有效,1.0
000858,五粮液,加速/反转观察,加速成长,68.4012,83.3367,47.5108,65.3756,,20.8707,89.2999,75.4225,161.1889,66.6667,-0.0758,-0.246,7.14,31.6579,34.6244,0,0,0,[],[],False,True,False,有效,1.0
002240,盛新锂能,加速/反转观察,反转/低基数,68.3893,90.8778,48.2736,41.155,,355.9382,220.3013,345.3982,263.1757,50.0,-0.0341,-0.248,9.38,15.523,58.845,0,0,0,[],[],True,True,False,有效,1.0
002842,翔鹭钨业,加速/反转观察,反转/低基数,68.3596,97.0494,41.4264,36.1563,,182.851,2522.4018,145.1424,2261.8434,83.3333,-0.1945,-1.0625,33.24,18.3077,63.8437,0,0,0,[],[],True,True,False,有效,1.0
601696,中银证券,加速/反转观察,加速成长,68.3585,73.8715,86.584,15.3686,,27.6967,32.0508,10.3083,16.7308,83.3333,10.4044,26.7998,3.86,38.8223,84.6314,0,0,0,[],[],False,False,True,有效,1.0
000990,诚志股份,加速/反转观察,反转/低基数,68.3268,72.7568,61.2856,69.119,,2.7686,1416.2302,3.1159,1550.1185,50.0,0.1474,3.1248,1.63,6.2778,30.881,0,0,0,[],[],True,False,False,有效,1.0
002916,深南电路,成长质量优先,持续成长,68.2352,78.5345,64.7364,44.3349,,46.3283,65.5463,14.2772,-8.921,100.0,0.0982,0.6671,12.43,14.7383,55.6651,0,0,0,[],[],False,False,False,有效,1.0
600499,科达制造,加速/反转观察,加速成长,68.1286,71.2359,70.4941,54.0758,,26.9159,72.3899,-11.0929,42.3245,83.3333,0.1314,1.063,9.79,18.9863,45.9242,0,0,0,[],[],False,False,False,有效,1.0
002557,洽洽食品,加速/反转观察,加速成长,67.9664,86.9525,45.4929,55.9553,,27.3854,177.3816,35.2054,239.8944,66.6667,0.0286,0.4076,4.76,6.9538,44.0447,0,0,0,[],[],False,False,False,有效,1.0
601969,海南矿业,加速/反转观察,加速成长,67.9648,73.3703,68.1206,51.437,,12.5814,83.3945,3.9605,122.3853,66.6667,0.1566,0.8275,7.3,17.3519,48.563,0,0,0,[],[],False,False,False,有效,1.0
600201,生物股份,加速/反转观察,加速成长,67.9573,75.7007,48.5634,83.5149,,22.0915,72.283,10.8639,80.425,50.0,0.0675,0.4901,1.92,14.7306,16.4851,0,0,0,[],[],False,False,False,有效,1.0
600301,华锡有色,成长质量优先,持续成长,67.9323,61.9182,75.6821,70.4749,,9.0266,39.8051,-16.281,18.059,100.0,0.1891,1.0767,10.53,26.3148,29.5251,0,0,0,[],[],False,False,False,有效,1.0
600292,电投水电,加速/反转观察,加速成长,67.9151,71.4497,80.2224,32.697,,2.4507,123.136,18.3551,157.2042,50.0,0.3284,1.6715,6.81,21.5911,67.303,0,0,0,[],[],False,False,False,有效,1.0
002793,罗欣药业,加速/反转观察,反转/低基数,67.9115,77.0496,71.5219,33.2762,,6.5178,182.1926,20.6416,112.0819,66.6667,0.2703,6.2123,4.46,4.6392,66.7238,0,0,0,[],[],True,False,False,有效,1.0
002838,道恩股份,观察,持续成长,67.8548,90.3373,44.0686,47.9799,,38.0506,181.9388,23.8042,147.9074,100.0,0.009,0.1517,6.3,6.6163,52.0201,0,0,0,[],[],False,False,False,有效,1.0
002568,百润股份,加速/反转观察,加速成长,67.8386,64.6309,77.2712,58.5963,,11.341,23.0806,14.7671,34.4438,33.3333,0.2661,0.9211,9.3,28.8859,41.4037,0,0,0,[],[],False,False,False,有效,1.0
002602,世纪华通,成长质量优先,持续成长,67.829,60.6991,75.5725,73.7318,,28.5345,69.5059,-39.0112,-292.5102,100.0,0.2033,0.9988,13.87,20.7143,26.2682,0,0,0,[],[],True,False,False,有效,1.0
002841,视源股份,加速/反转观察,反转/低基数,67.8269,90.6218,43.2752,48.5455,,36.1973,282.4407,27.4803,278.0647,83.3333,-0.0757,-0.7159,10.93,11.0371,51.4545,0,0,0,[],[],True,True,False,有效,1.0
603848,好太太,加速/反转观察,加速成长,67.8033,63.0609,67.8585,81.9199,,11.2101,18.6362,12.0703,36.8516,33.3333,0.2041,1.5028,3.95,13.5717,18.0801,0,0,0,[],[],False,False,False,有效,1.0
603587,地素时尚,加速/反转观察,加速成长,67.7897,58.1984,75.7463,80.6505,,3.6329,23.2087,7.3575,37.404,33.3333,0.2762,1.4564,5.61,18.9649,19.3495,0,0,0,[],[],False,False,False,有效,1.0
000026,飞亚达,加速/反转观察,加速成长,67.7444,60.6301,67.0032,90.5696,,3.1583,21.904,14.1224,82.2772,33.3333,0.2086,3.8205,2.98,5.4608,9.4304,0,0,0,[],[],False,False,False,有效,1.0
001965,招商公路,加速/反转观察,加速成长,67.7104,67.218,73.9474,56.7139,,26.8641,4.0534,21.7545,17.4324,66.6667,0.383,1.0563,3.69,40.4305,43.2861,0,0,0,[],[],False,False,False,有效,1.0
000729,燕京啤酒,成长质量优先,持续成长,67.6513,57.3101,82.2429,69.4917,,5.5297,26.8611,0.9892,-32.1946,100.0,0.3203,2.0674,8.65,17.7893,30.5083,0,0,0,[],[],False,False,False,有效,1.0
002132,恒星科技,加速/反转观察,反转/低基数,67.6504,81.4894,57.8207,45.7929,,11.4055,293.447,10.3829,255.4768,83.3333,0.1176,3.7954,2.38,3.0961,54.2071,0,0,0,[],[],True,False,False,有效,1.0
002408,齐翔腾达,加速/反转观察,反转/低基数,67.6494,87.8961,47.2785,47.6507,,28.0303,402.8275,33.7764,2170.3353,50.0,0.054,7.2433,1.05,0.7674,52.3493,0,0,0,[],[],True,False,False,有效,1.0
000967,盈峰环境,成长质量优先,持续成长,67.6287,74.7421,65.6004,50.3452,,21.8033,24.7074,16.2695,17.6414,100.0,0.1838,3.0335,2.7,6.1526,49.6548,0,0,0,[],[],False,False,False,有效,1.0
002947,恒铭达,成长质量优先,持续成长,67.5935,55.9935,81.5464,74.4877,,10.618,8.2119,-4.3245,-8.2188,100.0,0.345,1.8732,7.94,18.4466,25.5123,0,0,0,[],[],False,False,False,有效,1.0
600663,陆家嘴,加速/反转观察,加速成长,67.575,70.6567,82.1361,29.2078,,22.7478,35.9107,-1.2484,54.6509,83.3333,0.6677,4.8795,4.36,13.8525,70.7922,0,0,0,[],[],False,False,True,有效,1.0
001257,盛龙股份,观察,增速观察,67.5222,53.7997,82.8678,77.9984,,7.7343,16.8122,-14.5735,0.0157,83.3333,0.3826,1.338,10.34,28.5159,22.0016,0,0,0,[],[],False,False,False,有效,0.9
600233,圆通速递,成长质量优先,持续成长,67.4979,70.5655,63.1999,66.8909,,8.3885,73.4395,-0.6568,65.7129,100.0,0.1018,1.2469,8.72,8.0957,33.1091,0,0,0,[],[],False,False,False,有效,1.0
002611,东方精工,加速/反转观察,反转/低基数,67.4531,59.7363,71.4423,82.625,,-21.6817,867.7487,-31.1144,822.8645,83.3333,0.1526,0.0671,50.88,228.516,17.375,0,0,0,[],[],True,False,False,有效,1.0
600323,瀚蓝环境,观察,增速观察,67.3808,74.3078,75.4001,30.5611,,34.25,24.7563,16.9976,6.1757,83.3333,0.2109,1.353,7.93,18.9313,69.4389,0,0,0,[],[],False,False,False,有效,1.0
600309,万华化学,加速/反转观察,加速成长,67.3521,80.1894,63.9087,35.7274,,31.2585,64.3542,19.6335,68.2356,66.6667,0.0988,1.171,8.96,9.6896,64.2726,0,0,0,[],[],False,False,False,有效,1.0
002850,科达利,观察,持续成长,67.3416,74.4491,59.6892,61.3236,,38.5841,22.5698,12.122,2.7005,100.0,0.091,0.8887,6.84,10.1431,38.6764,0,0,0,[],[],False,False,False,有效,1.0
600227,赤天化,加速/反转观察,反转/低基数,67.332,84.4001,48.9452,52.9012,,18.02,179.2755,27.1,397.5412,66.6667,0.0701,2.4067,1.69,2.9109,47.0988,0,0,0,[],[],True,False,False,有效,1.0
002439,启明星辰,加速/反转观察,反转/低基数,67.3078,76.7816,44.2454,85.0115,,9.0092,132.979,38.4975,285.8834,33.3333,0.0564,2.2601,0.28,2.4936,14.9885,0,0,0,[],[],True,False,False,有效,1.0
601677,明泰铝业,观察,持续成长,67.2604,79.3543,48.5952,68.3092,,24.2317,49.6146,15.524,37.5195,100.0,0.0275,0.4131,7.09,6.6577,31.6908,0,0,0,[],[],False,False,False,有效,1.0
002294,信立泰,成长质量优先,持续成长,67.2548,63.5448,67.209,78.4764,,16.3385,6.0297,7.8537,-2.2712,100.0,0.1881,1.2047,4.3,15.7505,21.5236,0,0,0,[],[],False,False,False,有效,1.0
002415,海康威视,加速/反转观察,加速成长,67.2481,70.9281,61.5321,67.6397,,11.9673,39.5654,11.954,21.0467,83.3333,0.069,0.4093,9.17,19.4842,32.3603,0,0,0,[],[],False,False,False,有效,1.0
600230,沧州大化,加速/反转观察,反转/低基数,67.1753,67.9585,62.6851,73.8059,,-4.1052,330.7522,5.9083,319.5224,50.0,0.1563,3.3405,2.4527,5.1273,26.1941,0,0,0,[],[],True,False,False,有效,1.0
603055,台华新材,加速/反转观察,加速成长,67.0931,66.2445,78.6837,46.4579,,8.3684,17.9649,18.3758,44.7594,66.6667,0.2851,2.5182,6.95,11.4867,53.5421,0,0,0,[],[],False,False,False,有效,1.0
600116,三峡水利,加速/反转观察,反转/低基数,67.0924,73.9084,66.4008,48.028,,3.5332,688.6092,4.974,647.8579,50.0,0.1984,2.6606,3.29,7.8129,51.972,0,0,0,[],[],True,False,False,有效,1.0
002585,双星新材,加速/反转观察,反转/低基数,67.0727,72.5771,58.393,67.919,,3.8852,130.6247,17.4244,163.1582,50.0,0.2129,12.6936,0.55,1.6776,32.081,0,0,0,[],[],True,False,False,有效,1.0
000636,风华高科,加速/反转观察,加速成长,67.0003,79.9343,43.7126,74.7736,,26.2768,74.0106,9.7325,90.0323,83.3333,0.046,0.555,2.3,8.3424,25.2264,0,0,0,[],[],False,False,False,有效,1.0
000685,中山公用,加速/反转观察,加速成长,66.9954,72.7799,65.9682,51.696,,2.446,104.0116,21.2234,47.2443,83.3333,0.1141,0.169,7.64,68.4624,48.304,0,0,0,[],[],False,False,False,有效,1.0
603271,永杰新材,观察,持续成长,66.9875,79.2845,59.5274,45.0165,,18.046,176.6549,-0.8128,146.6572,100.0,0.0643,0.6535,16.29,9.8379,54.9835,0,0,0,[],[],False,False,False,有效,1.0
002283,天润工业,加速/反转观察,加速成长,66.9493,76.526,51.2588,69.6003,,32.9283,37.2823,20.3735,26.6623,66.6667,0.0588,0.5624,4.39,10.3667,30.3997,0,0,0,[],[],False,False,False,有效,1.0
601336,新华保险,成长质量优先,持续成长,66.9169,71.5109,90.3278,6.3131,,18.8704,54.0172,-0.133,15.6818,100.0,0.6749,2.4652,18.87,27.38,93.6869,0,0,0,[],[],False,False,True,有效,1.0
002154,报喜鸟,加速/反转观察,加速成长,66.875,68.9683,62.9255,68.4937,,9.9615,47.7147,9.6479,78.6692,50.0,0.1164,1.0507,6.14,11.14,31.5063,0,0,0,[],[],False,False,False,有效,1.0
603068,博通集成,观察,持续成长,66.8552,84.6372,32.6728,81.8737,,70.2084,162.5975,59.3353,-27.3437,100.0,-0.0486,-0.6143,2.9,8.2476,18.1263,0,0,0,[],[],True,True,False,有效,1.0
600018,上港集团,加速/反转观察,加速成长,66.8367,60.1053,76.1266,68.4512,,9.5025,5.9686,5.5816,15.262,83.3333,0.3242,0.8154,5.8701,44.0483,31.5488,0,0,0,[],[],False,False,False,有效,1.0
600188,兖矿能源,加速/反转观察,加速成长,66.7956,71.4552,73.6697,39.0684,,13.0051,47.7479,20.498,91.3597,33.3333,0.1829,1.9351,6.87,13.0857,60.9316,0,0,0,[],[],False,False,False,有效,1.0
600111,北方稀土,观察,增速观察,66.767,76.0885,54.6573,63.0223,,36.7474,120.4592,7.6366,-3.7093,66.6667,0.0468,0.5885,8.0156,9.6666,36.9777,0,0,0,[],[],False,False,False,有效,1.0
000728,国元证券,成长质量优先,持续成长,66.7365,70.0838,85.5113,19.1452,,16.1592,21.2481,9.349,13.1487,100.0,1.1254,2.607,4.42,43.1818,80.8548,0,0,0,[],[],False,False,True,有效,1.0
603110,东方材料,加速/反转观察,反转/低基数,66.6838,84.1396,30.3335,87.017,,13.2061,1573.2088,25.9774,1718.8107,50.0,-0.0161,-0.2898,1.58,5.546,12.983,0,0,0,[],[],True,True,False,有效,1.0
603345,安井食品,加速/反转观察,加速成长,66.6636,72.6712,51.5747,78.8184,,21.8543,21.6212,14.8074,30.0797,83.3333,0.0523,0.59,5.2,8.9442,21.1816,0,0,0,[],[],False,False,False,有效,1.0
002264,新华都,加速/反转观察,加速成长,66.5943,61.4515,76.8657,61.4803,,16.3251,-3.7377,29.6252,31.1242,50.0,0.2663,4.0635,6.84,6.5505,38.5197,0,0,0,[],[],False,False,False,有效,1.0
601816,京沪高铁,成长质量优先,持续成长,66.5564,55.9694,76.1827,79.065,,3.9425,7.2066,1.7959,4.0455,100.0,0.4892,1.578,3.21,31.3056,20.935,0,0,0,[],[],False,False,False,有效,1.0
000650,仁和药业,加速/反转观察,加速成长,66.516,53.574,75.1102,88.154,,5.8655,0.5244,19.0799,18.931,33.3333,0.2738,1.9607,4.52,16.9963,11.846,0,0,0,[],[],False,False,False,有效,1.0
600519,贵州茅台,观察,增速观察,66.4663,45.3623,88.952,84.8069,,1.4699,-1.9516,2.6759,2.5807,50.0,0.7794,1.588,16.75,50.7516,15.1931,0,0,0,[],[],False,False,False,有效,1.0
002039,黔源电力,观察,增速观察,66.4439,58.9415,84.5092,52.8204,,25.9199,83.1389,-44.0598,-91.8817,66.6667,0.5194,2.4806,5.14,37.6925,47.1796,0,0,0,[],[],False,False,False,有效,1.0
002003,伟星股份,加速/反转观察,加速成长,66.4365,66.3028,67.5201,64.6705,,13.7581,11.8445,11.0649,19.803,83.3333,0.1336,0.8599,8.77,15.7358,35.3295,0,0,0,[],[],False,False,False,有效,1.0
002174,游族网络,加速/反转观察,反转/低基数,66.4228,70.2061,51.6757,84.5671,,1.21,403.7962,3.4865,393.7888,50.0,0.01,0.0275,5.54,36.2797,15.4329,0,0,0,[],[],True,False,False,有效,1.0
001314,亿道信息,加速/反转观察,反转/低基数,66.3981,95.426,32.2204,47.67,,80.6783,1614.8028,36.5272,1523.038,83.3333,-0.2709,-3.8011,9.06,7.1554,52.33,0,0,0,[],[],True,True,False,有效,1.0
603045,福达合金,观察,持续成长,66.3197,98.0517,35.9673,31.8288,,96.3546,1146.5623,65.5095,1009.7598,100.0,-0.1502,-2.1315,25.28,7.0516,68.1712,0,0,0,[],[],True,True,False,有效,1.0
601099,太平洋,加速/反转观察,加速成长,66.3093,64.2942,79.3453,46.2827,,11.8528,19.1387,11.2536,23.4622,50.0,3.4068,16.2888,1.44,20.9517,53.7173,0,0,0,[],[],False,False,False,有效,1.0
002461,珠江啤酒,成长质量优先,持续成长,66.2937,57.1408,77.6202,71.0991,,5.038,10.0162,2.4813,-1.5268,100.0,0.3015,1.5033,6.0,20.2712,28.9009,0,0,0,[],[],False,False,False,有效,1.0
603235,天新药业,观察,增速观察,66.2854,55.3802,77.0024,77.5672,,16.6643,-10.3054,10.4851,-1.1466,66.6667,0.2929,1.2012,6.34,24.3874,22.4328,0,0,0,[],[],False,False,False,有效,1.0
002273,水晶光电,成长质量优先,持续成长,66.2674,60.2589,70.4963,75.8351,,15.1539,4.7267,4.7873,-9.1173,100.0,0.2073,1.3751,5.2,14.6677,24.1649,0,0,0,[],[],False,False,False,有效,1.0
002145,钛能化学,加速/反转观察,加速成长,66.2583,77.3573,51.6446,62.1885,,20.8891,61.9339,7.6668,98.7888,83.3333,0.078,0.8466,3.43,9.2535,37.8115,0,0,0,[],[],False,False,False,有效,1.0
603275,众辰科技,加速/反转观察,加速成长,66.2287,72.1379,47.4062,86.1461,,32.6505,7.076,24.8776,23.557,83.3333,0.0257,0.1142,3.24,22.1739,13.8539,0,0,0,[],[],False,False,False,有效,1.0
002901,大博医疗,成长质量优先,持续成长,66.1709,59.4986,74.2238,70.0817,,10.694,44.6548,-11.0942,-23.4018,100.0,0.2057,0.7801,9.43,28.101,29.9183,0,0,0,[],[],False,False,False,有效,1.0
600845,宝信软件,加速/反转观察,加速成长,66.1687,62.4147,79.1838,51.4004,,19.4535,-0.8063,39.043,41.5896,33.3333,0.3103,2.4727,6.32,12.9862,48.5996,0,0,0,[],[],False,False,False,有效,1.0
002027,分众传媒,观察,增速观察,66.1417,52.0092,88.2322,64.3579,,-1.9793,17.3852,-6.0291,60.2347,66.6667,0.7433,1.4237,20.44,52.0466,35.6421,0,0,0,[],[],False,False,False,有效,1.0
603659,璞泰来,观察,增速观察,66.1252,70.9093,71.0826,41.8583,,42.7046,37.5757,25.8784,-60.5612,66.6667,0.1778,1.2388,6.89,15.9269,58.1417,0,0,0,[],[],False,False,False,有效,1.0
605006,山东玻纤,加速/反转观察,反转/低基数,66.1215,86.0454,49.8971,38.7981,,38.2455,234.8861,14.3705,148.4634,66.6667,0.068,3.6281,1.1,1.8733,61.2019,0,0,0,[],[],True,False,False,有效,1.0
603268,松发股份,观察,持续成长,66.1017,70.17,85.3853,17.5042,62.84,251.8743,457.6689,-23.0795,-625.3849,100.0,0.362,2.358,32.06,15.353,82.4958,17,16,8,"['业绩兑现', '产能产品', '行业景气', '需求订单']","['业绩风险', '扩张不确定', '治理监管', '经营质量']",True,False,True,有效,1.0
600516,方大炭素,加速/反转观察,反转/低基数,66.0949,80.5968,35.6222,83.5342,,16.5796,213.4718,25.5028,263.455,33.3333,0.0147,0.1699,1.0357,8.4026,16.4658,0,0,0,[],[],True,False,False,有效,1.0
600884,杉杉股份,加速/反转观察,反转/低基数,66.0897,81.1165,50.8577,51.4734,,23.0446,296.7289,7.4807,72.0023,66.6667,0.0688,1.0147,3.692,7.107,48.5266,0,0,0,[],[],True,False,False,有效,1.0
000711,京蓝科技,字段覆盖不足,反转/低基数,66.0163,85.8913,38.2905,61.8427,,98.0652,213.1121,,,33.3333,-0.3256,-1.9505,11.6,16.0864,38.1573,0,0,0,[],[],True,True,False,字段覆盖不足,0.6
002818,富森美,观察,增速观察,65.9339,49.4771,79.1592,88.8536,,-22.3603,96.0329,-6.2252,115.5569,16.6667,0.4164,0.3362,10.64,208.6121,11.1464,0,0,0,[],[],False,False,False,有效,1.0
002049,紫光国微,观察,增速观察,65.8673,58.4664,72.7245,74.3555,,13.0005,15.2866,1.4828,-6.574,66.6667,0.2402,1.037,5.65,23.0718,25.6445,0,0,0,[],[],False,False,False,有效,1.0
603605,珀莱雅,加速/反转观察,加速成长,65.8561,60.5814,73.5276,66.3376,,0.2408,46.2592,1.9199,49.7543,66.6667,0.1769,0.8141,17.61,22.2175,33.6624,0,0,0,[],[],False,False,False,有效,1.0
603305,旭升集团,加速/反转观察,加速成长,65.8147,66.8754,60.8671,72.5279,,15.8581,18.4805,14.9319,30.7645,50.0,0.1583,1.6173,2.55,9.7889,27.4721,0,0,0,[],[],False,False,False,有效,1.0
603979,金诚信,成长质量优先,持续成长,65.7775,64.7122,73.3468,53.8347,,20.9743,45.2991,-18.7702,-2.3626,100.0,0.1794,0.849,13.67,20.9948,46.1653,0,0,0,[],[],False,False,False,有效,1.0
000523,红棉股份,观察,增速观察,65.7567,64.2155,68.3771,65.1393,,-0.73,127.0469,4.1268,211.7752,33.3333,0.1945,2.7225,3.89,8.7346,34.8607,0,0,0,[],[],False,False,False,有效,1.0
601788,光大证券,加速/反转观察,加速成长,65.7559,67.5534,85.1852,21.5048,,18.1669,32.4528,5.1075,10.6861,66.6667,1.3255,3.6008,3.28,37.1791,78.4952,0,0,0,[],[],False,False,True,有效,1.0
002448,中原内配,观察,增速观察,65.7186,68.6946,61.6769,64.8743,,27.0016,48.1439,8.5155,-52.6062,83.3333,0.0812,0.5786,8.79,15.3687,35.1257,0,0,0,[],[],False,False,False,有效,1.0
000703,恒逸石化,加速/反转观察,反转/低基数,65.7033,86.8871,50.5637,32.4313,,20.2811,2500.7306,29.7944,2490.3039,50.0,-0.0072,-0.0827,21.32,11.8189,67.5687,0,0,0,[],[],True,True,False,有效,1.0
002250,联化科技,加速/反转观察,反转/低基数,65.6846,69.1799,67.6355,51.2969,,26.842,64.4145,13.5736,-186.5141,83.3333,0.1529,1.6587,5.34,11.1175,48.7031,0,0,0,[],[],True,False,False,有效,1.0
603031,安孚科技,观察,增速观察,65.6767,61.0047,78.109,54.8282,,-2.0414,84.3788,-4.9801,50.0034,83.3333,0.1945,2.3546,6.96,19.9295,45.1718,0,0,0,[],[],False,False,False,有效,1.0
000630,铜陵有色,加速/反转观察,加速成长,65.6505,89.1055,41.4478,43.6909,,59.9837,107.9327,41.297,121.9574,83.3333,0.0004,0.0182,7.93,3.3664,56.3091,0,0,0,[],[],False,False,False,有效,1.0
601330,绿色动力,加速/反转观察,加速成长,65.6335,65.2345,79.1762,39.7452,,11.4486,23.1567,7.4767,17.6159,66.6667,0.3759,1.5183,5.46,26.0494,60.2548,0,0,0,[],[],False,False,False,有效,1.0
003010,若羽臣,成长质量优先,持续成长,65.5935,77.5212,65.8853,29.2269,,73.2874,131.725,-21.062,47.6958,100.0,0.1039,1.418,20.85,7.3265,70.7731,0,0,0,[],[],False,False,True,有效,1.0
600366,宁波韵升,加速/反转观察,反转/低基数,65.5908,78.4564,50.7124,56.7507,,42.022,154.1821,33.6336,-93.764,83.3333,0.0614,0.748,4.29,8.2258,43.2493,0,0,0,[],[],True,False,False,有效,1.0
600746,江苏索普,加速/反转观察,加速成长,65.584,77.9359,42.0082,75.6795,,8.6099,148.7274,17.1434,207.3482,66.6667,0.0116,0.157,4.57,7.3872,24.3205,0,0,0,[],[],False,False,False,有效,1.0
000581,威孚高科,加速/反转观察,加速成长,65.5788,67.0066,62.2705,67.912,,14.1768,19.1696,6.506,54.8041,66.6667,0.1422,1.1181,4.2,12.8658,32.088,0,0,0,[],[],False,False,False,有效,1.0
600776,东方通信,观察,增速观察,65.5642,76.0503,42.0738,81.0868,,15.5252,143.1813,29.9265,5.9636,50.0,-0.2572,-0.935,8.15,27.538,18.9132,0,0,0,[],[],False,True,False,有效,1.0
002320,海峡股份,加速/反转观察,加速成长,65.5411,55.942,80.5655,64.2897,,4.3343,7.5853,4.5961,51.7111,50.0,0.3769,7.9134,3.36,22.0078,35.7103,0,0,0,[],[],False,False,False,有效,1.0
600563,法拉电子,成长质量优先,持续成长,65.5328,53.8298,80.3621,70.983,,10.5786,2.2331,-1.0566,-12.4883,100.0,0.2983,1.4164,9.6,21.0637,29.017,0,0,0,[],[],False,False,False,有效,1.0
600621,华鑫股份,观察,增速观察,65.4994,68.3073,86.8127,14.4489,,22.1017,79.47,-4.4424,5.4928,66.6667,3.4783,12.3532,4.35,28.1573,85.5511,0,0,0,[],[],False,False,True,有效,1.0
601882,海天精工,加速/反转观察,加速成长,65.4627,71.6639,62.1462,53.4917,,20.5545,19.3758,20.0744,37.3501,66.6667,0.0866,0.6141,9.31,14.1213,46.5083,0,0,0,[],[],False,False,False,有效,1.0
601298,青岛港,观察,增速观察,65.434,54.9831,77.2852,73.0845,,10.8411,-2.798,11.5521,-3.4973,66.6667,0.3151,1.1928,5.86,29.094,26.9155,0,0,0,[],[],False,False,False,有效,1.0
601881,中国银河,成长质量优先,持续成长,65.3639,64.9407,91.3386,14.6839,,22.5762,20.1801,-1.7659,-4.6322,100.0,4.3518,9.4045,6.0,46.2743,85.3161,0,0,0,[],[],False,False,True,有效,1.0
002327,富安娜,加速/反转观察,加速成长,65.3564,61.2304,64.3135,79.8202,,8.0863,9.441,22.2426,47.3923,33.3333,0.1827,1.8548,3.1,9.8506,20.1798,0,0,0,[],[],False,False,False,有效,1.0
600378,昊华科技,观察,增速观察,65.3464,69.3114,63.1384,57.8674,,24.8664,39.7836,5.3717,2.7109,66.6667,0.1273,1.3694,4.84,10.849,42.1326,0,0,0,[],[],False,False,False,有效,1.0
601555,东吴证券,成长质量优先,持续成长,65.3184,67.1545,86.0974,18.2523,,29.8784,25.3165,2.1756,-24.8049,100.0,0.9677,2.2992,5.53,42.3233,81.7477,0,0,0,[],[],False,False,True,有效,1.0
603285,键邦股份,加速/反转观察,加速成长,65.316,56.4932,66.6735,89.0695,,11.6374,0.0797,19.6499,13.9221,33.3333,0.1957,0.9623,4.05,20.3346,10.9305,0,0,0,[],[],False,False,False,有效,1.0
601326,秦港股份,观察,增速观察,65.2841,53.2732,77.2748,77.3352,,5.421,2.8523,3.6697,0.2097,83.3333,0.3729,1.3354,4.85,28.9454,22.6648,0,0,0,[],[],False,False,False,有效,1.0
603120,肯特催化,加速/反转观察,加速成长,65.2683,60.489,63.0375,84.068,,13.2776,4.5599,14.1889,16.3944,50.0,0.1648,1.3415,3.45,12.2808,15.932,0,0,0,[],[],False,False,False,有效,1.0
603181,皇马科技,成长质量优先,持续成长,65.2536,60.5701,65.5799,78.6516,,10.36,6.1266,7.2989,-3.6347,100.0,0.1357,0.7707,6.43,17.61,21.3484,0,0,0,[],[],False,False,False,有效,1.0
600299,安迪苏,加速/反转观察,加速成长,65.1406,66.6149,60.9139,69.1708,,14.039,22.2465,3.1185,26.3811,83.3333,0.1236,1.3259,4.55,9.3303,30.8292,0,0,0,[],[],False,False,False,有效,1.0
603399,永杉锂业,加速/反转观察,反转/低基数,65.1395,91.2081,36.3609,44.4908,,82.5821,237.2907,90.6262,1648.6334,50.0,-0.0636,-1.4042,12.49,5.0013,55.5092,0,0,0,[],[],True,True,False,有效,1.0
600522,中天科技,加速/反转观察,加速成长,65.1199,80.9012,44.4191,59.1774,,31.0989,52.2897,21.862,50.0378,83.3333,0.0048,0.0619,6.24,7.8687,40.8226,0,0,0,[],[],False,False,False,有效,1.0
000088,盐田港,观察,增速观察,65.1013,59.5138,64.9005,82.2655,,12.3786,6.6333,4.2171,-0.6447,83.3333,0.2016,0.1264,3.81,161.3253,17.7345,0,0,0,[],[],False,False,False,有效,1.0
001311,多利科技,加速/反转观察,加速成长,65.043,71.3537,56.9438,62.3091,,42.3244,7.0782,25.596,51.9137,50.0,0.1087,1.592,3.58,6.716,37.6909,0,0,0,[],[],False,False,False,有效,1.0
603260,合盛硅业,加速/反转观察,反转/低基数,65.0321,76.0061,62.3503,37.4736,,3.9378,181.7189,27.1419,453.5599,50.0,0.2594,8.1208,1.1,3.1459,62.5264,0,0,0,[],[],True,False,False,有效,1.0
002801,微光股份,成长质量优先,持续成长,64.9839,58.1776,67.4752,80.4202,,9.778,14.4238,5.102,-50.7928,100.0,0.1233,0.5148,9.97,23.9462,19.5798,0,0,0,[],[],False,False,False,有效,1.0
001328,登康口腔,观察,持续成长,64.9832,66.3604,58.6031,73.6121,,14.1633,19.0509,4.1792,6.7053,100.0,0.0853,0.8086,6.52,10.5486,26.3879,0,0,0,[],[],False,False,False,有效,1.0
603776,永安行,基础数据不足,反转/低基数,64.9675,86.1186,24.4677,82.5134,,66.5217,76.5519,76.6186,309.7419,50.0,-0.0372,0.7786,-0.45,-4.8167,17.4866,0,0,0,[],[],True,True,False,基础数据不足,1.0
600549,厦门钨业,加速/反转观察,加速成长,64.9142,89.9319,39.4308,40.8281,,81.6985,127.0408,50.9072,92.1521,83.3333,-0.0703,-1.119,12.15,9.07,59.1719,0,0,0,[],[],False,True,False,有效,1.0
600482,中国动力,加速/反转观察,加速成长,64.8659,67.8606,70.5774,44.459,,11.5416,42.7393,-0.2645,49.2089,83.3333,0.2215,5.2077,3.21,8.5745,55.541,0,0,0,[],[],False,False,False,有效,1.0
600698,湖南天雁,加速/反转观察,反转/低基数,64.8631,81.5279,42.6023,59.3903,,29.5616,75.3953,10.2643,935.8974,66.6667,0.0239,3.587,0.27,0.6673,40.6097,0,0,0,[],[],True,False,False,有效,1.0
002422,科伦药业,观察,增速观察,64.8435,55.6675,75.0856,71.8876,,-2.695,12.7063,12.4317,54.7363,50.0,0.2649,2.0759,4.59,16.1369,28.1124,0,0,0,[],[],False,False,False,有效,1.0
600489,中金黄金,观察,持续成长,64.8233,74.2224,56.4256,53.4216,,22.5681,61.6744,1.9468,15.9686,100.0,0.0382,0.3767,13.4,11.8222,46.5784,0,0,0,[],[],False,False,False,有效,1.0
603195,公牛集团,观察,增速观察,64.8192,53.506,78.7235,70.9504,,2.7653,4.4358,7.5437,9.154,66.6667,0.2664,1.0395,12.46,25.6737,29.0496,0,0,0,[],[],False,False,False,有效,1.0
600868,梅雁吉祥,基础数据不足,反转/低基数,64.8191,89.9634,25.4536,68.1173,,143.6661,92.5192,140.2666,109.7515,83.3333,0.0831,-7.3447,-0.12,-8.4778,31.8827,0,0,0,[],[],True,True,False,基础数据不足,1.0
601777,千里科技,观察,持续成长,64.8118,73.7498,53.3538,60.914,,22.3596,151.2546,-19.7704,40.325,100.0,0.149,9.7403,0.76,-1.3196,39.086,0,0,0,[],[],False,False,False,有效,1.0
600487,亨通光电,加速/反转观察,加速成长,64.7991,84.1782,44.3225,47.6148,,31.1319,93.3811,19.6778,96.5793,83.3333,-0.0206,-0.2772,9.43,7.769,52.3852,0,0,0,[],[],False,True,False,有效,1.0
001359,平安电工,观察,增速观察,64.7794,55.8979,70.0947,80.7935,,20.2685,-7.8054,7.7458,-18.9066,83.3333,0.1879,1.0351,6.04,18.1503,19.2065,0,0,0,[],[],False,False,False,有效,1.0
600885,宏发股份,观察,持续成长,64.7615,73.564,51.1032,65.6703,,32.047,19.8924,10.0652,12.1358,100.0,0.0104,0.0988,8.82,13.7491,34.3297,0,0,0,[],[],False,False,False,有效,1.0
603002,宏昌电子,加速/反转观察,加速成长,64.711,85.9544,37.8181,54.7667,,64.8305,141.1457,21.3732,171.25,50.0,0.0246,1.3648,1.13,1.8019,45.2333,0,0,0,[],[],False,False,False,有效,1.0
002158,汉钟精机,加速/反转观察,加速成长,64.6999,56.638,73.9025,70.4806,,0.8961,8.9517,21.2419,54.6109,33.3333,0.2318,1.2416,6.31,18.6873,29.5194,0,0,0,[],[],False,False,False,有效,1.0
603379,三美股份,成长质量优先,持续成长,64.6674,51.2535,76.8562,80.5318,,20.7269,7.6136,-24.0805,-157.132,100.0,0.2433,0.7758,12.56,30.6812,19.4682,0,0,0,[],[],False,False,False,有效,1.0
001376,百通能源,观察,增速观察,64.6304,55.0017,74.918,72.9413,,11.1586,-4.5366,16.785,-9.2438,66.6667,0.2269,1.4068,7.35,16.1474,27.0587,0,0,0,[],[],False,False,False,有效,1.0
601233,桐昆股份,加速/反转观察,反转/低基数,64.6082,86.9686,45.8013,35.1409,,19.3645,285.0314,26.6842,215.8994,83.3333,-0.0136,-0.17,10.44,8.0652,64.8591,0,0,0,[],[],True,True,False,有效,1.0
002125,湘潭电化,加速/反转观察,加速成长,64.5717,67.0321,59.8264,66.681,,5.0662,78.6297,4.603,107.0607,50.0,0.0718,0.3009,6.68,23.6979,33.319,0,0,0,[],[],False,False,False,有效,1.0
603416,信捷电气,观察,持续成长,64.5646,72.0149,52.9733,65.3965,,25.5959,21.9781,7.7233,10.7708,100.0,0.0448,0.3185,5.63,14.0728,34.6035,0,0,0,[],[],False,False,False,有效,1.0
600295,鄂尔多斯,加速/反转观察,加速成长,64.5626,64.693,68.4506,56.3954,,5.882,43.1935,15.2551,15.2644,50.0,0.1497,1.3242,6.27,13.7836,43.6046,0,0,0,[],[],False,False,False,有效,1.0
601375,中原证券,观察,增速观察,64.546,67.5265,80.3359,24.0245,,36.9569,61.0741,-4.0175,-24.3331,83.3333,0.8336,2.5088,2.87,33.9241,75.9755,0,0,0,[],[],False,False,True,有效,1.0
603588,高能环境,加速/反转观察,加速成长,64.5351,86.5779,44.4814,38.5141,,54.0155,103.374,52.4105,29.4293,83.3333,-0.0588,-0.5939,10.139,11.7994,61.4859,0,0,0,[],[],False,True,False,有效,1.0
603026,石大胜华,加速/反转观察,反转/低基数,64.4987,91.6312,34.2931,43.5127,,58.9101,898.2675,36.1641,901.4411,50.0,-0.2582,-2.7468,8.74,9.8793,56.4873,0,0,0,[],[],True,True,False,有效,1.0
000951,中国重汽,观察,持续成长,64.4947,82.107,54.527,31.5932,,46.82,45.4778,18.3126,32.8981,100.0,0.0462,1.8231,5.88,3.876,68.4068,0,0,0,[],[],False,False,False,有效,1.0
002115,三维通信,加速/反转观察,反转/低基数,64.4695,95.4002,27.5699,45.4767,,173.7581,1825.7436,164.6021,1730.6014,66.6667,-0.0016,-0.3762,2.44,0.4903,54.5233,0,0,0,[],[],True,True,False,有效,1.0
603516,淳中科技,加速/反转观察,反转/低基数,64.42,69.8463,43.3803,90.2204,,-8.7791,428.7371,24.6995,202.8408,50.0,-0.4776,-0.4266,7.44,113.9169,9.7796,0,0,0,[],[],True,True,False,有效,1.0
000623,吉林敖东,观察,增速观察,64.4022,52.9574,69.0986,89.3438,,-8.4673,59.9647,2.0815,5.5718,50.0,0.1879,0.0945,6.52,198.6569,10.6562,0,0,0,[],[],False,False,False,有效,1.0
002966,苏州银行,成长质量优先,持续成长,64.3816,65.1691,91.6004,7.5814,,13.0805,8.5095,12.0025,2.983,100.0,5.1552,11.1475,6.12,48.1203,92.4186,0,0,0,[],[],False,False,True,有效,1.0
603459,红板科技,观察,增速观察,64.3424,65.627,65.9843,57.205,,22.4606,124.7371,-13.6003,-27.6299,83.3333,0.0948,0.3684,17.21,25.7408,42.795,0,0,0,[],[],False,False,False,有效,0.9
600993,马应龙,成长质量优先,持续成长,64.315,52.4069,74.638,79.3936,,3.218,5.6494,-0.4994,-4.4622,100.0,0.2139,1.1866,7.95,18.7492,20.6064,0,0,0,[],[],False,False,False,有效,1.0
601088,中国神华,观察,增速观察,64.3013,56.3438,78.5247,59.7272,,7.9323,4.104,21.1382,9.401,33.3333,0.2887,1.9037,5.83,18.7601,40.2728,0,0,0,[],[],False,False,False,有效,1.0
002262,恩华药业,加速/反转观察,加速成长,64.283,57.2181,63.1706,87.7025,,6.9143,5.7371,3.1662,13.2776,83.3333,0.0871,0.3786,8.86,23.0034,12.2975,0,0,0,[],[],False,False,False,有效,1.0
600105,永鼎股份,加速/反转观察,反转/低基数,64.2728,72.1413,65.8228,37.5673,,47.7515,58.0566,19.1547,-222.3759,83.3333,0.1038,0.6882,14.77,15.3672,62.4327,0,0,0,[],[],True,False,False,有效,1.0
002695,煌上煌,观察,增速观察,64.2577,61.2926,62.7555,76.1572,,24.5342,12.1418,27.7197,-90.1811,50.0,0.1563,2.2203,3.08,8.1299,23.8428,0,0,0,[],[],False,False,False,有效,1.0
003026,中晶科技,观察,持续成长,64.1505,74.707,53.979,52.8241,,23.3029,61.47,21.8003,-27.6901,100.0,0.0441,0.2844,6.08,15.5175,47.1759,0,0,0,[],[],False,False,False,有效,1.0
002372,伟星新材,观察,增速观察,64.096,53.1693,73.9571,77.1542,,-8.7132,43.9034,5.4029,66.1455,16.6667,0.2148,1.0444,7.82,20.5565,22.8458,0,0,0,[],[],False,False,False,有效,1.0
001400,江顺科技,加速/反转观察,加速成长,64.084,67.0946,59.4652,64.29,,9.655,11.8818,26.6862,59.4799,66.6667,0.1157,1.1309,4.37,10.2198,35.71,0,0,0,[],[],False,False,False,有效,1.0
603915,国茂股份,加速/反转观察,加速成长,64.0818,68.1302,55.6278,68.8446,,13.2725,29.3911,11.094,49.318,50.0,0.1,1.0565,3.63,9.7784,31.1554,0,0,0,[],[],False,False,False,有效,1.0
603823,百合花,加速/反转观察,加速成长,64.0403,62.6761,59.7227,76.7679,,5.8723,16.03,16.3948,21.2137,66.6667,0.1091,1.1259,4.6,10.7378,23.2321,0,0,0,[],[],False,False,False,有效,1.0
600867,通化东宝,加速/反转观察,反转/低基数,64.0341,48.982,75.1066,87.0457,,11.1269,37.3158,-35.5305,-2968.3162,66.6667,0.3432,1.8025,4.07,17.3663,12.9543,0,0,0,[],[],True,False,False,有效,1.0
002263,大东南,加速/反转观察,加速成长,64.0261,62.451,51.5044,93.795,,6.1498,24.0685,13.3094,23.309,50.0,0.1097,7.5266,0.35,1.4577,6.205,0,0,0,[],[],False,False,False,有效,1.0
603337,杰克科技,成长质量优先,持续成长,63.9718,61.8799,69.0743,60.0425,,16.2418,3.0063,8.1464,-2.3702,100.0,0.1438,1.1461,9.18,12.8544,39.9575,0,0,0,[],[],False,False,False,有效,1.0
601198,东兴证券,成长质量优先,持续成长,63.9638,62.5896,85.3826,25.249,,11.4013,25.1331,1.1492,-10.9629,100.0,4.1347,10.1098,3.25,40.9258,74.751,0,0,0,[],[],False,False,True,有效,1.0
002738,中矿资源,加速/反转观察,反转/低基数,63.9452,73.5199,49.6475,63.8166,,12.026,1146.8064,-9.9981,1186.35,50.0,-0.062,-0.2041,8.74,31.978,36.1834,0,0,0,[],[],True,True,False,有效,1.0
002386,天原股份,加速/反转观察,反转/低基数,63.9402,90.0402,39.1102,35.3002,,31.6888,1157.8354,47.1608,1038.7342,50.0,0.0252,0.899,2.73,2.6652,64.6998,0,0,0,[],[],True,False,False,有效,1.0
002074,国轩高科,观察,持续成长,63.9329,90.7692,41.5123,28.2651,,43.2206,278.0525,15.8735,180.564,100.0,0.0154,0.3088,4.68,5.1093,71.7349,0,0,0,[],[],True,False,True,有效,1.0
002430,杭氧股份,加速/反转观察,加速成长,63.8985,68.2423,65.7943,47.0756,,18.6297,17.5452,8.6705,14.6733,83.3333,0.1368,2.1107,5.62,7.1011,52.9244,0,0,0,[],[],False,False,False,有效,1.0
601187,厦门银行,观察,增速观察,63.8938,66.9681,87.7405,6.9776,,19.602,7.3121,17.8543,5.766,83.3333,3.6591,9.4711,4.31,40.58,93.0224,0,0,0,[],[],False,False,True,有效,1.0
603806,福斯特,观察,增速观察,63.8883,55.2557,68.7753,80.0124,,-12.1979,69.8872,6.8993,111.0236,16.6667,0.1833,1.5204,5.04,12.0296,19.9876,0,0,0,[],[],False,False,False,有效,1.0
605099,共创草坪,成长质量优先,持续成长,63.855,54.3831,70.5875,78.8056,,8.3239,9.903,-3.1648,-20.6936,100.0,0.1498,0.7206,11.59,20.7906,21.1944,0,0,0,[],[],False,False,False,有效,1.0
001286,陕西能源,观察,增速观察,63.7996,56.4392,84.4703,44.5393,,8.5849,1.0706,9.4415,1.044,83.3333,0.4192,3.3309,4.99,20.9314,55.4607,0,0,0,[],[],False,False,False,有效,1.0
001872,招商港口,成长质量优先,持续成长,63.7881,54.9055,76.9323,64.1477,,5.6677,5.8809,-1.2483,3.7763,100.0,0.3742,1.2039,4.247,60.0473,35.8523,0,0,0,[],[],False,False,False,有效,1.0
601008,连云港,加速/反转观察,加速成长,63.7667,64.8386,72.9125,42.2595,,5.3093,35.8261,7.6375,46.3269,66.6667,0.476,8.1586,1.8,9.4906,57.7405,0,0,0,[],[],False,False,False,有效,1.0
600179,安通控股,成长质量优先,持续成长,63.7253,51.8406,75.5942,75.6419,,5.2507,28.1413,-15.0277,-49.7626,100.0,0.2715,1.909,5.39,14.2168,24.3581,0,0,0,[],[],False,False,False,有效,1.0
603170,宝立食品,观察,增速观察,63.6862,62.3667,60.4757,74.0656,,16.0772,10.1256,5.4209,-2.4646,83.3333,0.084,1.0478,8.42,8.4676,25.9344,0,0,0,[],[],False,False,False,有效,1.0
600572,康恩贝,加速/反转观察,加速成长,63.6539,60.1304,65.4518,70.6283,,10.211,6.8331,10.8515,30.62,50.0,0.1461,1.4314,5.26,10.494,29.3717,0,0,0,[],[],False,False,False,有效,1.0
000883,湖北能源,观察,增速观察,63.6498,60.3748,77.9309,44.9129,,2.4023,14.4626,15.2014,9.2036,83.3333,0.4346,3.4523,2.91,14.568,55.0871,0,0,0,[],[],False,False,False,有效,1.0
603075,热威股份,成长质量优先,持续成长,63.581,56.4151,69.5339,73.1726,,12.129,1.7561,1.6403,-6.0439,100.0,0.163,1.102,7.42,14.7547,26.8274,0,0,0,[],[],False,False,False,有效,1.0
600900,长江电力,成长质量优先,持续成长,63.5777,57.4024,84.3114,40.6365,,3.3562,13.0154,1.2849,6.8404,100.0,0.6361,1.6352,6.55,39.6357,59.3635,0,0,0,[],[],False,False,False,有效,1.0
000688,国城矿业,观察,增速观察,63.5617,69.2758,72.3048,28.9332,,55.718,16.1259,38.5876,-122.3565,83.3333,0.1463,0.5425,29.41,37.0162,71.0668,0,0,0,[],[],False,False,True,有效,1.0
601857,中国石油,加速/反转观察,加速成长,63.5579,60.2472,69.7441,61.1173,,5.3427,22.0298,7.8448,26.5077,50.0,0.1645,2.4177,6.3,7.536,38.8827,0,0,0,[],[],False,False,False,有效,1.0
600771,广誉远,加速/反转观察,加速成长,63.5401,51.8243,79.5792,66.6093,,5.7816,10.1489,-6.3253,25.4734,50.0,0.3419,3.3294,5.1,10.7421,33.3907,0,0,0,[],[],False,False,False,有效,1.0
605499,东鹏饮料,成长质量优先,持续成长,63.5243,58.622,75.376,54.528,,15.8933,20.7201,-15.9046,-12.0016,100.0,0.2003,0.8695,19.03,23.0425,45.472,0,0,0,[],[],False,False,False,有效,1.0
600535,天士力,观察,增速观察,63.5133,46.7678,77.2301,86.3166,,-2.0324,15.2299,1.0467,-0.4019,33.3333,0.2786,1.311,6.98,21.0551,13.6834,0,0,0,[],[],False,False,False,有效,1.0
603906,龙蟠科技,加速/反转观察,反转/低基数,63.4868,96.5456,33.7396,23.8045,,98.7486,593.815,82.3265,520.5652,83.3333,-0.3474,-5.9475,11.56,8.2733,76.1955,0,0,0,[],[],True,True,True,有效,1.0
603072,天和磁材,加速/反转观察,加速成长,63.4787,78.8359,36.0603,72.2439,,37.3618,49.36,46.828,30.934,50.0,-0.01,-0.1611,3.61,6.1807,27.7561,0,0,0,[],[],False,True,False,有效,1.0
001285,瑞立科密,观察,持续成长,63.4784,71.3934,47.3251,72.0399,,24.5559,30.9509,3.5494,7.2021,100.0,0.0167,0.1213,4.82,13.9615,27.9601,0,0,0,[],[],False,False,False,有效,1.0
002690,美亚光电,观察,增速观察,63.4165,48.8001,77.1392,79.8203,,4.2021,4.026,0.0436,-6.7483,66.6667,0.2509,0.8487,11.04,29.5588,20.1797,0,0,0,[],[],False,False,False,有效,1.0
600955,维远股份,基础数据不足,反转/低基数,63.3874,82.1376,33.1706,67.5703,,21.75,86.6298,29.6646,1938.8507,50.0,0.1736,-43.4035,-0.3,-0.3999,32.4297,0,0,0,[],[],True,True,False,基础数据不足,1.0
601665,齐鲁银行,成长质量优先,持续成长,63.386,63.7571,91.1214,6.802,,10.5521,16.0605,5.4356,1.4764,100.0,2.4645,5.8224,6.0,42.4064,93.198,0,0,0,[],[],False,False,True,有效,1.0
603367,辰欣药业,观察,增速观察,63.3838,51.6133,71.736,81.9909,,-2.6791,15.3957,10.8044,32.6202,16.6667,0.2523,1.6153,4.18,15.7666,18.0091,0,0,0,[],[],False,False,False,有效,1.0
002484,江海股份,观察,增速观察,63.3188,59.6707,63.626,73.6489,,16.9647,6.9235,2.9015,3.8792,66.6667,0.1254,1.0311,5.91,12.193,26.3511,0,0,0,[],[],False,False,False,有效,1.0
600685,中船防务,成长质量优先,持续成长,63.3177,61.9914,78.4178,37.0962,,9.3104,58.939,3.4108,-108.3185,100.0,0.4724,6.2783,4.62,8.444,62.9038,0,0,0,[],[],False,False,False,有效,1.0
600345,长江通信,加速/反转观察,反转/低基数,63.3063,69.7777,44.7015,81.1014,,0.6651,8833.106,-9.9328,8804.6919,83.3333,-0.8401,-0.5495,11.09,152.8702,18.8986,0,0,0,[],[],True,True,False,有效,1.0
601208,东材科技,观察,增速观察,63.2789,75.9444,48.7887,54.2629,,27.2878,63.7817,11.3797,6.0999,83.3333,0.034,0.338,5.05,9.964,45.7371,0,0,0,[],[],False,False,False,有效,1.0
603882,金域医学,加速/反转观察,反转/低基数,63.2765,68.1093,52.3771,70.5767,,-3.7586,324.2659,12.3633,269.7079,33.3333,0.0841,1.2757,2.92,7.3371,29.4233,0,0,0,[],[],True,False,False,有效,1.0
601678,滨化股份,加速/反转观察,反转/低基数,63.2747,71.3915,57.0511,51.3715,,12.3177,208.2466,-32.7385,205.4955,83.3333,0.11,2.6446,2.89,4.3357,48.6285,0,0,0,[],[],True,False,False,有效,1.0
002768,国恩股份,观察,持续成长,63.2342,79.2268,50.6019,40.5207,,18.0524,89.327,7.4833,64.9457,100.0,0.0278,0.4897,9.68,6.2853,59.4793,0,0,0,[],[],False,False,False,有效,1.0
600189,泉阳泉,成长质量优先,持续成长,63.2144,66.9611,71.5346,35.3338,,13.5444,65.0332,8.5299,-80.5002,100.0,0.2725,5.4647,3.11,7.9603,64.6662,0,0,0,[],[],False,False,False,有效,1.0
603596,伯特利,成长质量优先,持续成长,63.1965,68.732,64.8647,43.2535,,21.4602,22.8097,0.5528,14.4888,100.0,0.1198,1.1717,7.74,10.1179,56.7465,0,0,0,[],[],False,False,False,有效,1.0
605376,博迁新材,观察,持续成长,63.1542,74.1947,45.1451,66.0506,,71.6002,28.5034,49.7605,-122.0658,100.0,-0.0557,-0.3658,7.72,15.2388,33.9494,0,0,0,[],[],False,True,False,有效,1.0
002859,洁美科技,加速/反转观察,加速成长,63.1254,72.8626,55.4262,49.3123,,21.4226,39.8717,5.8259,31.1417,83.3333,0.0901,0.7644,4.3,11.3516,50.6877,0,0,0,[],[],False,False,False,有效,1.0
601033,永兴股份,成长质量优先,持续成长,63.1245,58.8267,79.2501,43.7668,,9.1013,13.2447,-4.7772,8.3736,100.0,0.4207,1.8143,4.76,23.5738,56.2332,0,0,0,[],[],False,False,False,有效,1.0
000725,京东方A,成长质量优先,持续成长,63.1199,64.7602,68.5655,47.308,,1.8308,61.6213,-1.2994,51.5951,100.0,0.2205,4.3342,3.82,4.8781,52.692,0,0,0,[],[],False,False,False,有效,1.0
600584,长电科技,加速/反转观察,加速成长,63.1143,66.5649,62.6052,53.7809,,4.9556,79.4118,-3.1354,82.1664,83.3333,0.1518,3.5097,2.92,4.2098,46.2191,0,0,0,[],[],False,False,False,有效,1.0
002487,大金重工,观察,增速观察,63.1056,47.8826,84.2365,66.513,,14.4793,9.8902,-48.8572,-122.9344,83.3333,0.4712,2.5521,7.02,18.4647,33.487,0,0,0,[],[],False,False,False,有效,1.0
603129,春风动力,成长质量优先,持续成长,63.0968,65.6658,73.5162,34.5507,,35.8243,6.2596,4.5203,-7.5748,100.0,0.1678,2.1102,13.36,8.3385,65.4493,0,0,0,[],[],False,False,False,有效,1.0
601138,工业富联,观察,持续成长,63.0912,83.4056,46.9933,34.3438,,54.635,95.9858,6.4106,44.0008,100.0,0.0132,0.3113,13.36,4.2572,65.6562,0,0,0,[],[],False,False,False,有效,1.0
601083,锦江航运,观察,增速观察,63.0332,44.5822,82.4078,79.6371,,10.1616,-5.4316,-7.2709,-52.4293,83.3333,0.3691,1.8282,7.94,20.3915,20.3629,0,0,0,[],[],False,False,False,有效,1.0
600433,冠豪高新,加速/反转观察,反转/低基数,63.028,79.4806,43.2292,53.2676,,6.9372,467.2523,12.6914,732.5413,66.6667,-0.0119,-0.2042,4.9,11.9861,46.7324,0,0,0,[],[],True,True,False,有效,1.0
601500,通用股份,加速/反转观察,加速成长,63.0097,70.589,62.0009,42.2892,,11.1993,114.839,-10.9121,160.975,83.3333,0.189,6.0885,2.26,3.1142,57.7108,0,0,0,[],[],False,False,False,有效,1.0
600593,大连圣亚,加速/反转观察,反转/低基数,63.0091,70.0025,75.0062,18.0343,,2.2914,201.9851,1.9972,63.1474,83.3333,0.1759,2.0638,8.02,13.7114,81.9657,0,0,0,[],[],True,False,True,有效,1.0
601319,中国人保,成长质量优先,持续成长,62.9823,68.1438,75.8756,21.711,,9.5987,38.5036,2.0305,29.693,100.0,0.18,1.74,11.21,14.027,78.289,0,0,0,[],[],False,False,True,有效,1.0
001270,铖昌科技,加速/反转观察,反转/低基数,62.9819,45.9679,72.7505,94.4871,,7.3347,34.718,-83.9411,-441.6245,66.6667,0.2808,0.795,4.91,35.3273,5.5129,0,0,0,[],[],True,False,False,有效,1.0
001221,悍高集团,成长质量优先,持续成长,62.9473,55.8177,69.488,71.2546,,15.7405,10.1247,-10.0886,-22.2701,100.0,0.1472,0.8449,9.91,17.4201,28.7454,0,0,0,[],[],False,False,False,有效,1.0
600031,三一重工,成长质量优先,持续成长,62.9159,61.5532,70.6951,51.4459,,19.6972,9.1314,4.9651,-32.0484,100.0,0.1832,1.7166,6.16,10.7382,48.5541,0,0,0,[],[],False,False,False,有效,1.0
000589,贵州轮胎,加速/反转观察,加速成长,62.8585,70.7744,58.1021,48.6233,,10.5072,44.2253,8.1198,43.4888,83.3333,0.1095,1.7526,3.91,6.2892,51.3767,0,0,0,[],[],False,False,False,有效,1.0
603868,飞科电器,观察,增速观察,62.8262,45.6246,78.44,83.2034,,-4.5553,11.9496,2.344,0.1069,33.3333,0.2534,1.4234,10.25,17.8001,16.7966,0,0,0,[],[],False,False,False,有效,1.0
600352,浙江龙盛,加速/反转观察,加速成长,62.8258,65.6663,69.1679,41.6204,,12.1251,8.2045,28.309,18.1179,66.6667,0.2466,1.7916,3.06,14.048,58.3796,0,0,0,[],[],False,False,False,有效,1.0
605128,上海沿浦,成长质量优先,持续成长,62.8224,61.0988,61.09,71.4583,,10.0046,18.9365,3.7239,-17.9954,100.0,0.1323,1.4365,4.23,8.7116,28.5417,0,0,0,[],[],False,False,False,有效,1.0
002246,北化股份,加速/反转观察,反转/低基数,62.7768,57.0852,70.7996,63.8059,,18.1641,111.0892,-23.0982,-918.1288,66.6667,0.1818,1.0784,7.12,16.7717,36.1941,0,0,0,[],[],True,False,False,有效,1.0
605299,舒华体育,加速/反转观察,加速成长,62.707,81.8488,34.4861,61.7235,,28.3676,130.0525,17.8415,131.2953,50.0,-0.0191,-0.3249,3.61,5.8863,38.2765,0,0,0,[],[],False,True,False,有效,1.0
002811,郑中设计,观察,持续成长,62.6912,70.4028,55.1603,54.6178,,41.7278,14.4044,25.5486,-46.8547,100.0,0.0496,0.4129,7.33,12.0146,45.3822,0,0,0,[],[],False,False,False,有效,1.0
002948,青岛银行,成长质量优先,持续成长,62.6838,60.7854,93.7361,6.2741,,9.1507,18.0759,1.1845,-3.5844,100.0,2.2089,5.1053,8.495,44.3301,93.7259,0,0,0,[],[],False,False,True,有效,1.0
002078,太阳纸业,观察,增速观察,62.6581,62.2468,68.5309,52.1468,,9.1487,9.5967,12.9176,4.7806,83.3333,0.1613,1.7252,6.23,9.3855,47.8532,0,0,0,[],[],False,False,False,有效,1.0
603871,嘉友国际,观察,增速观察,62.65,54.7043,69.5903,72.6063,,-2.8813,30.3857,1.4256,40.9889,50.0,0.1428,0.7745,11.57,18.4357,27.3937,0,0,0,[],[],False,False,False,有效,1.0
601666,平煤股份,加速/反转观察,加速成长,62.6453,73.1815,61.1889,33.9492,,21.3439,22.8406,53.5401,112.7072,33.3333,0.2079,8.0594,1.45,3.113,66.0508,0,0,0,[],[],False,False,False,有效,1.0
000045,深纺织A,观察,增速观察,62.6394,58.7307,60.7132,78.2178,,-0.7347,44.1081,2.0807,67.5524,50.0,0.1592,4.9813,1.7,4.7343,21.7822,0,0,0,[],[],False,False,False,有效,1.0
603730,岱美股份,观察,增速观察,62.6312,58.2658,68.252,64.4861,,-4.8212,74.1639,-5.5203,91.9207,66.6667,0.1444,1.0383,8.3,13.909,35.5139,0,0,0,[],[],False,False,False,有效,1.0
603608,天创时尚,加速/反转观察,反转/低基数,62.5589,62.3995,53.4703,81.2142,,-3.0593,316.1964,-7.5993,200.2089,50.0,0.0963,1.7585,2.53,5.5693,18.7858,0,0,0,[],[],True,False,False,有效,1.0
600009,上海机场,成长质量优先,持续成长,62.5325,54.9979,73.7647,62.6719,,2.352,16.4579,-5.55,7.0044,100.0,0.3491,1.8666,2.82,20.9926,37.3281,0,0,0,[],[],False,False,False,有效,1.0
600267,海正药业,观察,增速观察,62.5304,54.547,71.6924,68.1566,,-14.7579,112.8178,-16.7829,122.8771,66.6667,0.1859,1.3073,7.2,14.3384,31.8434,0,0,0,[],[],False,False,False,有效,1.0
002042,华孚时尚,加速/反转观察,反转/低基数,62.5129,68.7419,67.1241,34.6034,,-8.4952,607.0816,16.7037,479.4548,33.3333,0.2066,4.3675,2.98,5.795,65.3966,0,0,0,[],[],True,False,False,有效,1.0
600390,五矿资本,加速/反转观察,加速成长,62.4967,65.7951,71.7117,34.1717,,15.8069,104.6127,-433.557,118.4302,50.0,0.8898,0.5974,2.54,167.6562,65.8283,0,0,0,[],[],False,False,False,有效,1.0
002120,韵达股份,加速/反转观察,加速成长,62.4812,70.2188,53.058,58.115,,6.466,88.8179,0.4271,127.6112,83.3333,0.0616,1.63,4.62,3.7912,41.885,0,0,0,[],[],False,False,False,有效,1.0
002716,湖南白银,观察,持续成长,62.444,92.1176,22.7791,52.7531,,92.5366,170.3387,42.8378,69.9553,100.0,-0.158,-8.1919,4.36,1.9284,47.2469,0,0,0,[],[],False,True,False,有效,1.0
002354,天娱数科,加速/反转观察,反转/低基数,62.4297,63.0889,55.4878,74.3357,,10.7654,72.4058,-20.8076,13.8235,83.3333,0.0801,2.1503,3.12,6.3125,25.6643,0,0,0,[],[],True,False,False,有效,1.0
000525,红太阳,加速/反转观察,反转/低基数,62.3751,73.8377,55.679,41.3793,,6.9568,148.0099,4.5362,345.6183,66.6667,0.095,1.4825,3.84,6.664,58.6207,0,0,0,[],[],True,False,False,有效,1.0
000966,长源电力,加速/反转观察,反转/低基数,62.3425,73.7093,59.404,34.1192,,3.6954,82.3881,25.9103,191.6392,66.6667,0.1964,7.7909,1.29,2.3247,65.8808,0,0,0,[],[],True,False,False,有效,1.0
000620,盈新发展,加速/反转观察,反转/低基数,62.3069,85.4402,37.0648,43.3915,,35.1677,153.3821,78.9473,273.416,33.3333,0.019,0.2305,2.29,6.1491,56.6085,0,0,0,[],[],True,False,False,有效,1.0
601700,风范股份,加速/反转观察,反转/低基数,62.2948,91.42,30.6978,38.1134,,43.1992,922.9259,50.8607,1446.8358,50.0,-0.0409,-0.8421,4.19,3.1643,61.8866,0,0,0,[],[],True,True,False,有效,1.0
002444,巨星科技,观察,增速观察,62.2931,56.6745,64.1716,75.3922,,9.2082,2.501,10.0812,-6.4455,83.3333,0.1174,0.6904,6.85,17.1758,24.6078,0,0,0,[],[],False,False,False,有效,1.0
002079,苏州固锝,加速/反转观察,加速成长,62.2679,83.2364,21.178,81.5425,,29.104,76.8664,58.9841,74.7568,66.6667,-0.0903,-3.0053,2.25,3.0102,18.4575,0,0,0,[],[],False,True,False,有效,1.0
600604,市北高新,基础数据不足,反转/低基数,62.2667,87.6164,36.0128,38.7255,,117.6681,50.044,175.0715,1182.6327,66.6667,0.29,-5.3406,-1.17,-6.8017,61.2745,0,0,0,[],[],True,True,False,基础数据不足,1.0
603288,海天味业,成长质量优先,持续成长,62.2428,54.5037,62.9669,84.012,,6.0062,7.1251,-1.3118,-3.8282,100.0,0.0758,0.2922,10.07,25.9534,15.988,0,0,0,[],[],False,False,False,有效,1.0
600452,涪陵电力,观察,增速观察,62.24,45.8959,73.4266,88.899,,-8.1721,23.91,-4.3091,47.4655,16.6667,0.3066,1.9294,3.63,15.8922,11.101,0,0,0,[],[],False,False,False,有效,1.0
600362,江西铜业,加速/反转观察,加速成长,62.2389,81.2391,47.5958,34.5244,,19.5347,106.7727,14.1119,104.3598,83.3333,0.0189,0.6736,10.22,3.0932,65.4756,0,0,0,[],[],False,False,False,有效,1.0
002309,中利集团,加速/反转观察,反转/低基数,62.2294,91.3386,29.731,39.8985,,76.5668,261.3677,77.2819,166.2194,66.6667,-0.3122,-4.0164,6.02,7.7885,60.1015,0,0,0,[],[],True,True,False,有效,1.0
603083,剑桥科技,观察,持续成长,62.228,82.9974,27.6581,69.0595,,32.916,171.079,0.8421,113.0017,100.0,-0.4115,-3.3963,4.32,10.127,30.9405,0,0,0,[],[],False,True,False,有效,1.0
002371,北方华创,观察,增速观察,62.1713,59.4359,72.4894,49.7411,,24.9039,5.0512,-5.9466,6.8258,83.3333,0.1872,1.1198,8.58,16.0135,50.2589,0,0,0,[],[],False,False,False,有效,1.0
600882,妙可蓝多,观察,增速观察,62.1471,70.2059,54.7435,52.7779,,28.7079,13.737,12.4148,9.4481,83.3333,0.0909,1.9867,3.39,4.5772,47.2221,0,0,0,[],[],False,False,False,有效,1.0
600754,锦江酒店,加速/反转观察,加速成长,62.1459,63.3651,73.4037,35.9729,,4.2109,47.0545,6.0039,45.4706,50.0,0.3092,3.8574,3.39,8.368,64.0271,0,0,0,[],[],False,False,False,有效,1.0
000672,上峰材料,加速/反转观察,反转/低基数,62.1378,57.4057,72.4429,55.724,,-19.0913,452.5449,-5.217,450.9207,33.3333,0.1694,0.2283,14.11,72.9131,44.276,0,0,0,[],[],True,False,False,有效,1.0
002519,银河电子,加速/反转观察,反转/低基数,62.0971,86.948,22.3224,67.094,,114.4726,118.8818,110.8882,31.0986,66.6667,-0.0114,-0.922,0.25,1.2267,32.906,0,0,0,[],[],True,True,False,有效,1.0
002345,潮宏基,观察,增速观察,62.0725,47.8908,83.2246,62.3136,,6.6455,27.4162,-36.313,-129.2395,83.3333,0.2994,3.1027,10.89,9.6759,37.6864,0,0,0,[],[],False,False,False,有效,1.0
002376,新北洋,观察,持续成长,62.0521,70.6921,48.3774,63.4815,,23.0257,42.7056,5.6823,-12.4781,100.0,0.0668,1.9785,1.36,4.4304,36.5185,0,0,0,[],[],False,False,False,有效,1.0
603663,三祥新材,加速/反转观察,加速成长,62.0371,56.4282,68.1282,66.6818,,0.2284,71.4841,-10.3648,16.3327,66.6667,0.1655,1.2108,5.46,15.2029,33.3182,0,0,0,[],[],False,False,False,有效,1.0
601006,大秦铁路,加速/反转观察,加速成长,62.0286,53.3931,63.9371,84.1179,,6.2,3.4029,2.1565,38.1311,50.0,0.1816,1.6902,2.57,12.0474,15.8821,0,0,0,[],[],False,False,False,有效,1.0
002338,奥普光电,加速/反转观察,加速成长,62.0254,79.2734,31.7821,70.7682,,21.6134,95.5045,14.3483,74.2685,66.6667,-0.4203,-3.0549,4.38,18.9169,29.2318,0,0,0,[],[],False,True,False,有效,1.0
002196,方正电机,加速/反转观察,反转/低基数,61.9628,88.2612,39.4404,28.1127,,35.7742,438.7409,17.9541,264.6201,66.6667,0.0224,1.5811,1.71,1.3974,71.8873,0,0,0,[],[],True,False,True,有效,1.0
600109,国金证券,观察,增速观察,61.9585,61.3653,84.9692,17.7165,,27.0314,18.2094,0.1304,-18.1093,66.6667,6.8726,25.6753,3.64,27.0887,82.2835,0,0,0,[],[],False,False,True,有效,1.0
601022,宁波远洋,观察,增速观察,61.906,51.3881,75.682,65.9079,,17.6643,-9.2764,1.8088,-27.3988,83.3333,0.2763,2.7786,5.43,9.9637,34.0921,0,0,0,[],[],False,False,False,有效,1.0
002562,兄弟科技,观察,持续成长,61.8721,66.325,56.5199,59.2181,,13.82,51.8888,8.8692,-81.1348,100.0,0.1139,2.3951,2.62,4.7558,40.7819,0,0,0,[],[],False,False,False,有效,1.0
002884,凌霄泵业,观察,增速观察,61.8548,49.6775,64.9964,92.1033,,9.9011,-9.2428,1.7294,-12.0687,83.3333,0.1067,0.4636,8.63,23.0162,7.8967,0,0,0,[],[],False,False,False,有效,1.0
000538,云南白药,成长质量优先,持续成长,61.8511,50.1869,73.055,74.4361,,2.9495,1.8789,0.0677,-6.6289,100.0,0.1876,1.1094,9.04,16.8947,25.5639,0,0,0,[],[],False,False,False,有效,1.0
601107,四川成渝,观察,增速观察,61.8505,60.4865,78.5087,32.6261,,12.6523,1.9402,28.1335,-1.7772,66.6667,0.3722,2.0467,4.6,19.7989,67.3739,0,0,0,[],[],False,False,False,有效,1.0
603876,鼎胜新材,加速/反转观察,加速成长,61.8115,79.2743,52.9514,27.1433,,16.1661,155.4119,6.6672,85.0738,83.3333,0.0479,1.5452,6.23,3.0877,72.8567,0,0,0,[],[],False,False,True,有效,1.0
600285,羚锐制药,成长质量优先,持续成长,61.7763,49.2814,83.0019,56.8099,,2.3233,4.3647,-7.7474,-0.7494,100.0,0.3368,1.461,13.96,23.1778,43.1901,0,0,0,[],[],False,False,False,有效,1.0
002563,森马服饰,加速/反转观察,加速成长,61.7558,70.6137,46.1789,66.336,,9.3247,47.4501,6.1501,68.9892,83.3333,0.0399,0.5603,4.15,7.1034,33.664,0,0,0,[],[],False,False,False,有效,1.0
603650,彤程新材,观察,持续成长,61.7021,72.2828,54.0352,45.2935,,29.0997,10.8645,24.2521,2.0063,100.0,0.0195,0.107,9.04,18.2148,54.7065,0,0,0,[],[],False,False,False,有效,1.0
601009,南京银行,成长质量优先,持续成长,61.6887,59.363,92.5894,6.8642,,10.9393,8.17,0.4588,0.0896,100.0,3.3289,7.7052,7.25,43.4964,93.1358,0,0,0,[],[],False,False,True,有效,1.0
603297,永新光学,观察,增速观察,61.6859,57.8801,62.4678,71.5392,,28.002,-11.7996,19.7535,-17.2064,66.6667,0.1374,0.8118,4.54,16.9166,28.4608,0,0,0,[],[],False,False,False,有效,1.0
603327,福蓉科技,加速/反转观察,加速成长,61.682,77.6724,35.8473,65.3806,,23.5331,64.3893,12.8221,90.2677,66.6667,0.0105,0.2239,2.81,4.6786,34.6194,0,0,0,[],[],False,False,False,有效,1.0
600958,东方证券,成长质量优先,持续成长,61.6508,61.0696,85.6806,15.3347,,19.4843,30.4759,-6.6912,-37.6796,100.0,0.9744,2.0617,5.5,47.2612,84.6653,0,0,0,[],[],False,False,True,有效,1.0
002142,宁波银行,成长质量优先,持续成长,61.6342,62.9273,86.9029,7.2178,,11.5447,12.1175,3.5334,3.9854,100.0,0.8018,2.0066,7.12,40.3522,92.7822,0,0,0,[],[],False,False,True,有效,1.0
001207,联科科技,成长质量优先,持续成长,61.6245,51.7082,72.1547,70.3129,,5.0106,1.6003,0.9788,-5.9465,100.0,0.1972,1.5794,6.63,12.5127,29.6871,0,0,0,[],[],False,False,False,有效,1.0
601077,渝农商行,成长质量优先,持续成长,61.5975,59.4304,91.5014,8.2912,,7.8071,6.0933,6.4383,0.7455,100.0,2.1101,4.1055,5.95,52.4996,91.7088,0,0,0,[],[],False,False,True,有效,1.0
000791,甘肃能源,成长质量优先,持续成长,61.5318,51.2275,84.4114,46.6856,,6.0774,1.7996,1.822,-22.9689,100.0,0.5,2.4829,5.47,30.7322,53.3144,0,0,0,[],[],False,False,False,有效,1.0
000060,中金岭南,加速/反转观察,加速成长,61.5277,85.1548,37.0295,39.6429,,35.5256,104.3547,28.3582,130.2462,66.6667,-0.0071,-0.2613,5.73,2.7715,60.3571,0,0,0,[],[],False,True,False,有效,1.0
000601,韶能股份,成长质量优先,持续成长,61.4562,69.4386,62.9981,34.4248,,7.7489,75.6413,-0.2193,35.9222,100.0,0.1437,2.1462,4.01,7.1333,65.5752,0,0,0,[],[],False,False,False,有效,1.0
601963,重庆银行,成长质量优先,持续成长,61.4484,59.9004,91.3041,6.3809,,10.7893,10.2856,0.3052,-0.2068,100.0,5.9494,14.3524,6.015,44.3873,93.6191,0,0,0,[],[],False,False,True,有效,1.0
002335,科华数据,加速/反转观察,加速成长,61.4445,62.0671,68.1804,46.1049,,4.0503,62.6868,-1.1458,30.0658,66.6667,0.1612,1.5799,6.03,10.3329,53.8951,0,0,0,[],[],False,False,False,有效,1.0
601038,一拖股份,加速/反转观察,加速成长,61.4426,60.4085,68.3017,50.8268,,13.8384,1.7233,22.9256,13.6612,50.0,0.1345,1.3561,9.76,10.1335,49.1732,0,0,0,[],[],False,False,False,有效,1.0
603889,新澳股份,观察,持续成长,61.4263,72.6237,46.8486,56.9894,,20.8369,20.2349,16.4693,8.1361,100.0,-0.0167,-0.1586,8.53,11.0981,43.0106,0,0,0,[],[],False,True,False,有效,1.0
002170,芭田股份,成长质量优先,持续成长,61.3551,48.6639,78.8742,64.3902,,3.8055,32.2262,-48.8158,-90.5648,100.0,0.2555,1.1181,15.17,22.8642,35.6098,0,0,0,[],[],False,False,False,有效,1.0
600529,山东药玻,加速/反转观察,加速成长,61.3176,50.4745,66.0549,84.3726,,1.3415,-0.0737,10.1264,26.7946,50.0,0.1758,1.0808,4.4,16.2633,15.6274,0,0,0,[],[],False,False,False,有效,1.0
600007,中国国贸,观察,增速观察,61.2849,39.9319,80.6574,86.5988,,-3.8991,0.172,-0.2691,4.9323,33.3333,0.4381,1.256,6.53,34.9039,13.4012,0,0,0,[],[],False,False,False,有效,1.0
600177,雅戈尔,加速/反转观察,加速成长,61.2457,60.5934,62.4708,60.7523,,0.7326,23.7878,19.1028,35.3553,50.0,0.1164,0.2822,5.0,41.2457,39.2477,0,0,0,[],[],False,False,False,有效,1.0
600919,江苏银行,成长质量优先,持续成长,61.2326,58.1239,93.2713,6.4815,,9.1107,8.0895,0.2916,-0.257,100.0,3.8665,8.6522,7.86,46.6002,93.5185,0,0,0,[],[],False,False,True,有效,1.0
603281,江瀚新材,加速/反转观察,加速成长,61.2135,54.0265,55.9008,93.3998,,15.5353,-15.3476,31.6794,15.1884,16.6667,0.0967,0.5928,3.65,16.3123,6.6002,0,0,0,[],[],False,False,False,有效,1.0
603115,海星股份,观察,持续成长,61.1961,76.2946,38.2589,61.7751,,24.1696,57.2004,5.1162,29.029,100.0,-0.0276,-0.3589,4.84,7.6871,38.2249,0,0,0,[],[],False,True,False,有效,1.0
603040,新坐标,观察,增速观察,61.1626,39.6898,80.4133,87.0796,,5.3896,-10.4445,-12.8181,-36.554,83.3333,0.3565,1.1535,8.15,31.6442,12.9204,0,0,0,[],[],False,False,False,有效,1.0
600566,济川药业,观察,增速观察,61.1564,43.9298,76.9633,81.2222,,-15.2945,8.264,7.1363,38.0363,16.6667,0.367,1.0897,5.33,33.5872,18.7778,0,0,0,[],[],False,False,False,有效,1.0
002349,精华制药,观察,增速观察,61.153,48.9811,65.3267,89.3211,,3.1926,4.1954,-0.9347,1.0761,66.6667,0.1476,0.8182,4.84,21.8935,10.6789,0,0,0,[],[],False,False,False,有效,1.0
001298,好上好,加速/反转观察,反转/低基数,61.0941,93.8417,27.6641,29.7114,,90.1799,332.3223,74.4632,179.5306,83.3333,-0.2017,-10.2543,8.57,1.9674,70.2886,0,0,0,[],[],True,True,True,有效,1.0
002847,盐津铺子,成长质量优先,持续成长,61.0056,54.8859,75.4634,50.4492,,4.4079,14.1039,-4.2328,-2.8456,100.0,0.1911,1.3798,19.51,13.8177,49.5508,0,0,0,[],[],False,False,False,有效,1.0
603468,津富士达,观察,增速观察,60.9837,57.947,65.4804,61.1005,,19.1266,-3.4824,15.4246,2.8453,50.0,0.1253,2.0522,6.54,6.5783,38.8995,0,0,0,[],[],False,False,False,有效,0.9
002507,涪陵榨菜,观察,增速观察,60.941,43.048,71.6805,93.1408,,4.0235,-7.1944,2.1469,-3.2771,33.3333,0.2681,0.895,4.59,29.9534,6.8592,0,0,0,[],[],False,False,False,有效,1.0
000830,鲁西化工,加速/反转观察,加速成长,60.9305,63.6599,59.3796,55.8441,,4.1566,27.6412,6.2372,82.9474,66.6667,0.1019,1.6051,5.01,6.3504,44.1559,0,0,0,[],[],False,False,False,有效,1.0
002957,科瑞技术,观察,增速观察,60.9185,68.7721,55.014,49.1668,,32.7143,31.14,25.1655,-64.7939,66.6667,0.0697,0.6347,4.88,12.0262,50.8332,0,0,0,[],[],False,False,False,有效,1.0
000552,甘肃能化,加速/反转观察,反转/低基数,60.89,83.7804,33.5779,46.8427,,24.6795,190.6949,43.8103,308.1867,33.3333,0.0196,0.5301,1.05,3.4372,53.1573,0,0,0,[],[],True,False,False,有效,1.0
600054,黄山旅游,加速/反转观察,加速成长,60.8765,49.3139,66.9829,83.3517,,5.1124,2.9393,-4.115,10.0909,66.6667,0.218,1.6535,2.7,14.2739,16.6483,0,0,0,[],[],False,False,False,有效,1.0
003043,华亚智能,加速/反转观察,加速成长,60.8763,58.5814,60.3481,68.8173,,8.3224,35.8826,-51.4943,31.1189,83.3333,0.1777,2.3065,1.97,6.6217,31.1827,0,0,0,[],[],False,False,False,有效,1.0
002315,焦点科技,观察,增速观察,60.8275,49.6204,78.359,59.3859,,15.3796,-11.7095,0.155,-23.3211,83.3333,0.2741,1.1125,9.56,23.6256,40.6141,0,0,0,[],[],False,False,False,有效,1.0
000957,中通客车,成长质量优先,持续成长,60.7678,56.0992,81.4707,33.3676,,1.849,48.502,-25.9712,4.3226,100.0,0.3857,5.476,8.63,7.0442,66.6324,0,0,0,[],[],False,False,False,有效,1.0
603867,新化股份,观察,增速观察,60.7648,62.3412,52.0142,73.537,,14.6015,9.4883,15.3598,-5.2868,66.6667,0.0497,0.5201,5.2,10.7612,26.463,0,0,0,[],[],False,False,False,有效,1.0
603511,爱慕股份,观察,增速观察,60.7605,49.5094,65.6275,84.7799,,-1.4163,21.5414,0.7905,28.4637,16.6667,0.199,2.4302,2.92,8.3138,15.2201,0,0,0,[],[],False,False,False,有效,1.0
000551,创元科技,观察,增速观察,60.6917,59.4454,61.9349,61.9442,,8.5923,11.4693,7.9008,-6.2203,83.3333,0.0981,1.2321,5.99,10.6004,38.0558,0,0,0,[],[],False,False,False,有效,1.0
002392,北京利尔,加速/反转观察,加速成长,60.6115,74.1445,42.1792,56.8772,,14.4466,76.5143,4.2723,50.6554,83.3333,-0.0335,-0.3446,6.38,9.7472,43.1228,0,0,0,[],[],False,True,False,有效,1.0
000831,中国稀土,加速/反转观察,反转/低基数,60.6088,38.5815,79.9053,88.098,,-12.1896,46.5308,-17.3011,-113.6198,50.0,0.4316,2.9994,4.81,14.7193,11.902,0,0,0,[],[],True,False,False,有效,1.0
600377,宁沪高速,观察,增速观察,60.5787,49.8233,79.8215,54.3595,,-1.1974,3.2777,11.3424,10.4102,50.0,0.3877,1.4393,5.86,28.1418,45.6405,0,0,0,[],[],False,False,False,有效,1.0
603969,银龙股份,观察,持续成长,60.5474,63.2071,54.74,64.1831,,7.9625,40.3474,2.9634,-14.1654,100.0,0.0301,0.1987,8.23,16.5774,35.8169,0,0,0,[],[],False,False,False,有效,1.0
000828,东莞控股,观察,增速观察,60.5125,41.1842,86.3588,66.8044,,-8.5119,3.3844,-0.2367,17.1714,33.3333,1.6085,2.047,5.32,77.1658,33.1956,0,0,0,[],[],False,False,False,有效,1.0
002472,双环传动,成长质量优先,持续成长,60.4915,53.2608,74.7262,53.714,,7.7996,1.6471,4.0328,-21.5587,100.0,0.2438,1.8948,5.67,13.6408,46.286,0,0,0,[],[],False,False,False,有效,1.0
002990,盛视科技,加速/反转观察,反转/低基数,60.4654,85.9303,28.8692,47.2631,,33.7343,342.9135,15.4793,394.1348,50.0,-1.794,-12.3506,4.2,14.5258,52.7369,0,0,0,[],[],True,True,False,有效,1.0
003009,中天火箭,加速/反转观察,反转/低基数,60.4612,86.1267,18.5901,67.2069,,27.046,329.3069,42.3682,949.9524,33.3333,-0.1413,-3.1924,0.96,4.4261,32.7931,0,0,0,[],[],True,True,False,有效,1.0
000869,张裕A,加速/反转观察,加速成长,60.4375,47.6225,65.9972,87.763,,6.9448,-24.2899,15.7512,52.3521,16.6667,0.2659,2.9764,1.35,9.0994,12.237,0,0,0,[],[],False,False,False,有效,1.0
002057,中钢天源,加速/反转观察,加速成长,60.3444,58.7376,58.6072,68.6393,,12.1293,15.6711,-3.3702,13.3531,66.6667,0.0918,0.9195,5.18,11.6064,31.3607,0,0,0,[],[],False,False,False,有效,1.0
603019,中科曙光,加速/反转观察,加速成长,60.3049,75.0579,41.0058,54.6437,,27.6215,33.3116,13.8095,19.4383,83.3333,-0.025,-0.192,4.28,12.45,45.3563,0,0,0,[],[],False,True,False,有效,1.0
603538,美诺华,观察,持续成长,60.2837,71.9339,40.9863,63.9279,,26.7947,29.8316,17.3059,-23.1912,100.0,0.0294,0.3962,2.42,7.6371,36.0721,0,0,0,[],[],False,False,False,有效,1.0
002967,广电计量,观察,持续成长,60.2428,66.194,48.6998,65.4753,,14.0321,25.1645,1.6659,4.595,100.0,0.0729,1.0083,2.59,6.9597,34.5247,0,0,0,[],[],False,False,False,有效,1.0
600789,鲁抗医药,加速/反转观察,加速成长,60.2258,64.4352,56.616,54.8171,,2.656,29.309,10.1479,100.8497,66.6667,0.1108,2.5972,2.66,4.5089,45.1829,0,0,0,[],[],False,False,False,有效,1.0
603799,华友钴业,观察,增速观察,60.2185,73.2417,52.9308,35.7246,,49.3891,29.3799,16.453,-17.6871,83.3333,0.0387,0.6124,7.05,9.2997,64.2754,0,0,0,[],[],False,False,False,有效,1.0
002493,荣盛石化,加速/反转观察,反转/低基数,60.1641,61.0359,75.9715,25.9336,,-12.9333,748.827,-7.4649,731.7349,50.0,0.1642,4.1588,11.13,7.1556,74.0664,0,0,0,[],[],True,False,True,有效,1.0
603976,正川股份,加速/反转观察,加速成长,60.1494,59.1218,60.5854,62.3604,,17.5847,-12.7886,34.6544,51.7106,33.3333,0.2084,6.4563,1.03,3.2284,37.6396,0,0,0,[],[],False,False,False,有效,1.0
002254,泰和新材,加速/反转观察,加速成长,60.1065,77.9434,40.0185,46.7717,,11.4165,135.3105,19.9216,188.1242,50.0,0.035,1.345,0.78,3.3634,53.2283,0,0,0,[],[],False,False,False,有效,1.0
600123,兰花科创,加速/反转观察,反转/低基数,60.0935,76.0809,46.3421,39.6341,,18.3221,44.5955,48.7165,219.8274,33.3333,0.0586,3.3818,0.55,0.0422,60.3659,0,0,0,[],[],True,False,False,有效,1.0
002851,麦格米特,加速/反转观察,加速成长,60.0618,78.1656,35.0681,55.7376,,29.6823,45.2097,14.6275,111.7896,66.6667,0.0049,0.1172,2.93,4.5799,44.2624,0,0,0,[],[],False,False,False,有效,1.0
601518,吉林高速,观察,增速观察,60.06,39.2216,77.3776,87.9401,,-5.0913,-2.2231,2.7585,6.6839,16.6667,0.5526,1.2915,3.86,46.0464,12.0599,0,0,0,[],[],False,False,False,有效,1.0
601579,会稽山,观察,持续成长,60.0499,60.1045,49.3457,81.2945,,4.4297,37.0377,-7.2509,12.341,100.0,0.05,0.3314,3.36,15.2529,18.7055,0,0,0,[],[],False,False,False,有效,1.0
002886,沃特股份,观察,持续成长,60.033,69.9766,49.1889,51.8904,,18.0311,48.9874,9.863,-26.9778,100.0,0.0694,2.7089,1.53,2.8053,48.1096,0,0,0,[],[],False,False,False,有效,1.0
601021,春秋航空,观察,增速观察,60.0119,56.7926,77.6902,34.3129,,19.7165,-10.8124,12.4185,-12.7683,83.3333,0.2807,3.3224,5.69,8.4489,65.6871,0,0,0,[],[],False,False,False,有效,1.0
601901,方正证券,成长质量优先,持续成长,59.9066,61.6146,79.0175,16.5607,,29.6224,24.0629,-6.4621,-55.7899,100.0,0.4449,1.1044,5.68,40.4839,83.4393,0,0,0,[],[],False,False,True,有效,1.0
605009,豪悦护理,加速/反转观察,加速成长,59.9,53.1416,68.8729,62.2298,,11.4265,3.6164,-16.7931,43.753,66.6667,0.1977,2.5203,4.51,7.8454,37.7702,0,0,0,[],[],False,False,False,有效,1.0
001313,粤海饲料,加速/反转观察,反转/低基数,59.88,92.1522,17.4403,47.9426,,41.6564,1240.4567,31.8874,1119.6177,66.6667,-0.1276,-10.0917,1.86,1.3875,52.0574,0,0,0,[],[],True,True,False,有效,1.0
601988,中国银行,成长质量优先,持续成长,59.8672,58.6714,87.5629,8.0634,,8.4802,5.105,4.0015,2.9271,100.0,1.4452,4.1733,4.33,36.9935,91.9366,0,0,0,[],[],False,False,True,有效,1.0
603283,赛腾股份,加速/反转观察,加速成长,59.8397,71.0686,45.7787,54.2747,,11.4348,47.7888,27.8912,60.2818,33.3333,0.0063,0.053,5.12,12.2824,45.7253,0,0,0,[],[],False,False,False,有效,1.0
000338,潍柴动力,加速/反转观察,加速成长,59.8327,65.9345,62.8406,35.5112,,8.8476,36.4637,1.3745,40.6097,83.3333,0.0921,1.4737,8.0,7.7455,64.4888,0,0,0,[],[],False,False,False,有效,1.0
002530,金财互联,加速/反转观察,反转/低基数,59.8119,69.1582,42.0233,67.3506,,29.9429,32.4988,47.3187,-775.4734,83.3333,0.0184,0.2576,3.23,9.6493,32.6494,0,0,0,[],[],True,False,False,有效,1.0
603499,翔港科技,成长质量优先,持续成长,59.7776,45.2588,78.6431,65.6029,,4.4757,5.4515,-12.3863,-71.4364,100.0,0.2573,1.6777,8.82,16.1522,34.3971,0,0,0,[],[],False,False,False,有效,1.0
600717,天津港,观察,增速观察,59.7649,47.1642,70.7951,75.5064,,-13.1849,34.5446,-19.1644,35.846,66.6667,0.2258,1.7882,3.33,19.1514,24.4936,0,0,0,[],[],False,False,False,有效,1.0
002736,国信证券,成长质量优先,持续成长,59.753,52.4225,90.0979,21.0545,,13.3967,6.7862,-14.8106,-27.9705,100.0,2.2481,4.9259,5.25,45.6331,78.9455,0,0,0,[],[],False,False,True,有效,1.0
601288,农业银行,成长质量优先,持续成长,59.7513,61.6437,83.5227,6.5314,,11.0651,4.9251,8.9891,1.7494,100.0,0.7,1.9648,5.07,36.0361,93.4686,0,0,0,[],[],False,False,True,有效,1.0
601222,林洋能源,加速/反转观察,加速成长,59.7109,79.3091,26.3622,67.6137,,82.4036,31.699,110.0911,99.2564,33.3333,-0.1481,-1.5713,2.77,9.4732,32.3863,0,0,0,[],[],False,True,False,有效,1.0
002432,九安医疗,加速/反转观察,反转/低基数,59.6528,63.5217,49.1092,69.1329,,-30.5771,233.6569,16.7421,197.82,50.0,-0.214,-0.037,13.65,578.6542,30.8671,0,0,0,[],[],True,True,False,有效,1.0
603978,深圳新星,加速/反转观察,反转/低基数,59.6108,81.2546,40.5287,32.8436,,28.8106,189.502,1.4309,116.746,83.3333,0.0225,2.1692,1.21,1.0364,67.1564,0,0,0,[],[],True,False,False,有效,1.0
002961,瑞达期货,观察,持续成长,59.5975,87.4748,40.6416,13.8774,,60.2839,80.0178,37.0835,37.0643,100.0,-2.339,-4.5533,10.12,51.6891,86.1226,0,0,0,[],[],False,True,True,有效,1.0
600415,小商品城,观察,持续成长,59.573,68.1666,50.7746,51.389,,33.3049,17.0476,6.6812,-19.7119,100.0,-0.0125,-0.0651,8.28,19.3151,48.611,0,0,0,[],[],False,True,False,有效,1.0
603087,甘李药业,成长质量优先,持续成长,59.5707,42.8306,68.5905,91.7513,,7.5589,1.0105,-25.5013,-85.0397,100.0,0.1945,0.709,5.15,27.4102,8.2487,0,0,0,[],[],False,False,False,有效,1.0
002597,金禾实业,加速/反转观察,加速成长,59.5657,54.4173,60.9356,72.2713,,24.2855,-23.5072,31.6789,14.1537,16.6667,0.1447,1.7185,3.23,8.4449,27.7287,0,0,0,[],[],False,False,False,有效,1.0
603353,和顺石油,加速/反转观察,反转/低基数,59.5326,63.4246,53.527,59.8677,,-6.0482,480.4761,2.1015,654.338,16.6667,0.0693,1.1624,5.02,5.3764,40.1323,0,0,0,[],[],True,False,False,有效,1.0
603687,大胜达,加速/反转观察,加速成长,59.5035,58.7785,51.9662,76.7534,,5.6887,9.0683,2.2671,36.493,83.3333,0.0884,1.4857,1.97,7.5961,23.2466,0,0,0,[],[],False,False,False,有效,1.0
600392,盛和资源,加速/反转观察,反转/低基数,59.4725,72.1251,40.0899,60.28,,41.7649,135.2351,9.9307,-169.7014,66.6667,-0.0728,-0.7192,6.8,10.3672,39.72,0,0,0,[],[],True,True,False,有效,1.0
601177,杭齿前进,观察,持续成长,59.447,68.6243,47.9463,54.9163,,11.2974,24.5999,7.0105,19.323,100.0,0.0139,0.105,5.44,13.8577,45.0837,0,0,0,[],[],False,False,False,有效,1.0
000676,智度股份,加速/反转观察,加速成长,59.3651,59.1615,46.5335,85.6388,,1.6982,73.784,-20.0719,107.2053,66.6667,0.0509,0.7642,3.33,7.0639,14.3612,0,0,0,[],[],False,False,False,有效,1.0
600933,爱柯迪,观察,增速观察,59.36,54.5968,66.899,58.5713,,24.4155,-16.6966,14.5263,-41.386,83.3333,0.1625,1.4609,4.78,12.5144,41.4287,0,0,0,[],[],False,False,False,有效,1.0
600396,华电辽能,加速/反转观察,加速成长,59.3542,65.4175,66.9353,26.002,,11.0479,22.0635,13.3434,88.4907,33.3333,0.0964,2.0626,7.4,10.0984,73.998,0,0,0,[],[],False,False,True,有效,1.0
603565,中谷物流,观察,增速观察,59.3526,49.0664,81.9165,45.0835,,2.2407,1.0518,7.9376,-7.9737,66.6667,0.3208,1.617,9.94,19.8622,54.9165,0,0,0,[],[],False,False,False,有效,1.0
601658,邮储银行,成长质量优先,持续成长,59.3386,58.2384,87.6336,6.0492,,7.2646,4.6214,5.2711,3.5518,100.0,1.8314,6.8445,4.8,26.8446,93.9508,0,0,0,[],[],False,False,True,有效,1.0
000680,山推股份,观察,持续成长,59.3365,71.2661,53.7737,34.6732,,18.1898,19.0293,15.3658,9.1665,100.0,0.0395,0.4802,10.49,8.1922,65.3268,0,0,0,[],[],False,False,False,有效,1.0
600221,海航控股,加速/反转观察,反转/低基数,59.3286,74.6296,64.2704,3.542,,7.3572,374.4315,2.3983,59.5429,83.3333,0.1754,23.0637,4.98,0.2843,96.458,0,0,0,[],[],True,False,True,有效,1.0
605123,派克新材,加速/反转观察,加速成长,59.3276,67.8329,49.8365,52.7939,,25.8183,13.4003,15.5421,17.7719,50.0,0.0561,0.6307,4.27,8.8912,47.2061,0,0,0,[],[],False,False,False,有效,1.0
601838,成都银行,成长质量优先,持续成长,59.2689,54.0885,93.2265,6.8951,,4.1264,4.352,1.4238,1.0459,100.0,5.278,9.7662,7.49,54.0431,93.1049,0,0,0,[],[],False,False,True,有效,1.0
603217,元利科技,加速/反转观察,加速成长,59.2679,72.1679,35.7052,67.693,,18.0205,36.6605,19.9353,43.4234,50.0,-0.081,-0.7257,4.22,11.1584,32.307,0,0,0,[],[],False,True,False,有效,1.0
002785,万里石,加速/反转观察,反转/低基数,59.2365,57.5847,63.7409,55.183,,-14.2894,506.6939,-13.8773,548.3121,33.3333,0.1784,3.2066,3.1,3.7269,44.817,0,0,0,[],[],True,False,False,有效,1.0
600163,中闽能源,观察,增速观察,59.2288,42.593,87.5117,52.5707,,-0.1249,-7.2893,7.5671,12.6024,16.6667,0.9963,3.1653,4.52,38.9094,47.4293,0,0,0,[],[],False,False,False,有效,1.0
000848,承德露露,加速/反转观察,加速成长,59.2222,65.3506,44.0753,71.1306,,11.2932,15.2831,14.7531,21.1571,66.6667,-0.1205,-0.623,8.43,19.3373,28.8694,0,0,0,[],[],False,True,False,有效,1.0
601398,工商银行,观察,增速观察,59.2139,57.4591,87.6369,7.6324,,9.077,3.3188,7.0732,2.5811,83.3333,2.9387,7.8823,4.315,37.8816,92.3676,0,0,0,[],[],False,False,True,有效,1.0
002108,沧州明珠,加速/反转观察,加速成长,59.2029,76.827,33.3429,58.0504,,20.4036,58.8746,16.6701,59.6276,66.6667,-0.0347,-0.4192,2.61,8.2782,41.9496,0,0,0,[],[],False,True,False,有效,1.0
002034,旺能环境,观察,增速观察,59.1961,43.5769,79.9683,64.5093,,-0.1986,8.3117,-2.4253,-20.2722,50.0,0.3969,1.6303,5.53,24.7626,35.4907,0,0,0,[],[],False,False,False,有效,1.0
605183,确成股份,观察,增速观察,59.1721,43.2191,69.4384,86.4988,,9.5732,-35.9559,8.5292,-27.8536,66.6667,0.2045,1.4098,4.65,14.5084,13.5012,0,0,0,[],[],False,False,False,有效,1.0
601939,建设银行,观察,增速观察,59.1328,59.8219,83.6153,8.1005,,10.7174,4.6201,8.8326,3.6281,83.3333,0.8033,2.0681,4.76,39.3277,91.8995,0,0,0,[],[],False,False,True,有效,1.0
603338,浙江鼎力,观察,增速观察,59.1183,57.2893,58.9452,64.9518,,24.8589,-5.949,14.9015,-22.5501,66.6667,0.0583,0.3188,8.39,18.2862,35.0482,0,0,0,[],[],False,False,False,有效,1.0
600874,创业环保,观察,增速观察,59.1131,50.4662,78.9806,45.3186,,3.2807,3.2789,4.6765,-3.5528,66.6667,0.4073,1.8756,4.65,22.8181,54.6814,0,0,0,[],[],False,False,False,有效,1.0
002803,吉宏股份,观察,增速观察,59.067,58.6815,60.0766,58.204,,15.5338,33.5182,-6.0306,-18.6449,66.6667,0.081,1.9173,5.68,6.274,41.796,0,0,0,[],[],False,False,False,有效,1.0
605133,嵘泰股份,观察,增速观察,59.0595,55.6336,62.8031,61.8501,,39.4279,-10.1407,2.2242,-26.9196,83.3333,0.1468,3.1237,2.29,6.4019,38.1499,0,0,0,[],[],False,False,False,有效,1.0
000415,渤海租赁,加速/反转观察,反转/低基数,59.0288,54.3957,85.6122,19.7615,,-16.8556,258.7338,-54.5663,403.6399,50.0,0.3671,2.7106,10.55,17.6934,80.2385,0,0,0,[],[],True,False,True,有效,1.0
600259,中稀有色,加速/反转观察,反转/低基数,59.0204,71.1838,46.3746,47.8222,,-6.3843,456.5067,47.4109,313.7749,33.3333,-0.0703,-0.4368,10.92,15.6284,52.1778,0,0,0,[],[],True,True,False,有效,1.0
600160,巨化股份,成长质量优先,持续成长,59.0182,48.786,73.2081,61.335,,0.065,29.2288,-10.2699,-65.063,100.0,0.1747,0.8794,12.15,22.3215,38.665,0,0,0,[],[],False,False,False,有效,1.0
000969,安泰科技,加速/反转观察,加速成长,58.9822,77.9387,32.9736,54.1299,,39.3397,30.1193,34.6093,32.1388,66.6667,-0.042,-0.8917,4.27,5.3328,45.8701,0,0,0,[],[],False,True,False,有效,1.0
603618,杭电股份,加速/反转观察,反转/低基数,58.9633,83.0544,38.2664,28.0836,,12.6582,938.6682,5.8815,1255.3092,83.3333,-0.0785,-1.0185,13.5,7.7236,71.9164,0,0,0,[],[],True,True,True,有效,1.0
601001,晋控煤业,加速/反转观察,加速成长,58.9355,44.4845,71.1566,77.8459,,2.5699,-17.4296,15.3658,17.3482,16.6667,0.2235,1.8903,3.79,16.2355,22.1541,0,0,0,[],[],False,False,False,有效,1.0
603699,纽威股份,成长质量优先,持续成长,58.9209,56.6264,69.9146,43.8173,,14.4708,15.2024,-10.0571,-23.3347,100.0,0.1386,0.7363,15.86,18.7209,56.1827,0,0,0,[],[],False,False,False,有效,1.0
600596,新安股份,加速/反转观察,反转/低基数,58.9037,73.7915,35.4241,61.1997,,6.2601,268.0251,6.5381,82.3528,66.6667,0.018,0.6072,2.02,3.15,38.8003,0,0,0,[],[],True,False,False,有效,1.0
000683,博源化工,加速/反转观察,加速成长,58.8975,59.7646,66.6331,40.8252,,1.9385,12.2744,10.9046,60.2552,66.6667,0.1312,0.9486,6.41,18.1067,59.1748,0,0,0,[],[],False,False,False,有效,1.0
002885,京泉华,观察,持续成长,58.8769,64.9202,57.9332,42.6347,,12.0954,73.0958,0.9535,-47.2458,100.0,0.0894,2.4168,4.61,3.729,57.3653,0,0,0,[],[],False,False,False,有效,1.0
600118,中国卫星,加速/反转观察,反转/低基数,58.876,88.194,14.9442,58.7859,,42.724,213.3621,24.3694,185.9827,66.6667,-0.1489,-8.1206,0.54,1.7806,41.2141,0,0,0,[],[],True,True,False,有效,1.0
600185,珠免集团,加速/反转观察,反转/低基数,58.8746,55.6197,88.2464,9.896,,-29.2644,112.7166,6.4988,80.6851,33.3333,0.2645,9.3338,43.06,20.4134,90.104,0,0,0,[],[],True,False,True,有效,1.0
600036,招商银行,观察,增速观察,58.8676,53.1189,92.016,9.817,,4.8315,2.0219,4.8185,0.8156,83.3333,1.7096,3.9847,6.71,43.169,90.183,0,0,0,[],[],False,False,True,有效,1.0
600985,淮北矿业,加速/反转观察,加速成长,58.866,63.6789,55.7863,50.5864,,3.7604,20.1133,41.1995,89.0967,33.3333,0.1115,1.9248,2.94,4.949,49.4136,0,0,0,[],[],False,False,False,有效,1.0
002607,中公教育,加速/反转观察,加速成长,58.8298,60.8792,77.9348,14.4714,,1.2182,18.5161,16.0545,91.8983,50.0,0.2462,3.9315,9.22,6.1051,85.5286,0,0,0,[],[],False,False,True,有效,1.0
600633,浙数文化,观察,增速观察,58.8074,51.8919,55.2197,86.7296,,22.1572,-20.1343,22.657,-32.0736,50.0,0.1055,0.6049,2.9,16.732,13.2704,0,0,0,[],[],False,False,False,有效,1.0
000582,北部湾港,加速/反转观察,加速成长,58.7963,49.1972,74.3537,56.4786,,0.8359,5.0858,-7.8844,19.9376,83.3333,0.3613,2.3224,2.77,17.7872,43.5214,0,0,0,[],[],False,False,False,有效,1.0
000997,新大陆,加速/反转观察,加速成长,58.7791,75.51,37.5536,51.0376,,42.8233,15.8453,27.2926,15.7069,83.3333,-0.1924,-1.5343,9.07,13.6908,48.9624,0,0,0,[],[],False,True,False,有效,1.0
605100,华丰股份,加速/反转观察,加速成长,58.777,78.0834,18.3608,81.6899,,32.5846,43.8594,46.0017,112.895,33.3333,-0.1313,-3.4361,1.05,3.8215,18.3101,0,0,0,[],[],False,True,False,有效,1.0
601991,大唐发电,观察,增速观察,58.7684,53.0545,81.482,30.4831,,2.1427,20.3145,3.9392,-43.5993,83.3333,0.2614,2.7718,13.82,11.552,69.5169,0,0,0,[],[],False,False,False,有效,1.0
600211,西藏药业,观察,增速观察,58.7679,42.4805,79.7861,65.594,,-5.832,7.1633,-12.0608,17.946,50.0,0.3083,0.7881,15.6,36.7418,34.406,0,0,0,[],[],False,False,False,有效,1.0
002500,山西证券,观察,增速观察,58.7493,54.2464,84.8494,20.0579,,8.0736,14.9933,-3.7216,-14.8711,83.3333,1.2128,3.5689,3.22,34.1702,79.9421,0,0,0,[],[],False,False,True,有效,1.0
002603,以岭药业,加速/反转观察,反转/低基数,58.7375,39.5235,77.9421,77.9704,,0.8566,13.2772,-19.3807,-264.2868,66.6667,0.2895,1.5579,6.66,18.5797,22.0296,0,0,0,[],[],True,False,False,有效,1.0
002906,华阳集团,观察,持续成长,58.7295,67.788,51.1134,46.7862,,30.3613,17.5543,1.9033,-2.4409,100.0,0.0508,0.8768,5.61,5.8419,53.2138,0,0,0,[],[],False,False,False,有效,1.0
000697,炼石航空,基础数据不足,反转/低基数,58.711,78.5224,22.0854,72.5282,,24.1459,49.5994,17.0632,147.3796,66.6667,0.0148,-0.326,-1.53,-4.6322,27.4718,0,0,0,[],[],True,True,False,基础数据不足,1.0
002293,罗莱生活,加速/反转观察,加速成长,58.6767,59.5575,52.4353,68.5172,,5.5329,34.4202,-0.5951,14.3176,66.6667,0.0492,0.4544,5.77,10.8488,31.4828,0,0,0,[],[],False,False,False,有效,1.0
600258,首旅酒店,观察,增速观察,58.6699,48.0211,78.4463,51.0636,,-2.2165,10.9774,-0.3532,10.3792,50.0,0.4084,3.3169,3.59,13.3798,48.9364,0,0,0,[],[],False,False,False,有效,1.0
600256,广汇能源,观察,增速观察,58.6651,54.6886,69.8577,48.2096,,-9.5674,49.8057,6.9012,104.2634,16.6667,0.1976,2.2018,5.15,8.5544,51.7904,0,0,0,[],[],False,False,False,有效,1.0
002428,云南锗业,加速/反转观察,反转/低基数,58.637,83.1469,30.7204,40.9404,,38.2064,235.3079,-0.6884,297.365,83.3333,-0.2142,-2.111,4.96,10.4419,59.0596,0,0,0,[],[],True,True,False,有效,1.0
605090,九丰能源,观察,增速观察,58.6348,45.5054,72.4598,70.373,,-7.6031,10.398,0.4609,22.5041,33.3333,0.1824,1.8496,8.03,9.9662,29.627,0,0,0,[],[],False,False,False,有效,1.0
600460,士兰微,观察,持续成长,58.6339,71.9224,44.6589,46.7183,,14.618,94.8373,-1.6972,13.5689,100.0,0.0402,0.5664,4.23,5.0846,53.2817,0,0,0,[],[],False,False,False,有效,1.0
002380,科远智慧,加速/反转观察,加速成长,58.6194,64.0252,48.5512,62.5382,,10.4597,19.3344,-0.5062,64.1799,83.3333,-0.0034,-0.0229,6.69,15.1599,37.4618,0,0,0,[],[],False,True,False,有效,1.0
603293,埃泰克,观察,增速观察,58.5931,58.965,58.5612,57.5415,,16.9217,1.0251,12.8048,-16.1199,83.3333,0.0977,1.8598,4.68,5.2539,42.4585,0,0,0,[],[],False,False,False,有效,0.9
601018,宁波港,观察,增速观察,58.5866,55.1641,56.4046,73.2181,,12.7565,-2.1162,5.3421,-7.7439,83.3333,0.1079,0.7155,3.12,16.7069,26.7819,0,0,0,[],[],False,False,False,有效,1.0
002938,鹏鼎控股,成长质量优先,持续成长,58.5707,51.6073,65.9729,64.6564,,5.1412,4.1092,-6.2606,0.8639,100.0,0.1849,2.4799,3.71,7.3283,35.3436,0,0,0,[],[],False,False,False,有效,1.0
600479,千金药业,加速/反转观察,加速成长,58.5401,61.8649,49.3287,66.9887,,5.5171,41.5902,5.5436,17.5231,50.0,0.0277,0.2934,5.8,10.4207,33.0113,0,0,0,[],[],False,False,False,有效,1.0
601601,中国太保,成长质量优先,持续成长,58.5328,54.5979,88.3522,10.6985,,5.8056,10.364,-1.8826,-8.6418,100.0,0.5425,3.7394,9.7,14.9216,89.3015,0,0,0,[],[],False,False,True,有效,1.0
601058,赛轮轮胎,加速/反转观察,加速成长,58.5239,63.4177,56.673,47.5442,,13.876,17.9664,-1.8148,31.2626,83.3333,0.0516,0.4782,9.63,10.9696,52.4558,0,0,0,[],[],False,False,False,有效,1.0
600033,福建高速,观察,增速观察,58.5185,33.6386,82.7539,84.6875,,-2.9357,-6.7574,-3.7003,-28.2119,33.3333,0.79,2.2382,4.09,42.5674,15.3125,0,0,0,[],[],False,False,False,有效,1.0
002138,顺络电子,观察,增速观察,58.5163,53.7327,69.4778,50.9439,,19.6724,-7.9797,5.2855,-30.6856,83.3333,0.1623,1.401,6.78,12.8458,49.0561,0,0,0,[],[],False,False,False,有效,1.0
600841,动力新科,加速/反转观察,反转/低基数,58.516,69.0958,43.8756,56.0576,,13.2919,126.4349,24.5466,-117.2389,66.6667,0.048,1.935,1.23,2.4807,43.9424,0,0,0,[],[],True,False,False,有效,1.0
603533,掌阅科技,基础数据不足,反转/低基数,58.5098,70.9664,30.1412,77.8772,,16.8881,68.6892,-8.6387,526.6676,66.6667,-0.0653,2.324,-2.18,-2.6492,22.1228,0,0,0,[],[],True,True,False,基础数据不足,1.0
000758,中色股份,加速/反转观察,加速成长,58.5065,72.211,49.4209,35.5642,,20.657,37.3206,7.176,19.1198,83.3333,0.0085,0.0899,9.77,10.2572,64.4358,0,0,0,[],[],False,False,False,有效,1.0
601827,三峰环境,观察,增速观察,58.5053,47.7917,78.3885,50.8799,,3.3887,-2.6472,10.5959,-8.0255,50.0,0.3501,1.5608,5.34,24.2535,49.1201,0,0,0,[],[],False,False,False,有效,1.0
000681,视觉中国,观察,增速观察,58.5011,57.893,47.1505,83.0267,,-7.326,130.9634,-3.2932,161.2783,33.3333,0.0256,0.0935,2.78,28.3713,16.9733,0,0,0,[],[],False,False,False,有效,1.0
600063,皖维高新,观察,增速观察,58.495,58.3004,58.6274,58.8139,,4.3158,22.4259,4.5362,5.0405,66.6667,0.1176,1.5894,3.69,7.3987,41.1861,0,0,0,[],[],False,False,False,有效,1.0
601699,潞安环能,加速/反转观察,加速成长,58.4909,66.843,45.8505,58.7154,,6.684,31.8518,29.0834,86.3263,33.3333,0.0276,0.2333,3.85,11.6886,41.2846,0,0,0,[],[],False,False,False,有效,1.0
002674,兴业科技,加速/反转观察,加速成长,58.4467,62.8564,52.0647,57.9814,,3.8893,36.6084,2.7022,65.0145,66.6667,0.0797,2.5984,1.75,4.3847,42.0186,0,0,0,[],[],False,False,False,有效,1.0
603939,益丰药房,成长质量优先,持续成长,58.3971,55.9213,66.2216,50.1755,,3.4821,9.5144,1.9402,-0.2924,100.0,0.1198,1.5082,8.01,8.8134,49.8245,0,0,0,[],[],False,False,False,有效,1.0
603078,江化微,观察,增速观察,58.3573,54.647,57.29,71.6225,,17.2161,-2.3597,4.9709,-8.6249,66.6667,0.1284,1.8618,2.36,6.8985,28.3775,0,0,0,[],[],False,False,False,有效,1.0
600398,海澜之家,观察,增速观察,58.3243,47.5463,75.1352,57.0365,,7.3811,-5.8566,4.1881,-6.1989,50.0,0.2139,1.7856,8.09,11.8795,42.9635,0,0,0,[],[],False,False,False,有效,1.0
600315,上海家化,加速/反转观察,反转/低基数,58.3151,54.7276,59.8463,66.0152,,8.9867,43.3541,-2.263,-88.7649,66.6667,0.1047,1.0419,5.41,10.0496,33.9848,0,0,0,[],[],True,False,False,有效,1.0
002041,登海种业,观察,增速观察,58.2999,70.6048,26.8859,84.2135,,26.9647,41.0204,38.5131,-20.838,50.0,-0.0989,-0.9366,1.34,8.9366,15.7865,0,0,0,[],[],False,True,False,有效,1.0
600483,福能股份,观察,增速观察,58.2988,47.5759,74.0052,59.0549,,2.9582,-0.634,8.538,-6.5033,50.0,0.2559,1.2632,4.93,25.9795,40.9451,0,0,0,[],[],False,False,False,有效,1.0
603298,杭叉集团,观察,持续成长,58.2947,59.375,55.1928,61.2576,,8.6486,8.8882,2.744,0.0221,100.0,0.0378,0.3147,10.02,11.8883,38.7424,0,0,0,[],[],False,False,False,有效,1.0
002346,柘中股份,加速/反转观察,反转/低基数,58.2775,65.148,44.7828,64.6554,,11.7686,118.5316,24.3558,-363.009,50.0,-0.4884,-0.6237,10.5,78.3007,35.3446,0,0,0,[],[],True,True,False,有效,1.0
002437,誉衡药业,观察,增速观察,58.2649,43.7467,71.0068,76.3358,,-8.4074,18.2731,4.1003,-43.6559,50.0,0.1809,1.1458,7.18,16.1195,23.6642,0,0,0,[],[],False,False,False,有效,1.0
002757,南兴股份,加速/反转观察,反转/低基数,58.2315,59.5322,58.1725,54.4476,,12.1465,32.0431,9.7452,-136.4794,66.6667,0.1049,2.396,3.86,4.5362,45.5524,0,0,0,[],[],True,False,False,有效,1.0
603166,福达股份,成长质量优先,持续成长,58.1516,51.8102,68.9262,55.6268,,12.2229,7.3606,-8.439,-63.5095,100.0,0.1756,1.1762,5.81,14.9293,44.3732,0,0,0,[],[],False,False,False,有效,1.0
600641,先导基电,加速/反转观察,反转/低基数,58.0986,77.0906,24.6735,67.973,,64.0557,414.9474,-154.4409,632.6684,50.0,-1.0047,-5.4827,2.54,13.1093,32.027,0,0,0,[],[],True,True,False,有效,1.0
603197,保隆科技,加速/反转观察,加速成长,58.0952,72.0566,51.4758,29.4498,,18.5918,95.794,-5.927,125.5001,66.6667,0.0378,0.6714,7.95,6.1936,70.5502,0,0,0,[],[],False,False,True,有效,1.0
603606,东方电缆,观察,持续成长,58.0279,71.224,43.0283,48.439,,30.8481,19.4144,11.5909,-6.6978,100.0,-0.0271,-0.2785,6.65,9.7384,51.561,0,0,0,[],[],False,True,False,有效,1.0
001287,中电港,观察,持续成长,58.0198,94.7318,26.2876,11.348,,164.1926,183.64,129.4758,163.7449,100.0,-0.2379,-34.11,9.17,0.6975,88.652,0,0,0,[],[],False,True,True,有效,1.0
600888,新疆众和,加速/反转观察,加速成长,58.004,58.0994,58.7527,56.2203,,2.0491,33.5474,-5.7837,78.3529,66.6667,0.1109,0.8665,4.3197,12.9135,43.7797,0,0,0,[],[],False,False,False,有效,1.0
600367,红星发展,观察,增速观察,57.9899,48.3456,60.6349,81.6326,,-1.9923,7.3773,0.8312,3.1694,66.6667,0.1362,1.7129,3.37,8.5336,18.3674,0,0,0,[],[],False,False,False,有效,1.0
605007,五洲特纸,加速/反转观察,加速成长,57.9765,76.8769,45.2792,26.67,,18.7567,88.9511,2.7063,121.3114,83.3333,0.0216,0.4608,6.13,4.7263,73.33,0,0,0,[],[],False,False,True,有效,1.0
000049,德赛电池,加速/反转观察,加速成长,57.9721,72.4926,45.3648,39.6254,,9.7787,110.4431,2.395,139.6776,66.6667,0.0341,1.7792,3.02,2.0064,60.3746,0,0,0,[],[],False,False,False,有效,1.0
002821,凯莱英,观察,增速观察,57.9461,42.5972,67.3491,85.1864,,13.1271,-15.7106,-1.7837,-35.0604,50.0,0.228,1.5799,2.91,14.2537,14.8136,0,0,0,[],[],False,False,False,有效,1.0
603406,天富龙,观察,增速观察,57.9457,48.4416,55.7342,90.8813,,-6.3217,12.0876,2.4965,14.673,50.0,0.0631,0.3969,5.4,15.9005,9.1187,0,0,0,[],[],False,False,False,有效,1.0
603486,科沃斯,观察,持续成长,57.9443,63.0872,53.2103,51.9833,,19.1844,27.4015,4.0871,-90.728,100.0,0.02,0.1654,12.91,12.0666,48.0167,0,0,0,[],[],False,False,False,有效,1.0
603380,易德龙,成长质量优先,持续成长,57.9425,52.2551,65.3247,60.2399,,7.9834,0.8208,2.0358,-19.8382,100.0,0.1276,1.3981,7.03,9.1823,39.7601,0,0,0,[],[],False,False,False,有效,1.0
601333,广深铁路,观察,持续成长,57.9414,52.6675,55.9943,77.6573,,5.8693,7.3196,-0.0213,-27.1683,100.0,0.0959,1.1917,4.16,8.0456,22.3427,0,0,0,[],[],False,False,False,有效,1.0
000880,潍柴重机,观察,持续成长,57.9398,72.0379,53.3771,24.7709,,52.7112,36.4878,6.2023,-29.2607,100.0,0.0464,1.1384,7.97,4.0745,75.2291,0,0,0,[],[],False,False,True,有效,1.0
600908,无锡银行,成长质量优先,持续成长,57.938,52.1758,91.5706,7.9597,,3.0071,2.8382,1.0261,0.3073,100.0,2.8194,5.4159,6.01,52.0677,92.0403,0,0,0,[],[],False,False,True,有效,1.0
002328,新朋股份,加速/反转观察,反转/低基数,57.937,56.5206,54.014,70.0319,,-23.1207,316.3411,0.313,324.9426,16.6667,0.0074,0.035,10.17,21.9147,29.9681,0,0,0,[],[],True,False,False,有效,1.0
601108,财通证券,加速/反转观察,加速成长,57.9084,85.7825,35.1156,19.8714,,46.8976,75.384,36.7711,62.8838,83.3333,-0.6987,-1.5987,4.91,43.7011,80.1286,0,0,0,[],[],False,True,True,有效,1.0
000025,特力A,观察,增速观察,57.8899,30.5957,86.7664,82.0191,,-66.7286,0.8006,-22.6499,-3.7634,66.6667,0.9862,3.4029,4.53,30.4583,17.9809,0,0,0,[],[],False,False,False,有效,1.0
600110,诺德股份,加速/反转观察,反转/低基数,57.8825,93.6524,16.6675,33.003,,113.3288,242.0709,74.4685,226.9494,83.3333,-0.1701,-10.6323,1.77,1.8321,66.997,0,0,0,[],[],True,True,False,有效,1.0
603039,泛微网络,加速/反转观察,加速成长,57.8534,67.7435,40.9521,61.9855,,5.0444,74.6776,8.2181,32.4263,66.6667,-0.0375,-0.277,4.39,13.5224,38.0145,0,0,0,[],[],False,True,False,有效,1.0
001280,中国铀业,观察,持续成长,57.8322,64.0362,50.0563,54.7716,,10.8,29.0761,-4.3356,16.2581,100.0,0.033,0.3534,5.71,10.3556,45.2284,0,0,0,[],[],False,False,False,有效,1.0
002092,中泰化学,加速/反转观察,反转/低基数,57.787,76.5679,41.5735,33.8718,,10.1074,138.5543,14.8461,68.1238,66.6667,0.0178,3.6487,0.35,0.191,66.1282,0,0,0,[],[],True,False,False,有效,1.0
002310,东方新能,加速/反转观察,反转/低基数,57.7736,94.4474,14.099,35.1016,,115.4898,316.0384,176.4318,218.1439,83.3333,-0.5921,-28.4836,0.13,5.0576,64.8984,0,0,0,[],[],True,True,False,有效,1.0
605305,中际联合,成长质量优先,持续成长,57.7612,47.498,61.2877,81.4975,,17.5485,0.5196,-27.0939,-67.9455,100.0,0.0671,0.2449,8.63,27.3404,18.5025,0,0,0,[],[],False,False,False,有效,1.0
601360,三六零,加速/反转观察,反转/低基数,57.7487,70.7321,28.5543,77.1873,,9.014,176.5443,-0.3583,52.4985,66.6667,-0.0137,-0.2648,0.74,5.0097,22.8127,0,0,0,[],[],True,True,False,有效,1.0
002746,仙坛股份,加速/反转观察,加速成长,57.7378,68.9558,41.2749,57.0098,,17.916,31.9734,8.812,14.0865,66.6667,0.0201,0.3329,3.87,6.2213,42.9902,0,0,0,[],[],False,False,False,有效,1.0
003006,百亚股份,加速/反转观察,加速成长,57.6662,49.351,64.0244,69.8957,,6.0393,-4.8194,-1.2811,22.8846,66.6667,0.0994,1.0392,11.76,9.5687,30.1043,0,0,0,[],[],False,False,False,有效,1.0
603931,格林达,观察,增速观察,57.6654,38.1884,69.9935,91.4399,,-3.8085,-0.7429,0.7954,15.4864,0.0,0.2732,1.3593,3.13,20.097,8.5601,0,0,0,[],[],False,False,False,有效,1.0
603124,江南新材,观察,持续成长,57.6421,82.6058,31.6692,34.6968,,40.8483,51.7337,22.1063,27.4541,100.0,-0.0678,-2.8741,8.34,2.3594,65.3032,0,0,0,[],[],False,True,False,有效,1.0
002703,浙江世宝,成长质量优先,持续成长,57.5799,54.9355,62.3424,55.9879,,12.8958,11.483,-18.8656,-9.5688,100.0,0.1207,2.0019,4.88,6.4693,44.0121,0,0,0,[],[],False,False,False,有效,1.0
002555,三七互娱,观察,增速观察,57.505,47.2425,70.6941,61.9141,,-14.2759,26.1398,-5.8174,17.6398,66.6667,0.1497,0.6165,12.35,24.2322,38.0859,0,0,0,[],[],False,False,False,有效,1.0
600982,宁波能源,观察,增速观察,57.4936,60.71,63.0032,36.8254,,11.2701,12.8741,21.9869,-9.211,50.0,0.1459,1.9175,3.2,10.3199,63.1746,0,0,0,[],[],False,False,False,有效,1.0
002155,湖南黄金,观察,持续成长,57.4661,57.5925,42.2083,87.6028,,12.6336,46.0064,-67.6247,-29.7666,100.0,-0.0033,-0.1103,11.14,3.0462,12.3972,0,0,0,[],[],False,True,False,有效,1.0
002907,华森制药,观察,增速观察,57.452,47.0882,59.1108,85.2258,,-6.4181,16.7444,-13.1712,31.9189,66.6667,0.1322,0.8679,3.66,13.5301,14.7742,0,0,0,[],[],False,False,False,有效,1.0
605228,神通科技,加速/反转观察,反转/低基数,57.4283,43.1006,69.8703,75.5273,,0.5443,43.9408,-35.1551,-471.9072,66.6667,0.2137,1.8945,4.33,11.2809,24.4727,0,0,0,[],[],True,False,False,有效,1.0
002584,西陇科学,加速/反转观察,反转/低基数,57.3746,86.8889,20.2634,43.0543,,27.9013,152.3293,34.114,374.5333,66.6667,-0.0463,-5.0602,1.8,0.9252,56.9457,0,0,0,[],[],True,True,False,有效,1.0
002608,江苏国信,观察,增速观察,57.3608,48.4751,74.2893,50.1612,,11.4712,-22.5099,15.1827,-29.5228,66.6667,0.2384,2.2285,4.9,13.7047,49.8388,0,0,0,[],[],False,False,False,有效,1.0
603158,腾龙股份,加速/反转观察,加速成长,57.3519,64.2814,52.4069,46.4537,,8.0002,25.9487,-1.434,105.1756,83.3333,0.06,1.073,5.03,5.7706,53.5463,0,0,0,[],[],False,False,False,有效,1.0
601112,振石股份,观察,增速观察,57.313,53.3081,66.0619,51.8302,,16.7432,15.0695,-45.5167,-6.117,66.6667,0.1292,1.0627,7.57,12.1693,48.1698,0,0,0,[],[],False,False,False,有效,1.0
001369,双欣材料,观察,增速观察,57.3093,57.0866,44.3999,83.7962,,19.0908,-2.8623,16.2624,-5.7037,50.0,0.0156,0.1219,3.88,12.7079,16.2038,0,0,0,[],[],False,False,False,有效,1.0
000423,东阿阿胶,观察,持续成长,57.2967,50.4954,55.8926,80.5088,,3.3936,5.658,-5.4385,-6.005,100.0,0.0259,0.0948,8.12,27.2664,19.4912,0,0,0,[],[],False,False,False,有效,1.0
000599,青岛双星,加速/反转观察,反转/低基数,57.2906,61.8946,62.1498,33.7601,,-4.4108,503.7068,-11.2492,504.8041,33.3333,0.1366,13.2163,2.53,5.749,66.2399,0,0,0,[],[],True,False,False,有效,1.0
603392,万泰生物,基础数据不足,反转/低基数,57.288,72.1506,20.2252,86.8257,,24.2905,10.9152,43.282,485.8068,33.3333,-0.0776,0.6338,-1.09,-12.6256,13.1743,0,0,0,[],[],True,True,False,基础数据不足,1.0
605488,福莱新材,加速/反转观察,加速成长,57.2799,68.7597,41.8408,53.7185,,28.5036,2.0389,16.1001,46.5161,83.3333,0.0337,1.1111,2.53,3.2025,46.2815,0,0,0,[],[],False,False,False,有效,1.0
002946,新乳业,观察,增速观察,57.2784,54.0411,68.9313,43.6843,,5.1995,17.2445,-0.1264,-18.7345,83.3333,0.1292,1.6151,11.84,8.1948,56.3157,0,0,0,[],[],False,False,False,有效,1.0
000598,兴蓉环境,成长质量优先,持续成长,57.2745,56.5029,66.5099,41.1185,,4.6684,4.7361,4.4588,4.2905,100.0,0.166,0.7134,5.07,23.7769,58.8815,0,0,0,[],[],False,False,False,有效,1.0
002443,金洲管道,加速/反转观察,加速成长,57.2439,62.1757,39.5592,77.8175,,1.7583,48.2867,9.5449,79.8915,33.3333,0.0272,0.653,2.45,4.7171,22.1825,0,0,0,[],[],False,False,False,有效,1.0
002130,沃尔核材,成长质量优先,持续成长,57.2338,53.2748,61.2854,61.0078,,17.9411,1.5428,-4.0631,-33.4188,100.0,0.1015,0.8331,6.32,12.7246,38.9922,0,0,0,[],[],False,False,False,有效,1.0
002344,海宁皮城,观察,增速观察,57.1896,50.1774,64.008,64.5892,,-2.5629,26.9614,-0.9576,47.4829,16.6667,0.2237,1.7387,0.7,15.3353,35.4108,0,0,0,[],[],False,False,False,有效,1.0
000557,西部创业,观察,增速观察,57.1384,37.0163,70.7611,90.2593,,10.2412,-74.7786,11.4411,-86.0139,50.0,0.3346,3.1826,1.17,10.5131,9.7407,0,0,0,[],[],False,False,False,有效,1.0
600619,海立股份,观察,持续成长,57.0935,69.2573,50.7977,33.1936,,0.0109,390.6871,-9.3299,278.504,100.0,0.0457,3.4716,2.65,1.9511,66.8064,0,0,0,[],[],True,False,False,有效,1.0
603225,新凤鸣,加速/反转观察,加速成长,57.0903,81.9504,31.8206,33.0495,,21.5005,103.1628,14.8437,110.5821,83.3333,-0.0685,-1.9377,7.12,3.5363,66.9505,0,0,0,[],[],False,True,False,有效,1.0
600276,恒瑞医药,观察,增速观察,57.0769,38.7988,67.1182,91.8283,,-1.939,0.3446,-14.9633,-21.3475,83.3333,0.1286,0.445,8.04,28.8911,8.1717,0,0,0,[],[],False,False,False,有效,1.0
603369,今世缘,观察,增速观察,57.0674,40.5659,77.2162,66.2744,,-7.4099,-6.5967,4.4027,17.0918,33.3333,0.2511,0.7763,11.83,32.3479,33.7256,0,0,0,[],[],False,False,False,有效,1.0
000908,石药景峰,加速/反转观察,反转/低基数,57.0655,77.0063,13.9768,83.4204,,10.3643,118.0207,19.4789,271.1314,50.0,-0.6184,-21.3275,0.56,4.0106,16.5796,0,0,0,[],[],True,True,False,有效,1.0
002625,光启技术,观察,增速观察,57.0584,45.9737,60.9688,82.4919,,19.5919,-17.3526,-11.7323,-22.7178,83.3333,0.1477,0.5226,3.27,28.264,17.5081,0,0,0,[],[],False,False,False,有效,1.0
000755,山西高速,观察,增速观察,56.988,43.6378,81.936,47.1427,,-0.2271,1.8743,-1.2404,2.3106,50.0,0.678,2.0116,4.39,33.7071,52.8573,0,0,0,[],[],False,False,False,有效,1.0
000563,陕国投A,观察,持续成长,56.972,50.4265,58.363,73.8263,,2.854,0.3155,2.006,-4.9388,100.0,0.098,0.1893,3.85,51.7779,26.1737,0,0,0,[],[],False,False,False,有效,1.0
601888,中国中免,观察,增速观察,56.9569,50.5712,57.8433,74.3412,,-1.7603,19.4895,3.1628,35.4472,16.6667,0.0897,0.7982,5.46,11.0078,25.6588,0,0,0,[],[],False,False,False,有效,1.0
603067,振华股份,观察,持续成长,56.9353,63.9938,43.5952,62.44,,28.1464,3.4501,16.6171,-35.9174,100.0,-0.0451,-0.4109,7.71,11.0168,37.56,0,0,0,[],[],False,True,False,有效,1.0
605277,新亚电子,观察,持续成长,56.9315,64.8584,50.4582,46.0971,,13.7611,30.0069,2.6535,-14.1005,100.0,0.0373,0.6408,7.3,5.8251,53.9029,0,0,0,[],[],False,False,False,有效,1.0
603088,宁波精达,观察,增速观察,56.9197,49.2816,67.7188,58.236,,12.1411,-23.1915,4.3922,3.8351,66.6667,0.1851,1.6651,4.34,11.4996,41.764,0,0,0,[],[],False,False,False,有效,1.0
002275,桂林三金,观察,增速观察,56.9165,40.4496,69.7013,80.7478,,-2.979,-9.121,3.7786,7.8289,33.3333,0.1647,0.6121,7.86,26.9115,19.2522,0,0,0,[],[],False,False,False,有效,1.0
600305,恒顺醋业,观察,持续成长,56.9072,59.8075,39.6189,82.783,,8.7949,9.2137,4.6659,-3.5835,100.0,-0.0068,-0.0694,3.61,9.8402,17.217,0,0,0,[],[],False,True,False,有效,1.0
000925,众合科技,基础数据不足,反转/低基数,56.9006,80.5577,30.2321,39.2661,,28.6025,75.6058,15.7207,431.1956,50.0,-0.2631,14.3169,-0.5,-1.2627,60.7339,0,0,0,[],[],True,True,False,基础数据不足,1.0
600298,安琪酵母,观察,持续成长,56.8882,63.8306,49.3854,51.0668,,16.3005,10.2068,6.22,-6.3903,100.0,0.0218,0.2269,7.06,9.8622,48.9332,0,0,0,[],[],False,False,False,有效,1.0
601328,交通银行,成长质量优先,持续成长,56.8753,57.1371,80.9106,8.0192,,6.7295,4.0377,4.7108,1.8622,100.0,0.667,1.9832,4.045,34.1471,91.9808,0,0,0,[],[],False,False,True,有效,1.0
601998,中信银行,观察,增速观察,56.8571,51.9453,88.364,8.5787,,3.0508,3.0813,3.5989,0.1036,83.3333,2.1113,6.143,4.76,34.896,91.4213,0,0,0,[],[],False,False,True,有效,1.0
603997,继峰股份,加速/反转观察,反转/低基数,56.853,75.9469,44.7613,23.7549,,24.276,137.2555,21.9071,-42.7707,83.3333,0.0186,0.6661,6.7,3.0307,76.2451,0,0,0,[],[],True,False,True,有效,1.0
605389,长龄液压,观察,增速观察,56.8376,56.5832,40.8126,89.651,,18.34,9.4354,-3.2379,-23.8126,83.3333,-0.0087,-0.0668,3.38,13.0024,10.349,0,0,0,[],[],False,True,False,有效,1.0
600186,莲花控股,观察,持续成长,56.8229,65.3975,45.2721,54.2009,,18.1013,50.9779,-12.3509,-1.6112,100.0,-0.0715,-0.5616,12.46,13.0785,45.7991,0,0,0,[],[],False,True,False,有效,1.0
600686,金龙汽车,成长质量优先,持续成长,56.8107,64.323,65.8575,16.1802,,7.3384,137.5757,0.4533,-59.3219,100.0,0.1053,4.2256,7.73,2.9253,83.8198,0,0,0,[],[],False,False,True,有效,1.0
600710,苏美达,观察,增速观察,56.7943,64.4899,60.3888,26.5183,,19.6574,6.6158,19.1138,-11.4336,83.3333,0.0449,4.2976,7.87,2.7838,73.4817,0,0,0,[],[],False,False,True,有效,1.0
603662,柯力传感,观察,增速观察,56.7933,46.1131,66.1252,70.1698,,22.2687,-24.3841,1.9376,-55.1098,66.6667,0.1554,0.996,4.64,20.3208,29.8302,0,0,0,[],[],False,False,False,有效,1.0
000902,新洋丰,观察,持续成长,56.764,58.224,52.8383,60.2355,,20.034,1.0121,4.0675,-21.5979,100.0,0.0414,0.4858,7.81,8.8134,39.7645,0,0,0,[],[],False,False,False,有效,1.0
601825,沪农商行,观察,增速观察,56.7561,50.3279,90.6066,8.3397,,1.8161,0.866,4.7096,0.6652,83.3333,2.1382,4.1378,5.38,52.7683,91.6603,0,0,0,[],[],False,False,True,有效,1.0
603989,艾华集团,观察,增速观察,56.7541,64.3001,42.1674,63.2897,,15.3533,17.2066,14.0981,-19.7133,83.3333,0.0163,0.2175,4.28,7.4766,36.7103,0,0,0,[],[],False,False,False,有效,1.0
001391,国货航,观察,增速观察,56.7206,45.8636,59.0012,84.7306,,14.669,-26.0028,3.5239,-58.3302,83.3333,0.1259,1.7205,3.39,7.3209,15.2694,0,0,0,[],[],False,False,False,有效,1.0
601388,怡球资源,加速/反转观察,反转/低基数,56.6905,69.128,29.9276,72.9041,,12.6161,667.1336,4.0691,-148.4417,83.3333,-0.0798,-1.428,4.77,5.5906,27.0959,0,0,0,[],[],True,True,False,有效,1.0
000938,紫光股份,加速/反转观察,加速成长,56.6664,83.6441,35.4281,18.21,,33.9296,108.1821,11.5007,100.9902,83.3333,-0.0663,-1.9422,13.32,3.947,81.79,0,0,0,[],[],False,True,True,有效,1.0
600486,扬农化工,观察,增速观察,56.6563,42.5681,74.136,63.9614,,5.9735,-1.9887,-7.7849,-8.9661,50.0,0.2178,1.8216,6.69,11.9605,36.0386,0,0,0,[],[],False,False,False,有效,1.0
600780,通宝能源,观察,增速观察,56.6243,49.021,61.4434,69.7961,,-0.5067,24.6636,-4.5298,-1.7654,50.0,0.1241,1.7533,4.56,7.0688,30.2039,0,0,0,[],[],False,False,False,有效,1.0
600025,华能水电,观察,增速观察,56.6139,43.0136,85.4002,39.8422,,1.4544,-5.0491,-5.4331,-7.5453,83.3333,0.6912,2.0765,5.91,37.0962,60.1578,0,0,0,[],[],False,False,False,有效,1.0
601965,中国汽研,观察,持续成长,56.6031,54.3305,54.1945,68.2382,,6.9076,4.5616,1.9496,-13.018,100.0,0.044,0.2103,5.33,21.9691,31.7618,0,0,0,[],[],False,False,False,有效,1.0
603408,建霖家居,观察,增速观察,56.5842,55.9191,55.9999,59.748,,18.4874,-13.5689,16.2414,-5.0166,66.6667,0.0743,1.0207,5.85,7.2775,40.252,0,0,0,[],[],False,False,False,有效,1.0
600810,神马股份,加速/反转观察,反转/低基数,56.5735,65.9404,51.1597,39.3005,,-2.981,149.1423,6.9612,1037.7748,33.3333,0.098,9.9711,0.67,1.4727,60.6995,0,0,0,[],[],True,False,False,有效,1.0
601997,贵阳银行,观察,增速观察,56.5576,52.9321,85.5317,9.4855,,10.8666,-4.612,23.8063,-6.2704,33.3333,3.9434,12.0415,3.6,33.5115,90.5145,0,0,0,[],[],False,False,True,有效,1.0
600600,青岛啤酒,观察,增速观察,56.5499,40.1401,80.398,58.0832,,-4.0814,0.3966,-5.1258,-5.1988,66.6667,0.2801,1.4043,12.02,20.2835,41.9168,0,0,0,[],[],False,False,False,有效,1.0
600583,海油工程,观察,增速观察,56.5402,53.7122,60.0081,58.0884,,9.4178,-0.6368,18.7352,2.9239,33.3333,0.126,1.4301,3.88,8.9899,41.9116,0,0,0,[],[],False,False,False,有效,1.0
002351,漫步者,观察,增速观察,56.5183,43.7146,61.6844,84.597,,-6.265,5.5388,-1.296,9.5992,50.0,0.0931,0.5588,6.93,18.0438,15.403,0,0,0,[],[],False,False,False,有效,1.0
600158,中体产业,基础数据不足,反转/低基数,56.4917,70.617,32.6387,61.8221,,4.3539,73.745,19.1653,514.206,33.3333,-0.2126,27.2718,-0.2,1.3831,38.1779,0,0,0,[],[],True,True,False,基础数据不足,1.0
002595,豪迈科技,观察,增速观察,56.4732,47.2653,58.4576,80.1283,,14.2665,-5.2802,-11.4339,-24.2671,83.3333,0.0496,0.2631,9.2,18.8501,19.8717,0,0,0,[],[],False,False,False,有效,1.0
601919,中远海控,加速/反转观察,加速成长,56.4529,44.488,73.1298,58.9937,,2.587,-23.4783,8.7254,13.6544,50.0,0.2085,1.7386,5.7,14.0273,41.0063,0,0,0,[],[],False,False,False,有效,1.0
600203,福日电子,加速/反转观察,反转/低基数,56.4022,88.2489,27.1052,19.4562,,48.5736,277.4138,18.049,190.0374,66.6667,-0.0574,-5.4585,5.05,1.1284,80.5438,0,0,0,[],[],True,True,True,有效,1.0
002265,建设工业,加速/反转观察,加速成长,56.3991,79.9756,26.4401,45.5877,,40.2682,37.954,36.6994,48.4369,66.6667,-0.0233,-0.737,1.73,3.1812,54.4123,0,0,0,[],[],False,True,False,有效,1.0
600066,宇通客车,观察,增速观察,56.3893,41.5247,85.6757,42.4101,,3.6525,-3.5187,-7.6556,-38.4609,83.3333,0.3558,3.1855,11.85,11.2963,57.5899,0,0,0,[],[],False,False,False,有效,1.0
000001,平安银行,观察,增速观察,56.3652,50.0816,89.4265,9.0933,,1.7756,3.3213,12.1734,7.534,33.3333,3.0448,8.3675,5.22,36.3878,90.9067,0,0,0,[],[],False,False,True,有效,1.0
600368,五洲交通,观察,增速观察,56.3552,40.2003,78.7117,60.1072,,-8.526,-0.7546,5.3737,19.5439,16.6667,0.6361,1.267,4.28,50.3359,39.8928,0,0,0,[],[],False,False,False,有效,1.0
600219,南山铝业,观察,增速观察,56.3531,46.2613,59.7993,79.736,,7.5268,-14.3977,4.1135,-12.4423,66.6667,0.1137,0.9394,4.41,13.1401,20.264,0,0,0,[],[],False,False,False,有效,1.0
600216,浙江医药,加速/反转观察,加速成长,56.3428,46.2573,58.8822,81.5207,,1.4646,-9.994,6.7404,14.7477,50.0,0.1031,0.7463,5.37,11.7542,18.4793,0,0,0,[],[],False,False,False,有效,1.0
000963,华东医药,观察,增速观察,56.3292,48.6711,63.736,64.4899,,1.8072,2.5308,-2.2646,5.3146,83.3333,0.1133,1.3432,7.31,8.3379,35.5101,0,0,0,[],[],False,False,False,有效,1.0
000899,赣能股份,观察,增速观察,56.3224,50.6319,75.9594,34.1197,,34.3123,-41.0319,27.4166,-82.0035,66.6667,0.3868,6.2978,3.83,8.7341,65.8803,0,0,0,[],[],False,False,False,有效,1.0
002332,仙琚制药,观察,增速观察,56.3218,40.1097,66.4176,84.7663,,4.7831,-20.6688,10.8252,-33.8773,33.3333,0.1837,1.4713,4.02,12.4875,15.2337,0,0,0,[],[],False,False,False,有效,1.0
002020,京新药业,观察,增速观察,56.3195,38.238,73.6369,75.9289,,-1.4559,-9.3473,0.6888,-15.8108,50.0,0.24,1.3563,5.78,17.9123,24.0711,0,0,0,[],[],False,False,False,有效,1.0
603310,巍华新材,加速/反转观察,加速成长,56.3102,61.6203,38.7783,75.4435,,59.8272,-14.2081,77.4462,19.0626,16.6667,0.0213,0.2087,1.76,9.3905,24.5565,0,0,0,[],[],False,False,False,有效,1.0
002396,星网锐捷,加速/反转观察,加速成长,56.3064,77.5749,27.5449,50.0238,,20.7331,75.8639,6.4205,74.8159,83.3333,-0.3324,-9.5691,5.21,7.0841,49.9762,0,0,0,[],[],False,True,False,有效,1.0
600425,青松建化,观察,增速观察,56.2685,42.9768,68.1177,72.445,,-11.0542,13.1877,-0.7719,35.0399,16.6667,0.2462,3.1178,1.918,7.9329,27.555,0,0,0,[],[],False,False,False,有效,1.0
002014,永新股份,观察,增速观察,56.2684,56.929,54.4589,57.9057,,10.9518,0.4291,5.3381,6.7614,83.3333,0.0521,0.548,7.24,9.586,42.0943,0,0,0,[],[],False,False,False,有效,1.0
603407,长裕集团,观察,增速观察,56.2334,47.3658,57.062,81.1792,,-3.7707,22.1231,-12.5339,4.596,66.6667,0.0492,0.3083,8.26,16.3851,18.8208,0,0,0,[],[],False,False,False,有效,0.9
603556,海兴电力,加速/反转观察,加速成长,56.2076,59.9179,43.6732,70.1453,,24.6637,-16.6712,23.5688,10.5675,66.6667,0.0003,0.0025,4.25,13.5193,29.8547,0,0,0,[],[],False,False,False,有效,1.0
000878,云南铜业,加速/反转观察,加速成长,56.149,76.724,34.7709,37.1803,,32.762,29.0522,27.957,36.3625,66.6667,-0.0307,-1.8042,10.75,2.0636,62.8197,0,0,0,[],[],False,True,False,有效,1.0
603333,福华尚纬,加速/反转观察,反转/低基数,56.1408,88.2097,12.0616,48.0923,,97.8055,133.4635,116.5378,522.8441,33.3333,-0.3497,-35.8782,0.52,1.2705,51.9077,0,0,0,[],[],True,True,False,有效,1.0
002216,三全食品,加速/反转观察,加速成长,56.0947,61.7121,43.6393,64.1534,,9.4851,16.4824,10.8654,16.0075,50.0,-0.0267,-0.2863,7.56,9.3387,35.8466,0,0,0,[],[],False,True,False,有效,1.0
000533,顺钠股份,加速/反转观察,加速成长,56.0852,78.1268,32.7423,36.6466,,32.8196,27.9317,40.2808,19.5353,83.3333,-0.0367,-1.0079,5.21,5.2229,63.3534,0,0,0,[],[],False,True,False,有效,1.0
002937,兴瑞科技,加速/反转观察,加速成长,56.0653,51.2066,52.8584,77.0548,,12.587,-18.2449,20.0399,18.4802,16.6667,0.0741,1.0685,4.28,6.9376,22.9452,0,0,0,[],[],False,False,False,有效,1.0
600775,南京熊猫,基础数据不足,反转/低基数,56.0615,70.2734,31.641,62.267,,28.435,42.9192,34.4058,-62.7633,66.6667,-0.1715,8.8244,-0.84,0.1075,37.733,0,0,0,[],[],True,True,False,基础数据不足,1.0
600279,重庆港,加速/反转观察,反转/低基数,56.0581,57.6961,49.7572,63.7461,,-9.941,333.8566,-12.2276,424.6324,33.3333,0.07,5.7604,0.37,2.765,36.2539,0,0,0,[],[],True,False,False,有效,1.0
603680,今创集团,观察,增速观察,56.0255,39.2016,73.0384,72.4716,,-10.1638,17.8375,-6.6304,-74.8175,66.6667,0.2047,1.0663,7.34,19.2282,27.5284,0,0,0,[],[],False,False,False,有效,1.0
600035,楚天高速,加速/反转观察,加速成长,56.0199,46.9774,76.1459,42.8956,,0.9093,8.5903,-48.9202,38.2583,66.6667,0.3056,1.6327,4.81,19.2765,57.1044,0,0,0,[],[],False,False,False,有效,1.0
000810,创维数字,加速/反转观察,反转/低基数,55.9933,85.8773,17.1856,43.9568,,31.1642,202.4494,29.8344,230.733,50.0,-0.4168,-13.8124,2.46,2.9305,56.0432,0,0,0,[],[],True,True,False,有效,1.0
002518,科士达,观察,增速观察,55.9521,54.2654,55.9618,60.993,,19.8128,13.6077,-6.9073,-41.3596,66.6667,0.0684,0.6106,5.87,11.3179,39.007,0,0,0,[],[],False,False,False,有效,1.0
600017,日照港,加速/反转观察,加速成长,55.9398,50.6579,72.3221,39.0209,,4.0688,-7.1596,11.6308,17.292,50.0,0.3248,3.729,2.36,9.3841,60.9791,0,0,0,[],[],False,False,False,有效,1.0
003039,顺控发展,成长质量优先,持续成长,55.9358,48.7754,70.2457,48.797,,5.292,5.0278,-15.8875,-8.368,100.0,0.1928,1.6783,4.29,16.8869,51.203,0,0,0,[],[],False,False,False,有效,1.0
601828,美凯龙,加速/反转观察,反转/低基数,55.8984,61.7113,61.4278,27.401,,-7.2636,103.9399,8.582,799.0557,16.6667,0.2853,11.7945,0.33,2.6225,72.599,0,0,0,[],[],True,False,True,有效,1.0
002475,立讯精密,观察,持续成长,55.8959,73.2232,41.5727,32.5605,,40.1606,18.037,16.5181,-6.1602,100.0,-0.014,-0.3119,8.76,4.8857,67.4395,0,0,0,[],[],False,True,False,有效,1.0
000100,TCL科技,观察,增速观察,55.884,53.5325,69.878,34.9504,,3.6094,102.1912,-8.0641,-86.5849,66.6667,0.1988,4.6273,6.19,2.5305,65.0496,0,0,0,[],[],False,False,False,有效,1.0
601890,亚星锚链,观察,持续成长,55.8785,70.4869,30.0703,63.6694,,12.2961,33.3672,6.738,20.7769,100.0,-0.2605,-1.8985,3.93,14.4636,36.3306,0,0,0,[],[],False,True,False,有效,1.0
001380,华纬科技,观察,增速观察,55.8587,45.5146,64.0156,70.5772,,6.8779,-8.0575,-0.2048,-29.5515,83.3333,0.1263,1.0841,5.88,11.9546,29.4228,0,0,0,[],[],False,False,False,有效,1.0
600525,长园集团,加速/反转观察,反转/低基数,55.8458,73.5408,45.1716,24.1095,,9.9705,110.7378,9.6946,127.2614,50.0,0.0299,3.1103,1.31,0.7236,75.8905,0,0,0,[],[],True,False,True,有效,1.0
603883,老百姓,加速/反转观察,加速成长,55.8427,52.8235,68.5681,39.4496,,2.073,12.2956,2.6142,38.7311,33.3333,0.1277,3.1424,6.61,4.7635,60.5504,0,0,0,[],[],False,False,False,有效,1.0
603688,石英股份,加速/反转观察,加速成长,55.8348,49.7845,45.6161,94.4231,,6.0047,-14.4739,22.7145,39.5593,16.6667,0.0494,0.2952,1.56,16.4973,5.5769,0,0,0,[],[],False,False,False,有效,1.0
600206,有研新材,观察,增速观察,55.8124,73.6817,23.277,67.2755,,50.3539,40.8878,46.0203,-38.4,66.6667,-0.1543,-5.184,4.22,2.8792,32.7245,0,0,0,[],[],False,True,False,有效,1.0
600436,片仔癀,观察,增速观察,55.7858,30.6249,80.5098,81.8204,,-14.9798,-24.2206,1.58,3.2691,33.3333,0.3553,1.4864,7.26,23.7303,18.1796,0,0,0,[],[],False,False,False,有效,1.0
002741,光华科技,加速/反转观察,反转/低基数,55.7618,77.1916,27.5904,47.8151,,75.3218,67.5649,60.8256,-83.1339,83.3333,-0.1073,-2.5575,4.75,4.2257,52.1849,0,0,0,[],[],True,True,False,有效,1.0
000738,航发控制,加速/反转观察,加速成长,55.73,42.1167,63.0814,81.867,,0.8685,-29.6904,6.5123,25.7358,50.0,0.1999,2.5431,1.73,8.0461,18.133,0,0,0,[],[],False,False,False,有效,1.0
002421,达实智能,基础数据不足,反转/低基数,55.6804,76.6598,33.3514,37.4001,,10.2427,79.4979,46.3891,2703.4273,33.3333,-0.0968,5.804,-0.67,-1.7579,62.5999,0,0,0,[],[],True,True,False,基础数据不足,1.0
002237,恒邦股份,观察,持续成长,55.6431,80.405,28.1242,36.3953,,44.4308,112.5962,-3.8454,97.0492,100.0,-0.0327,-3.0272,4.96,1.0734,63.6047,0,0,0,[],[],False,True,False,有效,1.0
002807,江阴银行,成长质量优先,持续成长,55.6366,50.0559,87.3753,8.9011,,1.9787,2.34,-2.1331,1.719,100.0,4.1499,11.7368,4.32,34.917,91.0989,0,0,0,[],[],False,False,True,有效,1.0
002609,捷顺科技,观察,增速观察,55.6155,46.9369,64.6152,63.6516,,9.9104,3.2592,-0.53,-99.293,66.6667,0.2135,4.075,1.77,5.6655,36.3484,0,0,0,[],[],False,False,False,有效,1.0
603995,甬金股份,加速/反转观察,加速成长,55.599,69.0857,42.3608,41.6154,,13.0458,17.9008,11.1695,50.2153,83.3333,0.0117,0.74,5.91,1.9151,58.3846,0,0,0,[],[],False,False,False,有效,1.0
600346,恒力石化,观察,增速观察,55.5952,67.0974,52.6951,26.889,,-5.4538,136.2465,9.4811,135.8062,66.6667,0.0356,0.4857,10.29,7.3347,73.111,0,0,0,[],[],False,False,True,有效,1.0
600000,浦发银行,观察,增速观察,55.5836,50.8731,86.4017,8.0793,,3.5535,4.0825,1.67,-6.4352,83.3333,4.3113,13.0627,3.96,33.4346,91.9207,0,0,0,[],[],False,False,True,有效,1.0
600012,皖通高速,观察,增速观察,55.5546,40.3235,84.6188,43.1193,,-13.7521,4.8863,-1.0672,6.4558,50.0,0.5336,1.7091,7.6,32.6155,56.8807,0,0,0,[],[],False,False,False,有效,1.0
002737,葵花药业,加速/反转观察,反转/低基数,55.5513,61.1637,36.4887,76.8397,,14.3353,-2.2635,45.6967,150.1356,16.6667,0.0171,0.3215,2.05,5.7064,23.1603,0,0,0,[],[],True,False,False,有效,1.0
000690,宝新能源,观察,增速观察,55.4993,39.2452,78.6201,58.0202,,-4.2265,13.2846,-13.4611,-31.9224,50.0,0.3676,2.4242,4.86,15.1654,41.9798,0,0,0,[],[],False,False,False,有效,1.0
000560,我爱我家,加速/反转观察,反转/低基数,55.4988,57.3694,60.2297,40.4254,,-16.9015,110.3932,-0.4973,342.0211,50.0,0.2413,14.0429,0.87,1.9948,59.5746,0,0,0,[],[],True,False,False,有效,1.0
600075,新疆天业,加速/反转观察,反转/低基数,55.4948,65.9458,45.5885,43.9547,,-3.5724,359.1652,2.4165,542.5651,33.3333,0.053,11.8592,0.2402,0.447,56.0453,0,0,0,[],[],True,False,False,有效,1.0
600736,苏州高新,加速/反转观察,反转/低基数,55.4816,62.4615,59.625,26.2549,,-15.2389,247.5755,9.8488,234.5781,33.3333,0.0752,0.2778,7.27,19.0515,73.7451,0,0,0,[],[],True,False,True,有效,1.0
002215,诺普信,观察,持续成长,55.4806,60.0397,56.6414,39.4818,,7.7578,17.9764,-1.5912,6.7162,100.0,0.0231,0.1199,16.75,19.1778,60.5182,0,0,0,[],[],False,False,False,有效,1.0
000027,深圳能源,观察,增速观察,55.4382,53.4301,66.6511,39.037,,2.8476,11.6057,-2.5293,6.7086,83.3333,0.138,1.5766,5.35,11.8598,60.963,0,0,0,[],[],False,False,False,有效,1.0
600515,海南机场,加速/反转观察,加速成长,55.4129,63.0882,49.2607,44.6914,,30.364,-6.9543,29.1751,45.3764,33.3333,0.094,2.384,0.5,3.4293,55.3086,0,0,0,[],[],False,False,False,有效,1.0
603301,振德医疗,加速/反转观察,加速成长,55.4094,61.2285,38.778,71.2151,,5.8977,12.5345,4.3565,44.8198,83.3333,0.0202,0.3123,2.51,6.7917,28.7849,0,0,0,[],[],False,False,False,有效,1.0
605058,澳弘电子,观察,增速观察,55.4079,51.7623,64.3963,48.3678,,14.7398,-17.8888,10.4851,-25.6255,83.3333,0.1713,1.9974,3.62,8.5767,51.6322,0,0,0,[],[],False,False,False,有效,1.0
001236,弘业期货,加速/反转观察,反转/低基数,55.3887,89.6976,24.4499,14.3399,,22.2109,776.9741,42.741,863.5876,66.6667,-0.2674,-1.8155,1.3,14.7303,85.6601,0,0,0,[],[],True,True,True,有效,1.0
002287,奇正藏药,观察,增速观察,55.3813,35.8099,74.202,76.4544,,-16.7724,3.5994,-20.1105,-7.7601,83.3333,0.2449,0.645,7.29,37.8481,23.5456,0,0,0,[],[],False,False,False,有效,1.0
000062,深圳华强,观察,增速观察,55.3376,77.5431,30.4089,38.5787,,60.6523,66.1305,47.1914,-51.2465,83.3333,-0.045,-2.0396,5.73,2.5534,61.4213,0,0,0,[],[],False,True,False,有效,1.0
603383,顶点软件,加速/反转观察,加速成长,55.3366,60.1878,33.4368,84.5825,,0.9706,36.3037,13.3539,44.4418,33.3333,-0.5231,-1.7993,4.69,28.6078,15.4175,0,0,0,[],[],False,True,False,有效,1.0
000547,航天发展,基础数据不足,持续成长,55.3055,81.9742,16.4925,52.9252,,57.233,40.916,23.4129,19.1494,100.0,-0.2025,0.9813,-5.93,-24.1265,47.0748,0,0,0,[],[],True,True,False,基础数据不足,1.0
600350,山东高速,观察,增速观察,55.2809,47.7217,76.2879,35.9447,,2.0962,-6.9779,18.1304,-7.2733,50.0,0.3241,2.2524,4.07,17.1992,64.0553,0,0,0,[],[],False,False,False,有效,1.0
002284,亚太股份,成长质量优先,持续成长,55.2678,50.8292,67.3442,44.4309,,6.0643,33.6977,-25.5464,-96.4838,100.0,0.1388,1.4278,7.7,9.729,55.5691,0,0,0,[],[],False,False,False,有效,1.0
000999,华润三九,观察,增速观察,55.2523,40.0434,70.6532,70.0775,,1.3737,-7.9589,-13.0595,-9.5359,83.3333,0.1614,1.4501,7.31,13.3344,29.9225,0,0,0,[],[],False,False,False,有效,1.0
600406,国电南瑞,观察,持续成长,55.2427,58.1481,48.7167,59.5781,,14.536,4.0816,0.0108,-4.7057,100.0,0.0213,0.1924,5.73,11.6985,40.4219,0,0,0,[],[],False,False,False,有效,1.0
600375,汉马科技,加速/反转观察,加速成长,55.2405,66.4871,46.5009,38.98,,34.5643,19.7741,-20.6348,89.5138,83.3333,0.0499,5.7559,0.98,0.5518,61.02,0,0,0,[],[],False,False,False,有效,1.0
002366,融发核电,基础数据不足,反转/低基数,55.2347,68.9734,29.4078,65.6725,,7.1469,26.2593,17.1806,588.9437,50.0,-0.2176,3.4779,-0.5,-7.5196,34.3275,0,0,0,[],[],True,True,False,基础数据不足,1.0
601898,中煤能源,观察,增速观察,55.2341,49.7188,64.3929,53.4626,,-1.761,5.8255,20.0659,13.0962,16.6667,0.1349,1.2104,4.95,13.1057,46.5374,0,0,0,[],[],False,False,False,有效,1.0
000796,凯撒旅业,基础数据不足,反转/低基数,55.2084,71.6111,32.6895,51.038,,37.0794,54.6757,14.7313,-72.4994,83.3333,-0.1145,4.5217,-1.23,-0.8198,48.962,0,0,0,[],[],True,True,False,基础数据不足,1.0
601916,浙商银行,加速/反转观察,加速成长,55.1996,51.0449,86.1709,5.7212,,0.0241,2.0477,7.6161,16.8969,66.6667,3.6782,15.6342,4.31,24.5069,94.2788,0,0,0,[],[],False,False,True,有效,1.0
603809,豪能股份,加速/反转观察,加速成长,55.1973,62.004,52.5987,39.9745,,19.3118,2.1936,5.3439,16.0809,83.3333,0.0521,0.4143,4.99,12.516,60.0255,0,0,0,[],[],False,False,False,有效,1.0
600004,白云机场,观察,增速观察,55.1771,37.9005,74.1866,68.9879,,8.952,-43.1312,1.7937,-101.7263,83.3333,0.4292,4.0851,2.02,11.2472,31.0121,0,0,0,[],[],False,False,False,有效,1.0
603901,永创智能,加速/反转观察,反转/低基数,55.1705,59.6998,54.2195,43.485,,11.2502,79.9153,-0.585,-700.9522,83.3333,0.0765,1.1047,4.63,6.8735,56.515,0,0,0,[],[],True,False,False,有效,1.0
603877,太平鸟,观察,增速观察,55.169,55.3915,51.7927,61.2537,,-0.7175,30.8939,6.1628,63.4662,16.6667,0.0838,2.3704,2.24,3.5349,38.7463,0,0,0,[],[],False,False,False,有效,1.0
002895,川恒股份,观察,持续成长,55.1288,53.1201,54.7654,61.8815,,20.7627,4.5044,-20.2567,-27.2535,100.0,0.0405,0.2932,7.14,15.1499,38.1185,0,0,0,[],[],False,False,False,有效,1.0
603728,鸣志电器,加速/反转观察,加速成长,55.1209,69.4735,30.1167,62.0718,,19.2123,38.0132,4.8885,59.5504,50.0,0.0066,0.2801,1.25,2.4037,37.9282,0,0,0,[],[],False,False,False,有效,1.0
002028,思源电气,观察,持续成长,55.1157,57.9196,53.0874,50.7608,,27.0491,13.2295,-12.2893,-40.5058,100.0,0.021,0.1552,9.01,14.3047,49.2392,0,0,0,[],[],False,False,False,有效,1.0
600623,华谊集团,加速/反转观察,加速成长,55.1087,53.5705,63.4985,42.9439,,1.9977,0.5531,8.436,48.2318,66.6667,0.2513,12.5408,2.17,2.3253,57.0561,0,0,0,[],[],False,False,False,有效,1.0
002902,铭普光磁,基础数据不足,反转/低基数,55.0777,81.1508,32.3233,22.3671,,31.8826,78.9235,34.4335,64.2049,50.0,-0.098,6.7715,-2.49,-1.7613,77.6329,0,0,0,[],[],True,True,True,基础数据不足,1.0
600928,西安银行,成长质量优先,持续成长,55.0443,50.8145,85.1572,7.5076,,8.7715,2.1387,-12.9053,-1.4334,100.0,4.1737,15.9354,3.8,26.1235,92.4924,0,0,0,[],[],False,False,True,有效,1.0
002281,光迅科技,观察,持续成长,55.0217,68.7745,30.4151,62.9762,,26.068,56.3447,-18.1323,13.248,100.0,-0.187,-2.1233,5.24,8.6694,37.0238,0,0,0,[],[],False,True,False,有效,1.0
600395,盘江股份,加速/反转观察,反转/低基数,54.9918,62.2198,59.7159,23.8594,,-5.9521,1344.479,-15.6354,1128.1378,50.0,0.2305,17.613,0.594,2.237,76.1406,0,0,0,[],[],True,False,True,有效,1.0
603013,亚普股份,观察,增速观察,54.9593,43.5504,65.7914,67.5217,,0.5892,1.9144,-12.5014,-3.7073,83.3333,0.1272,1.9009,6.39,7.3453,32.4783,0,0,0,[],[],False,False,False,有效,1.0
601158,重庆水务,观察,增速观察,54.9571,46.7821,69.8234,49.7499,,1.5385,4.6102,-4.2824,1.1586,66.6667,0.2677,1.9645,2.84,13.7119,50.2501,0,0,0,[],[],False,False,False,有效,1.0
600693,东百集团,观察,增速观察,54.9355,49.8411,74.3646,31.3609,,1.6785,4.4399,-0.035,-0.7934,83.3333,0.3331,4.2076,2.08,13.6592,68.6391,0,0,0,[],[],False,False,False,有效,1.0
603130,云中马,观察,增速观察,54.9264,52.6067,63.8733,43.9916,,0.795,12.0625,-1.3679,7.8574,83.3333,0.2009,6.2917,2.8,3.1932,56.0084,0,0,0,[],[],False,False,False,有效,1.0
600750,华润江中,观察,增速观察,54.9248,31.1486,83.2408,69.6214,,-9.7533,-5.9229,-4.8846,-20.9565,33.3333,0.3603,1.4166,11.51,28.0951,30.3786,0,0,0,[],[],False,False,False,有效,1.0
001399,惠科股份,观察,增速观察,54.919,46.1497,76.2158,38.6331,,7.9938,-14.0742,6.4658,-28.5676,66.6667,0.2457,2.7138,7.08,9.277,61.3669,0,0,0,[],[],False,False,False,有效,0.9
003816,中国广核,观察,增速观察,54.8873,45.1694,81.0307,31.7541,,-2.7578,2.6622,1.3566,12.5602,50.0,0.4235,2.1837,4.6,29.6169,68.2459,0,0,0,[],[],False,False,False,有效,1.0
600060,海信视像,观察,增速观察,54.8737,57.4044,49.5704,57.8883,,3.7067,13.2277,5.1611,3.992,83.3333,0.0402,0.949,5.49,5.0573,42.1117,0,0,0,[],[],False,False,False,有效,1.0
000987,越秀资本,观察,增速观察,54.8593,47.1829,82.3276,22.9521,,-15.3713,80.3486,-61.2826,26.9318,50.0,0.9927,0.7699,8.43,164.4984,77.0479,0,0,0,[],[],False,False,True,有效,1.0
600941,中国移动,观察,增速观察,54.8292,39.2685,71.9777,67.2142,,-1.0545,-6.2931,-1.9604,-5.3695,50.0,0.2135,1.4551,5.55,14.6849,32.7858,0,0,0,[],[],False,False,False,有效,1.0
601216,君正集团,观察,增速观察,54.7823,41.7829,69.4065,64.5321,,1.8189,-13.1823,1.7113,-31.5027,83.3333,0.1821,1.4085,5.64,13.139,35.4679,0,0,0,[],[],False,False,False,有效,1.0
600096,云天化,观察,增速观察,54.7806,46.3942,68.4913,52.5185,,-8.919,6.1377,12.5546,9.5339,33.3333,0.129,1.0034,11.41,13.7333,47.4815,0,0,0,[],[],False,False,False,有效,1.0
002389,航天彩虹,加速/反转观察,反转/低基数,54.7745,73.8833,18.1582,70.6809,,9.8655,15492.9295,-4.2971,15562.3834,50.0,-0.8818,-10.4219,0.94,8.2183,29.3191,0,0,0,[],[],True,True,False,有效,1.0
000571,新大洲A,基础数据不足,反转/低基数,54.7241,74.6468,37.6173,29.1696,,40.2015,19.0834,78.3041,56.9727,33.3333,0.2163,-1.2072,,-25.817,70.8304,0,0,0,[],[],True,True,True,基础数据不足,0.9
601880,辽港股份,观察,增速观察,54.6997,31.2132,78.8564,76.8455,,-6.0259,-7.4122,-8.6664,-21.6448,33.3333,0.5672,3.4288,2.17,19.2403,23.1545,0,0,0,[],[],False,False,False,有效,1.0
002409,雅克科技,观察,持续成长,54.6877,49.2946,56.6998,66.8427,,5.1243,7.2913,-20.365,-7.4788,100.0,0.0565,0.4543,7.07,14.1051,33.1573,0,0,0,[],[],False,False,False,有效,1.0
603881,数据港,观察,增速观察,54.6388,43.1627,76.143,46.0588,,-3.5654,1.0882,-3.5842,-3.8645,83.3333,0.5583,5.0807,2.55,10.9805,53.9412,0,0,0,[],[],False,False,False,有效,1.0
603418,友升股份,观察,持续成长,54.6166,49.2512,53.3917,73.1623,,2.9664,12.6783,-23.1459,-8.3312,100.0,0.0578,0.5194,5.36,11.138,26.8377,0,0,0,[],[],False,False,False,有效,1.0
000823,超声电子,观察,增速观察,54.5987,51.9962,50.8407,69.9223,,10.0448,-1.1697,0.0629,-4.2657,83.3333,0.0703,2.0772,2.28,4.0143,30.0777,0,0,0,[],[],False,False,False,有效,1.0
601059,信达证券,观察,增速观察,54.5918,53.7905,70.9535,24.2724,,19.5259,7.146,-3.3304,-31.5982,66.6667,0.2623,0.5821,4.62,46.3325,75.7276,0,0,0,[],[],False,False,True,有效,1.0
002290,禾盛新材,观察,持续成长,54.5622,58.1225,51.4705,50.0645,,2.7449,40.4209,1.6045,-26.4397,100.0,0.0139,0.1273,13.15,10.8518,49.9355,0,0,0,[],[],False,False,False,有效,1.0
000920,沃顿科技,观察,持续成长,54.5595,47.0706,55.0061,76.1335,,0.6838,6.6223,-15.2068,-4.9439,100.0,0.0493,0.3292,6.4,15.1578,23.8665,0,0,0,[],[],False,False,False,有效,1.0
000983,山西焦煤,观察,增速观察,54.5361,57.5089,55.1623,44.3657,,-0.1397,22.0257,17.8233,83.3911,16.6667,0.0888,1.2946,3.39,9.145,55.6343,0,0,0,[],[],False,False,False,有效,1.0
000429,粤高速A,观察,增速观察,54.5154,33.9038,87.9349,49.511,,0.0468,-19.5831,2.2386,-34.8966,33.3333,0.8063,2.0098,7.41,55.2336,50.489,0,0,0,[],[],False,False,False,有效,1.0
603014,威高血净,观察,增速观察,54.502,46.2042,51.5139,85.3714,,-0.3647,4.3232,-4.9347,-3.0044,83.3333,0.0732,0.5602,3.2,13.0651,14.6286,0,0,0,[],[],False,False,False,有效,1.0
001237,惠康科技,观察,增速观察,54.4854,51.7866,53.5323,64.4884,,10.54,-11.1152,20.729,2.165,33.3333,0.0269,0.2265,10.11,11.8756,35.5116,0,0,0,[],[],False,False,False,有效,0.9
002048,宁波华翔,加速/反转观察,反转/低基数,54.4414,53.5108,57.913,50.29,,-20.4208,293.6011,-19.894,349.7212,33.3333,0.076,1.0776,6.13,8.289,49.71,0,0,0,[],[],True,False,False,有效,1.0
603005,晶方科技,观察,增速观察,54.4158,32.1369,71.1127,87.8588,,1.3884,-19.5009,-29.049,-65.7345,83.3333,0.2975,1.5163,2.88,19.6434,12.1412,0,0,0,[],[],False,False,False,有效,1.0
603012,创力集团,观察,增速观察,54.3917,44.8666,70.9765,49.7975,,-10.7581,3.6003,5.0769,54.0776,33.3333,0.341,4.1698,2.21,7.7637,50.2025,0,0,0,[],[],False,False,False,有效,1.0
002831,裕同科技,观察,增速观察,54.366,45.3207,68.9749,52.2841,,0.2275,1.1038,-0.2452,-11.9447,83.3333,0.1891,2.7015,4.78,7.1718,47.7159,0,0,0,[],[],False,False,False,有效,1.0
002643,万润股份,观察,增速观察,54.36,41.3309,65.4217,71.3239,,6.069,-18.6718,5.4363,-34.1837,50.0,0.188,2.1021,2.48,11.4598,28.6761,0,0,0,[],[],False,False,False,有效,1.0
600361,创新新材,加速/反转观察,加速成长,54.3126,65.407,45.531,38.5924,,11.2469,11.6721,16.0659,33.9257,66.6667,0.021,2.3099,3.59,0.9024,61.4076,0,0,0,[],[],False,False,False,有效,1.0
002577,雷柏科技,加速/反转观察,反转/低基数,54.3109,58.2279,31.4428,88.2956,,10.0819,-2.5158,5.6103,110.3121,66.6667,-0.0091,-0.1403,1.28,6.5037,11.7044,0,0,0,[],[],True,True,False,有效,1.0
002255,海陆重工,观察,增速观察,54.2645,43.2854,62.8242,70.0825,,1.847,-15.8726,18.5738,-26.3717,50.0,0.1616,1.0545,3.62,15.395,29.9175,0,0,0,[],[],False,False,False,有效,1.0
600737,中粮糖业,观察,增速观察,54.2463,45.7246,63.6932,60.9176,,-21.164,36.7494,-2.7428,81.2308,16.6667,0.1292,1.9699,5.19,6.6514,39.0824,0,0,0,[],[],False,False,False,有效,1.0
002277,友阿股份,加速/反转观察,反转/低基数,54.2302,49.2721,65.3371,46.8905,,-21.8087,32.4334,1.1694,1326.822,16.6667,0.2737,1.5623,1.11,14.9595,53.1095,0,0,0,[],[],True,False,False,有效,1.0
603077,和邦生物,加速/反转观察,反转/低基数,54.2241,54.7273,47.9494,65.2639,,-26.3439,634.3,-10.4332,2439.0896,16.6667,0.0655,0.4974,2.08,12.9699,34.7361,0,0,0,[],[],True,False,False,有效,1.0
600501,航天晨光,基础数据不足,反转/低基数,54.2073,77.3948,27.7008,37.6581,,35.7827,53.1235,46.9256,10.0249,50.0,-0.3947,9.991,-2.61,-3.9794,62.3419,0,0,0,[],[],True,True,False,基础数据不足,1.0
002721,金一文化,加速/反转观察,反转/低基数,54.1799,57.8525,30.4453,90.6314,,-3.7358,253.828,-139.1236,155.871,50.0,-0.0513,-0.5449,1.75,8.4686,9.3686,0,0,0,[],[],True,True,False,有效,1.0
002050,三花智控,观察,增速观察,54.176,42.3127,67.1675,63.7827,,3.9181,-3.1222,-7.0475,-34.2185,83.3333,0.1479,1.2228,6.25,12.315,36.2173,0,0,0,[],[],False,False,False,有效,1.0
002006,精工科技,观察,增速观察,54.1619,41.7382,74.0429,51.671,,-5.2643,9.3131,-3.1969,-16.9232,50.0,0.2559,2.0745,4.97,12.4699,48.329,0,0,0,[],[],False,False,False,有效,1.0
002936,郑州银行,观察,增速观察,54.121,49.2899,84.7126,7.4312,,1.0368,3.0294,0.6955,2.0035,83.3333,4.3163,17.4008,3.645,25.0503,92.5688,0,0,0,[],[],False,False,True,有效,1.0
600674,川投能源,观察,增速观察,54.1194,36.8754,74.5739,64.9425,,-4.5333,-5.3378,-8.1799,-10.8045,66.6667,0.6501,0.1896,5.06,345.7408,35.0575,0,0,0,[],[],False,False,False,有效,1.0
601866,中远海发,观察,增速观察,54.1181,60.5948,60.0591,22.8059,,11.1027,3.0912,19.8862,7.6314,66.6667,0.1389,1.8913,3.21,7.0871,77.1941,0,0,0,[],[],False,False,True,有效,1.0
002291,遥望科技,加速/反转观察,反转/低基数,54.1147,57.0776,45.5821,62.2914,,-29.3407,160.6228,1.3199,125.411,50.0,0.005,0.044,5.43,11.2104,37.7086,0,0,0,[],[],True,False,False,有效,1.0
600925,苏能股份,加速/反转观察,加速成长,54.1013,55.6621,57.7556,42.1106,,29.8135,-42.8915,40.4977,40.8453,33.3333,0.2049,27.8603,0.35,1.7691,57.8894,0,0,0,[],[],False,False,False,有效,1.0
002640,跨境通,加速/反转观察,反转/低基数,54.0944,67.521,48.9694,24.0644,,-2.509,3240.9169,2.4179,3228.1037,33.3333,0.0071,0.0987,32.08,7.2592,75.9356,0,0,0,[],[],True,False,True,有效,1.0
002053,云南能投,观察,增速观察,54.067,39.104,80.6759,45.7382,,-24.4973,-1.2646,3.2526,63.7303,33.3333,0.5763,2.2583,4.07,26.757,54.2618,0,0,0,[],[],False,False,False,有效,1.0
603194,中力股份,观察,增速观察,54.0592,54.4572,52.5401,55.9032,,14.1598,-4.3034,3.4599,-6.5416,83.3333,0.033,0.3022,7.72,11.1204,44.0968,0,0,0,[],[],False,False,False,有效,1.0
000811,冰轮环境,加速/反转观察,加速成长,54.0514,66.178,36.8304,52.1136,,17.9574,17.0053,11.6741,27.1482,50.0,-0.0613,-0.7255,4.83,9.2526,47.8864,0,0,0,[],[],False,True,False,有效,1.0
000066,中国长城,加速/反转观察,反转/低基数,54.0457,80.8677,22.8578,35.9552,,25.0039,125.7111,13.6973,29.4801,83.3333,-0.1087,-2.773,2.792,3.9285,64.0448,0,0,0,[],[],True,True,False,有效,1.0
002043,兔宝宝,观察,增速观察,54.0254,53.8376,52.8859,56.868,,17.4031,-7.6679,20.7367,-27.6646,50.0,0.0499,0.8611,7.22,5.7772,43.132,0,0,0,[],[],False,False,False,有效,1.0
600217,中再资环,基础数据不足,反转/低基数,54.0253,63.1905,39.3224,55.9358,,-8.9069,91.5919,13.1632,2792.9301,33.3333,0.4714,-19.3136,-1.08,-2.4867,44.0642,0,0,0,[],[],True,True,False,基础数据不足,1.0
600664,哈药股份,加速/反转观察,加速成长,53.9968,64.6856,41.4417,47.0404,,2.1041,57.9949,3.4134,100.4933,66.6667,-0.0056,-0.1128,6.96,4.9312,52.9596,0,0,0,[],[],False,True,False,有效,1.0
601136,首创证券,观察,持续成长,53.9901,76.5015,34.6906,25.055,,20.2493,37.011,15.6651,29.7497,100.0,-1.0356,-2.3806,4.74,43.4934,74.945,0,0,0,[],[],False,True,True,有效,1.0
600255,鑫科材料,加速/反转观察,加速成长,53.9671,81.2525,20.1336,39.7781,,25.5468,115.9718,5.532,166.4319,83.3333,-0.1414,-9.0383,2.88,2.0608,60.2219,0,0,0,[],[],False,True,False,有效,1.0
600673,东阳光,观察,增速观察,53.9192,51.5018,70.133,28.7435,,31.609,-36.4609,9.1853,-9.9219,66.6667,0.2679,6.4536,3.9,4.6224,71.2565,0,0,0,[],[],False,False,True,有效,1.0
002025,航天电器,加速/反转观察,加速成长,53.8968,64.5328,31.5584,66.6653,,11.409,47.7326,-4.4113,95.0531,50.0,-0.0078,-0.1989,1.92,5.0937,33.3347,0,0,0,[],[],False,True,False,有效,1.0
603308,应流股份,观察,增速观察,53.8947,70.6437,35.9127,39.6117,,32.2282,17.5195,16.1004,-4.221,83.3333,-0.0794,-0.6569,4.28,10.9474,60.3883,0,0,0,[],[],False,True,False,有效,1.0
002204,大连重工,观察,持续成长,53.8895,59.7356,57.6183,28.8937,,7.6294,18.756,-1.0297,1.6422,100.0,0.0902,1.9509,4.68,4.6218,71.1063,0,0,0,[],[],False,False,True,有效,1.0
002997,瑞鹄模具,成长质量优先,持续成长,53.8708,53.1373,61.2801,41.2526,,12.3097,6.1493,-23.4914,-5.6977,100.0,0.0759,0.5883,9.3,14.1167,58.7474,0,0,0,[],[],False,False,False,有效,1.0
600557,康缘药业,加速/反转观察,加速成长,53.8577,52.2675,46.1605,74.023,,1.213,3.3634,16.7292,25.8027,33.3333,0.0494,0.5579,3.01,9.2012,25.977,0,0,0,[],[],False,False,False,有效,1.0
601990,南京证券,观察,持续成长,53.8447,74.4853,36.7735,26.0652,,18.8911,28.1594,16.0651,20.571,100.0,-0.2518,-0.5778,3.41,43.7916,73.9348,0,0,0,[],[],False,True,True,有效,1.0
001229,魅视科技,观察,增速观察,53.806,46.5165,46.5417,90.2033,,48.9233,-77.951,32.3429,-64.7871,33.3333,0.0734,1.8385,0.42,3.9164,9.7967,0,0,0,[],[],False,False,False,有效,1.0
600141,兴发集团,加速/反转观察,加速成长,53.7797,70.2684,31.5198,48.8333,,19.3705,14.9657,16.1904,21.793,83.3333,-0.042,-0.8767,3.45,5.7333,51.1667,0,0,0,[],[],False,True,False,有效,1.0
002651,利君股份,观察,增速观察,53.7758,51.4894,46.5926,75.0012,,30.32,-45.0718,36.457,8.2627,16.6667,0.0768,1.0011,1.13,7.6752,24.9988,0,0,0,[],[],False,False,False,有效,1.0
600640,国脉文化,观察,增速观察,53.7757,52.5221,43.0707,78.9463,,0.2439,13.2982,15.2198,-28.3297,66.6667,0.0438,2.4366,0.3957,1.8521,21.0537,0,0,0,[],[],False,False,False,有效,1.0
000553,安道麦A,加速/反转观察,反转/低基数,53.7755,64.9009,45.0723,37.8057,,-3.6452,638.3401,-1.8022,574.3596,33.3333,0.0463,1.5487,2.46,2.9881,62.1943,0,0,0,[],[],True,False,False,有效,1.0
002876,三利谱,加速/反转观察,加速成长,53.7662,75.123,30.0518,37.1245,,32.5897,85.2024,-9.819,116.0496,83.3333,-0.0168,-0.5336,2.91,3.1532,62.8755,0,0,0,[],[],False,True,False,有效,1.0
000980,众泰汽车,加速/反转观察,反转/低基数,53.6957,48.7772,84.9241,5.9944,,-32.0843,154.3629,-25.4223,91.0687,33.3333,0.4687,1.1092,51.93,41.641,94.0056,0,0,0,[],[],True,False,True,有效,1.0
002747,埃斯顿,加速/反转观察,反转/低基数,53.6767,66.7726,44.9811,31.7802,,1.1351,2314.234,-20.7978,2208.6849,66.6667,0.0173,0.276,6.16,6.1678,68.2198,0,0,0,[],[],True,False,False,有效,1.0
603448,天博智能,字段覆盖不足,增速观察,53.6289,35.2556,70.4667,75.0733,,2.6614,-12.5766,,,16.6667,0.1618,0.9395,8.89,17.7291,24.9267,0,0,0,[],[],False,False,False,字段覆盖不足,0.6
001326,联域股份,加速/反转观察,加速成长,53.6078,57.017,43.3637,63.8685,,1.8352,20.5669,-2.7221,95.5599,66.6667,0.0433,1.7415,1.58,2.4727,36.1315,0,0,0,[],[],False,False,False,有效,1.0
600171,上海贝岭,加速/反转观察,加速成长,53.5713,56.4669,33.2857,85.4556,,19.2215,-14.8976,6.6266,25.3788,66.6667,-0.0215,-0.3028,2.51,7.1089,14.5444,0,0,0,[],[],False,True,False,有效,1.0
002984,森麒麟,加速/反转观察,加速成长,53.5658,45.2579,54.4561,76.7086,,7.3333,-37.4671,6.1439,11.0778,66.6667,0.1023,1.077,3.03,9.502,23.2914,0,0,0,[],[],False,False,False,有效,1.0
000885,城发环境,观察,增速观察,53.5527,44.8297,76.5907,33.6457,,1.67,-3.1199,2.3858,-11.4125,66.6667,0.2732,1.5659,5.86,18.9567,66.3543,0,0,0,[],[],False,False,False,有效,1.0
603065,宿迁联盛,加速/反转观察,反转/低基数,53.5421,52.9376,52.8005,56.8388,,13.7068,-37.5786,27.5335,95.2491,33.3333,0.1241,9.1796,0.49,1.352,43.1612,0,0,0,[],[],True,False,False,有效,1.0
603466,风语筑,加速/反转观察,反转/低基数,53.5358,62.3313,42.4624,49.2962,,-0.9205,452.8355,-21.6425,366.4018,50.0,-0.0133,-0.1091,4.42,12.211,50.7038,0,0,0,[],[],True,True,False,有效,1.0
603389,亚振家居,基础数据不足,持续成长,53.5345,83.0175,25.762,20.6305,,305.8197,47.1442,98.9992,-4.4163,100.0,-0.4963,9.7169,-7.84,-6.4584,79.3695,0,0,0,[],[],True,True,True,基础数据不足,1.0
002511,中顺洁柔,加速/反转观察,反转/低基数,53.5105,48.7605,54.2754,66.2303,,1.8493,50.1344,-5.8712,-262.6673,66.6667,0.0789,1.5441,4.07,5.232,33.7697,0,0,0,[],[],True,False,False,有效,1.0
600015,华夏银行,观察,增速观察,53.5029,50.1181,81.2739,8.1149,,12.7103,-18.3522,18.096,-16.6323,50.0,1.9324,10.5871,2.61,18.882,91.8851,0,0,0,[],[],False,False,True,有效,1.0
600125,铁龙物流,观察,增速观察,53.4825,41.2433,61.7879,73.5893,,-2.0968,1.773,9.5935,-35.7049,33.3333,0.12,1.682,4.929,7.1115,26.4107,0,0,0,[],[],False,False,False,有效,1.0
002436,兴森科技,加速/反转观察,反转/低基数,53.4468,76.5497,27.7923,35.4471,,17.8632,283.2689,-5.8126,115.2139,83.3333,0.0007,0.0257,2.03,-0.1386,64.5529,0,0,0,[],[],True,False,False,有效,1.0
601689,拓普集团,观察,增速观察,53.4462,43.2681,66.9615,56.95,,9.777,-21.0343,-1.4301,-13.6513,66.6667,0.1828,2.5388,4.21,7.2063,43.05,0,0,0,[],[],False,False,False,有效,1.0
002815,崇达技术,观察,增速观察,53.4428,45.0999,56.7473,71.863,,22.5542,-31.2967,2.3769,-57.0316,66.6667,0.1082,3.0772,1.71,4.2578,28.137,0,0,0,[],[],False,False,False,有效,1.0
003035,南网能源,加速/反转观察,反转/低基数,53.4337,45.0183,75.5515,34.4445,,8.4768,5.9733,-8.1136,-690.1289,83.3333,0.3697,2.8392,3.21,14.8736,65.5555,0,0,0,[],[],True,False,False,有效,1.0
601089,福元医药,观察,增速观察,53.4308,37.6364,64.8882,77.8989,,4.6619,-30.4894,2.9553,-26.5378,50.0,0.1502,1.3794,4.86,10.9762,22.1011,0,0,0,[],[],False,False,False,有效,1.0
600740,山西焦化,基础数据不足,增速观察,53.4191,61.9305,37.2711,60.1806,,-3.7601,81.1838,13.938,149.5878,16.6667,-0.0313,6.6532,-0.1,-0.5694,39.8194,0,0,0,[],[],False,True,False,基础数据不足,1.0
600331,宏达股份,基础数据不足,反转/低基数,53.3613,57.4697,31.7916,84.1753,,-4.3051,66.5286,-15.5567,372.3112,66.6667,-0.1481,10.2221,-0.8,-1.4484,15.8247,0,0,0,[],[],True,True,False,基础数据不足,1.0
603000,人民网,加速/反转观察,反转/低基数,53.3499,71.1763,17.0395,72.4911,,1.424,511.5348,2.041,509.8675,50.0,-0.1238,-4.2636,0.57,3.1091,27.5089,0,0,0,[],[],True,True,False,有效,1.0
600409,三友化工,加速/反转观察,加速成长,53.3232,69.5844,27.0966,56.9929,,2.5108,129.1472,14.3535,211.2065,33.3333,-0.0009,-0.0541,1.2,1.4428,43.0071,0,0,0,[],[],False,True,False,有效,1.0
600020,中原高速,观察,增速观察,53.3163,44.9842,78.0828,28.7796,,-5.8557,3.5743,-0.5419,32.7071,50.0,0.3517,1.497,5.4,23.4968,71.2204,0,0,0,[],[],False,False,True,有效,1.0
000524,岭南控股,加速/反转观察,加速成长,53.3087,62.2818,37.0539,58.899,,7.0037,13.9319,2.4803,67.2703,83.3333,0.0197,0.7825,2.45,2.5587,41.101,0,0,0,[],[],False,False,False,有效,1.0
603233,大参林,观察,增速观察,53.3071,52.5552,63.6111,34.9546,,3.4647,16.1039,-0.3307,-18.9319,83.3333,0.0922,1.3913,11.59,7.1604,65.0454,0,0,0,[],[],False,False,False,有效,1.0
000682,东方电子,观察,持续成长,53.2719,68.8756,32.9353,47.1343,,15.977,33.2238,4.9406,-0.1262,100.0,-0.21,-1.9121,6.59,9.9257,52.8657,0,0,0,[],[],False,True,False,有效,1.0
605507,国邦医药,观察,增速观察,53.2699,40.5234,62.1212,73.8069,,3.8379,-25.0722,1.7914,-30.0908,83.3333,0.1448,1.3328,3.96,10.8617,26.1931,0,0,0,[],[],False,False,False,有效,1.0
600577,精达股份,观察,持续成长,53.1812,69.456,35.9201,38.8792,,29.0612,6.0202,18.5289,-0.6441,100.0,-0.0046,-0.2164,5.21,2.2266,61.1208,0,0,0,[],[],False,True,False,有效,1.0
002670,国盛证券,成长质量优先,持续成长,53.126,45.1453,80.6793,21.9611,,1.0882,3.037,-1.2009,-60.0081,100.0,3.9884,17.1541,1.8869,23.2529,78.0389,0,0,0,[],[],False,False,True,有效,1.0
603366,日出东方,观察,增速观察,53.1149,56.371,48.3318,52.9131,,12.8527,-11.2742,32.3854,6.46,50.0,0.0597,3.4229,0.85,1.5482,47.0869,0,0,0,[],[],False,False,False,有效,1.0
000837,秦川机床,观察,增速观察,53.1125,59.0522,42.8974,55.7234,,10.8208,4.834,4.8607,6.4861,83.3333,0.0397,2.0016,0.94,2.506,44.2766,0,0,0,[],[],False,False,False,有效,1.0
600973,宝胜股份,加速/反转观察,反转/低基数,53.0639,83.2234,25.3358,18.0413,,36.2555,97.6842,32.8071,12.3204,83.3333,-0.0169,-4.4093,3.63,0.3799,81.9587,0,0,0,[],[],True,True,True,有效,1.0
600531,豫光金铅,观察,持续成长,53.0432,75.7365,31.4218,28.2061,,52.7295,12.4558,26.7817,5.9011,100.0,-0.0481,-3.0231,7.8582,1.5899,71.7939,0,0,0,[],[],False,True,True,有效,1.0
601528,瑞丰银行,观察,增速观察,53.0243,44.5783,88.1606,8.0899,,-1.9644,0.9425,-2.4905,-1.3541,83.3333,4.9154,12.1198,4.465,41.0011,91.9101,0,0,0,[],[],False,False,True,有效,1.0
000900,现代投资,观察,增速观察,52.986,52.5878,68.0162,24.1203,,30.7588,-23.5574,24.3523,-42.2544,50.0,0.2371,3.8635,1.82,8.5733,75.8797,0,0,0,[],[],False,False,True,有效,1.0
002126,银轮股份,观察,持续成长,52.9841,60.0243,49.668,38.4958,,25.9319,2.5046,2.5052,-19.6668,100.0,0.0396,0.7895,5.83,5.7216,61.5042,0,0,0,[],[],False,False,False,有效,1.0
002364,中恒电气,观察,持续成长,52.9498,75.6645,19.3391,52.0268,,41.6692,15.8062,32.734,0.5322,100.0,-0.2129,-4.8884,2.2,4.0669,47.9732,0,0,0,[],[],False,True,False,有效,1.0
002773,康弘药业,观察,增速观察,52.9454,26.1399,73.4412,92.3705,,-11.1873,-22.6056,-14.1625,-20.2329,50.0,0.2477,0.9558,5.96,25.466,7.6295,0,0,0,[],[],False,False,False,有效,1.0
600028,中国石化,加速/反转观察,加速成长,52.9243,58.2172,48.5819,45.7306,,1.9523,19.2897,11.4164,56.0675,33.3333,0.0435,2.4388,3.06,2.0878,54.2694,0,0,0,[],[],False,False,False,有效,1.0
600196,复星医药,观察,增速观察,52.9172,49.39,59.3924,50.5485,,4.7531,1.1457,3.3057,-20.5402,83.3333,0.1186,1.4081,3.53,10.5123,49.4515,0,0,0,[],[],False,False,False,有效,1.0
601968,宝钢包装,加速/反转观察,加速成长,52.9158,74.839,23.2317,46.5143,,19.6726,40.4232,14.1294,31.5366,83.3333,-0.0887,-3.1508,3.16,3.0328,53.4857,0,0,0,[],[],False,True,False,有效,1.0
600509,天富能源,观察,增速观察,52.9066,45.812,70.7253,38.553,,2.0398,-0.8107,11.5979,-8.0757,33.3333,0.2219,3.055,3.89,6.9808,61.447,0,0,0,[],[],False,False,False,有效,1.0
603402,陕西旅游,观察,增速观察,52.8732,23.8564,80.4476,84.7748,,-18.8501,-39.0081,-0.3981,-14.0937,33.3333,0.5407,1.8177,4.25,39.4127,15.2252,0,0,0,[],[],False,False,False,有效,1.0
601515,衢州东峰,基础数据不足,反转/低基数,52.8617,63.8342,23.1849,79.2977,,23.3291,4.8975,34.1699,-3.8932,50.0,-0.0916,1.1702,-1.19,-10.0749,20.7023,0,0,0,[],[],True,True,False,基础数据不足,1.0
603599,广信股份,观察,增速观察,52.8558,40.5797,62.8692,69.6569,,-14.4303,1.8402,9.485,17.4848,16.6667,0.167,0.7565,3.52,22.0774,30.3431,0,0,0,[],[],False,False,False,有效,1.0
603713,密尔克卫,观察,持续成长,52.8387,61.5096,48.8478,34.8077,,13.29,8.3667,3.2483,-2.4918,100.0,0.0253,0.5285,7.92,5.7546,65.1923,0,0,0,[],[],False,False,False,有效,1.0
002164,宁波东力,加速/反转观察,反转/低基数,52.8336,59.7892,41.8433,53.9472,,6.2104,74.1729,5.7663,-252.5036,83.3333,0.026,0.3806,3.42,6.8123,46.0528,0,0,0,[],[],True,False,False,有效,1.0
600360,华微电子,观察,持续成长,52.7838,52.7757,45.6878,67.0001,,6.2847,10.1537,-3.3205,-25.1704,100.0,0.0426,0.4796,3.35,9.1035,32.9999,0,0,0,[],[],False,False,False,有效,1.0
600320,振华重工,观察,持续成长,52.783,59.5872,57.3022,23.3321,,1.3321,45.9367,-3.9036,8.7654,100.0,0.0896,3.1424,3.13,3.2165,76.6679,0,0,0,[],[],False,False,True,有效,1.0
000818,航锦科技,加速/反转观察,反转/低基数,52.7794,52.2383,63.5386,32.8841,,-34.6848,263.3162,-33.5209,178.9518,50.0,0.2288,6.6409,2.3,2.8856,67.1159,0,0,0,[],[],True,False,False,有效,1.0
600825,新华传媒,观察,持续成长,52.7661,47.6743,53.747,66.0795,,0.0343,1.2909,-1.279,-3.157,100.0,0.115,2.215,1.31,5.1751,33.9205,0,0,0,[],[],False,False,False,有效,1.0
000061,农产品,观察,增速观察,52.7404,42.5369,70.7384,47.3551,,-22.6977,33.0914,-36.113,36.5149,50.0,0.2471,2.6306,2.94,12.2683,52.6449,0,0,0,[],[],False,False,False,有效,1.0
600645,中源协和,观察,增速观察,52.7199,39.8099,62.6696,71.5507,,-7.9565,5.6741,0.2732,-7.7577,33.3333,0.2011,2.1722,1.64,9.0067,28.4493,0,0,0,[],[],False,False,False,有效,1.0
603111,康尼机电,观察,持续成长,52.709,57.0314,45.0489,55.0619,,5.0785,9.6888,-0.4585,9.5028,100.0,0.0326,0.4063,4.1,7.7337,44.9381,0,0,0,[],[],False,False,False,有效,1.0
603236,移远通信,观察,持续成长,52.7066,68.3813,38.7223,33.651,,32.1567,27.8404,1.3274,-14.4643,100.0,-0.0248,-0.6281,8.38,3.9091,66.349,0,0,0,[],[],False,True,False,有效,1.0
603228,景旺电子,观察,增速观察,52.6778,53.8146,52.8918,48.8394,,21.3707,-7.3796,0.448,-12.6783,83.3333,0.0702,1.0044,4.55,7.0934,51.1606,0,0,0,[],[],False,False,False,有效,1.0
000670,盈方微,基础数据不足,反转/低基数,52.6727,78.0705,31.3666,19.0915,,30.2405,49.2008,13.9047,82.0884,66.6667,-0.1193,18.2433,-46.92,0.3539,80.9085,0,0,0,[],[],True,True,True,基础数据不足,1.0
600862,中航高科,观察,增速观察,52.568,23.2531,85.8166,74.0156,,-13.965,-27.4368,-12.6961,-16.8649,33.3333,0.5805,3.1258,5.47,18.7161,25.9844,0,0,0,[],[],False,False,False,有效,1.0
000333,美的集团,成长质量优先,持续成长,52.5587,46.7226,70.0373,35.11,,3.5515,1.662,-8.5576,-12.3716,100.0,0.1444,1.42,11.33,10.2225,64.89,0,0,0,[],[],False,False,False,有效,1.0
000863,三湘印象,基础数据不足,反转/低基数,52.55,60.2467,33.8787,66.8025,,142.8929,-440.4,182.054,353.5741,50.0,0.1977,-8.98,-0.46,-2.2558,33.1975,0,0,0,[],[],True,True,False,基础数据不足,1.0
603950,长源东谷,观察,增速观察,52.5498,36.4073,77.0775,51.9221,,-2.0317,1.6579,-19.5226,-67.1974,83.3333,0.3048,1.8544,5.38,16.4524,48.0779,0,0,0,[],[],False,False,False,有效,1.0
600886,国投电力,观察,增速观察,52.5476,34.9595,85.8353,38.7363,,-7.0478,-6.8297,1.2623,-18.125,33.3333,0.4584,3.0969,5.05,26.6927,61.2637,0,0,0,[],[],False,False,False,有效,1.0
600545,卓郎智能,基础数据不足,反转/低基数,52.5467,76.0321,25.286,36.6118,,15.4394,61.9011,27.1201,446.3754,33.3333,0.0927,-2.325,-2.89,-4.5972,63.3882,0,0,0,[],[],True,True,False,基础数据不足,1.0
600114,东睦股份,观察,增速观察,52.5231,35.833,76.2293,55.1811,,5.1053,-23.1635,-12.2875,-58.1168,83.3333,0.2302,3.5362,5.72,8.7733,44.8189,0,0,0,[],[],False,False,False,有效,1.0
000021,深科技,观察,持续成长,52.5215,60.1361,41.8953,50.9297,,6.9616,20.2817,0.7552,-1.789,100.0,0.0142,0.2169,4.07,8.0366,49.0703,0,0,0,[],[],False,False,False,有效,1.0
600429,三元股份,加速/反转观察,反转/低基数,52.4978,56.7389,44.6596,55.451,,4.1138,1.1473,13.6972,512.704,33.3333,0.0392,0.7339,3.8381,5.163,44.549,0,0,0,[],[],True,False,False,有效,1.0
603899,晨光股份,加速/反转观察,加速成长,52.4579,52.7704,50.1452,56.146,,4.7278,5.1321,1.2787,11.2499,66.6667,0.0407,0.7856,6.21,5.3848,43.854,0,0,0,[],[],False,False,False,有效,1.0
002839,张家港行,观察,增速观察,52.4489,42.7515,89.1393,8.1604,,-5.2096,2.7085,-5.9637,-2.6366,83.3333,1.6114,3.8951,4.87,41.5141,91.8396,0,0,0,[],[],False,False,True,有效,1.0
002713,东易日盛,基础数据不足,反转/低基数,52.4402,64.6975,28.5235,63.5017,,5.0949,74.4847,51.7482,-28.6267,50.0,-0.3027,8.7301,-1.36,-5.4396,36.4983,0,0,0,[],[],True,True,False,基础数据不足,1.0
603601,再升科技,观察,增速观察,52.4236,39.1478,55.383,86.3321,,-0.9899,-25.6204,12.6448,12.5437,16.6667,0.1234,1.7937,1.8,6.9902,13.6679,0,0,0,[],[],False,False,False,有效,1.0
605005,合兴股份,观察,增速观察,52.3974,33.5909,67.2126,79.1865,,-0.1085,-24.5144,-9.1952,-2.3239,50.0,0.1984,2.1329,3.82,9.3007,20.8135,0,0,0,[],[],False,False,False,有效,1.0
600547,山东黄金,观察,增速观察,52.3708,43.1931,73.2705,38.1041,,-5.5987,26.1722,-31.9801,-34.4008,83.3333,0.145,2.1932,10.15,10.6965,61.8959,0,0,0,[],[],False,False,False,有效,1.0
603171,税友股份,观察,持续成长,52.3464,67.0904,26.3798,60.0475,,9.7213,32.3755,4.1481,11.3562,100.0,-0.2945,-3.1706,3.65,9.5891,39.9525,0,0,0,[],[],False,True,False,有效,1.0
600694,大商股份,加速/反转观察,加速成长,52.2879,49.9831,54.8462,54.0856,,0.6938,0.3191,11.4459,16.6281,50.0,0.0797,0.7117,4.27,12.3793,45.9144,0,0,0,[],[],False,False,False,有效,1.0
601608,中信重工,观察,增速观察,52.2586,47.4576,62.5068,46.165,,1.1077,2.9505,0.2,2.707,66.6667,0.1625,3.126,2.25,5.1013,53.835,0,0,0,[],[],False,False,False,有效,1.0
603658,安图生物,观察,增速观察,52.1994,38.5396,61.5882,74.4015,,-0.1155,-12.9382,5.3593,-2.353,16.6667,0.1049,0.4342,5.49,24.4034,25.5985,0,0,0,[],[],False,False,False,有效,1.0
002223,鱼跃医疗,观察,增速观察,52.1927,27.587,75.4074,79.5807,,-1.9243,-29.9235,-7.0685,-11.9855,16.6667,0.2587,1.4026,6.22,18.5557,20.4193,0,0,0,[],[],False,False,False,有效,1.0
603262,技源集团,观察,增速观察,52.1803,28.1687,72.315,83.9458,,-8.574,-25.1991,-17.676,-1.837,50.0,0.2412,1.6985,4.63,14.3829,16.0542,0,0,0,[],[],False,False,False,有效,1.0
002565,顺灏股份,观察,增速观察,52.1717,35.1824,65.8441,75.7948,,-14.8761,-4.7103,6.9058,-34.7134,50.0,0.2069,3.4379,1.73,7.5383,24.2052,0,0,0,[],[],False,False,False,有效,1.0
000970,中科三环,加速/反转观察,反转/低基数,52.1637,59.0598,31.0523,73.698,,23.6734,11.8645,25.3062,-648.6309,50.0,0.0087,0.6407,0.76,1.9557,26.302,0,0,0,[],[],True,False,False,有效,1.0
601799,星宇股份,观察,增速观察,52.1557,40.1105,65.8355,60.9316,,1.8729,-5.2556,-13.2463,-20.58,83.3333,0.144,1.4807,5.8052,9.7227,39.0684,0,0,0,[],[],False,False,False,有效,1.0
605198,安德利,观察,增速观察,52.1519,17.8282,83.6044,92.2181,,-24.4468,-38.7062,-42.7246,-65.4193,66.6667,0.7514,4.3668,4.33,17.2082,7.7819,0,0,0,[],[],False,False,False,有效,1.0
600353,旭光电子,观察,持续成长,52.1171,63.1635,32.7371,57.7377,,16.8035,11.6237,13.748,-46.0423,100.0,-0.0474,-0.61,3.71,6.2778,42.2623,0,0,0,[],[],False,True,False,有效,1.0
002673,西部证券,观察,增速观察,52.0653,75.7203,31.305,22.621,,32.1636,31.8808,43.0012,6.911,66.6667,-0.4429,-1.5771,3.42,29.8186,77.379,0,0,0,[],[],False,True,True,有效,1.0
605319,无锡振华,观察,持续成长,52.0595,49.6657,58.6421,46.0761,,9.1058,1.929,-7.9233,-21.1814,100.0,0.0704,0.4814,7.16,14.6139,53.9239,0,0,0,[],[],False,False,False,有效,1.0
001393,维通利,观察,增速观察,52.0361,48.7832,45.8107,74.2459,,18.8274,-2.2298,-11.9558,-13.3698,66.6667,0.0138,0.1705,6.2,8.1084,25.7541,0,0,0,[],[],False,False,False,有效,0.9
601228,广州港,观察,增速观察,52.0232,40.0155,72.7003,46.6918,,-4.992,0.755,-3.002,16.329,33.3333,0.2785,3.2888,2.58,10.8128,53.3082,0,0,0,[],[],False,False,False,有效,1.0
001233,海安集团,观察,增速观察,52.0129,35.3276,63.3781,79.338,,3.4657,-46.0898,6.4099,-28.5034,50.0,0.1626,0.9882,3.86,16.4507,20.662,0,0,0,[],[],False,False,False,有效,1.0
600552,凯盛科技,加速/反转观察,加速成长,51.9846,60.461,46.8419,36.8412,,12.5363,22.7051,-7.613,30.9029,66.6667,0.0533,2.6239,1.48,2.1075,63.1588,0,0,0,[],[],False,False,False,有效,1.0
603626,科森科技,加速/反转观察,反转/低基数,51.9845,54.2167,50.7507,47.7558,,-29.914,358.3151,-22.5439,331.9411,50.0,-0.053,-0.2163,13.45,24.5044,52.2442,0,0,0,[],[],True,True,False,有效,1.0
000593,德龙汇能,观察,增速观察,51.9657,46.5094,59.331,53.6039,,-11.5028,13.1814,0.9982,6.4117,66.6667,0.1085,3.0551,3.17,3.611,46.3961,0,0,0,[],[],False,False,False,有效,1.0
000422,湖北宜化,观察,增速观察,51.9399,50.1065,65.1174,31.0849,,11.5567,-19.9423,10.5379,4.3107,50.0,0.1163,4.8771,5.15,4.2957,68.9151,0,0,0,[],[],False,False,False,有效,1.0
000035,中国天楹,观察,增速观察,51.9321,51.7718,61.3725,33.5322,,3.4966,1.1083,10.27,-0.3099,66.6667,0.1695,2.1341,1.98,8.7466,66.4678,0,0,0,[],[],False,False,False,有效,1.0
600724,宁波富达,观察,增速观察,51.8982,33.8284,65.0894,79.7254,,-17.7897,1.7846,-4.6684,14.3959,16.6667,0.1821,0.9434,4.1277,17.4059,20.2746,0,0,0,[],[],False,False,False,有效,1.0
600143,金发科技,观察,持续成长,51.8893,56.8916,54.0703,32.52,,7.8457,17.0171,-0.2218,-22.4251,100.0,0.0636,3.1656,3.4717,1.5523,67.48,0,0,0,[],[],False,False,False,有效,1.0
002011,盾安环境,观察,增速观察,51.8876,48.2659,57.5485,51.4308,,7.4502,-12.792,4.6411,-15.9543,83.3333,0.0756,1.1718,6.78,6.4354,48.5692,0,0,0,[],[],False,False,False,有效,1.0
603049,中策橡胶,观察,持续成长,51.7901,52.5235,54.0227,45.1251,,7.4099,5.0886,-7.1142,-4.425,100.0,0.0358,0.3447,9.53,10.396,54.8749,0,0,0,[],[],False,False,False,有效,1.0
600839,四川长虹,观察,持续成长,51.703,72.0329,34.3313,25.4565,,2.7677,228.6219,-2.1745,188.0598,100.0,-0.063,-2.2307,10.2601,3.5399,74.5435,0,0,0,[],[],True,True,True,有效,1.0
600103,青山纸业,观察,增速观察,51.6999,39.133,61.3356,70.1293,,1.899,-28.2623,8.8751,7.2148,16.6667,0.204,6.2519,1.01,4.1933,29.8707,0,0,0,[],[],False,False,False,有效,1.0
002498,汉缆股份,加速/反转观察,加速成长,51.6562,66.0632,24.2669,63.214,,24.963,8.9596,12.5718,24.4795,50.0,-0.1687,-3.0813,3.55,5.4732,36.786,0,0,0,[],[],False,True,False,有效,1.0
601727,上海电气,观察,增速观察,51.6544,61.6263,50.3926,24.2625,,16.7066,18.1836,7.6101,-42.1155,83.3333,0.0517,3.3601,1.76,2.6533,75.7375,0,0,0,[],[],False,False,True,有效,1.0
603267,鸿远电子,观察,增速观察,51.6415,36.3704,56.9817,86.7746,,-9.3229,19.2633,-29.598,-43.2793,50.0,0.0713,0.3,4.85,23.5695,13.2254,0,0,0,[],[],False,False,False,有效,1.0
600618,氯碱化工,观察,增速观察,51.6,46.0988,54.5631,62.1774,,6.1671,-15.8035,10.6143,-25.3608,66.6667,0.0903,0.9196,3.92,9.8165,37.8226,0,0,0,[],[],False,False,False,有效,1.0
600655,豫园股份,加速/反转观察,反转/低基数,51.5752,62.5463,45.7596,30.2932,,-10.9645,157.1702,11.5209,4166.4255,16.6667,0.0445,4.6869,0.54,1.1064,69.7068,0,0,0,[],[],True,False,False,有效,1.0
002698,博实股份,观察,增速观察,51.5737,37.6488,68.3363,59.8233,,0.4896,-15.4404,1.6986,-22.9812,50.0,0.1752,1.0225,5.52,18.1751,40.1767,0,0,0,[],[],False,False,False,有效,1.0
600397,江钨装备,加速/反转观察,反转/低基数,51.5666,44.9346,65.4859,43.6243,,-93.7252,100.433,-37.4638,120.9937,16.6667,0.2945,29.5699,0.63,5.7631,56.3757,0,0,0,[],[],True,False,False,有效,1.0
600132,重庆啤酒,观察,增速观察,51.5641,34.1796,89.3619,28.1219,,-2.979,-7.9837,-3.5067,-18.4184,33.3333,0.3329,3.5865,47.54,18.4964,71.8781,0,0,0,[],[],False,False,True,有效,1.0
600660,福耀玻璃,观察,增速观察,51.5297,35.7067,75.2203,51.6177,,2.4418,-17.3665,-14.2092,-41.5641,83.3333,0.2071,1.1462,10.34,18.0783,48.3823,0,0,0,[],[],False,False,False,有效,1.0
002119,康强电子,观察,持续成长,51.491,70.5751,24.7712,47.678,,57.1429,6.4421,45.1877,-33.5638,100.0,-0.1975,-4.761,4.53,4.1485,52.322,0,0,0,[],[],False,True,False,有效,1.0
002541,鸿路钢构,加速/反转观察,加速成长,51.4635,68.9373,33.8223,34.3245,,10.3461,52.1982,7.7713,70.4689,50.0,-0.0177,-0.471,4.31,3.7645,65.6755,0,0,0,[],[],False,True,False,有效,1.0
605365,立达信,加速/反转观察,加速成长,51.4451,51.309,48.2397,58.2642,,0.9528,0.9279,0.0516,51.021,83.3333,0.0593,2.6076,1.83,2.2747,41.7358,0,0,0,[],[],False,False,False,有效,1.0
600927,永安期货,加速/反转观察,加速成长,51.4335,78.8441,29.0063,14.0563,,32.1486,64.4485,14.8155,49.3516,66.6667,-5.0534,-12.7122,2.27,39.7521,85.9437,0,0,0,[],[],False,True,True,有效,1.0
001227,兰州银行,观察,增速观察,51.4221,45.618,82.4198,6.8389,,6.5991,-8.9493,7.3472,-7.7317,33.3333,2.0489,9.8832,2.83,21.5512,93.1611,0,0,0,[],[],False,False,True,有效,1.0
000922,佳电股份,加速/反转观察,加速成长,51.4194,65.3605,26.6499,59.1354,,8.1238,40.4008,7.6995,41.339,50.0,-0.3455,-5.0329,3.95,9.4001,40.8646,0,0,0,[],[],False,True,False,有效,1.0
603919,金徽酒,观察,增速观察,51.4163,39.2392,62.679,65.4222,,3.1946,-28.2353,6.5969,-19.5371,50.0,0.1167,0.9898,6.16,11.3696,34.5778,0,0,0,[],[],False,False,False,有效,1.0
600095,湘财股份,加速/反转观察,反转/低基数,51.4009,39.6649,82.0694,25.2718,,-94.9802,273.7447,-63.363,-51.4047,33.3333,80.6106,1.5809,4.2234,5086.4605,74.7282,0,0,0,[],[],True,False,True,有效,1.0
600578,京能电力,观察,增速观察,51.3492,37.5088,79.9289,35.711,,-3.5097,0.2143,-3.5153,-101.5565,83.3333,0.2796,2.3321,7.77,14.097,64.289,0,0,0,[],[],False,False,False,有效,1.0
603733,仙鹤股份,观察,持续成长,51.3205,54.7162,54.5742,34.6262,,5.2301,13.8802,-14.9119,13.0047,100.0,0.0662,0.772,5.82,8.6326,65.3738,0,0,0,[],[],False,False,False,有效,1.0
600893,航发动力,加速/反转观察,加速成长,51.305,82.1035,11.2788,38.9618,,47.2121,59.3208,50.4456,85.5867,50.0,-0.3595,-51.0259,0.36,0.7895,61.0382,0,0,0,[],[],False,True,False,有效,1.0
600642,申能股份,观察,增速观察,51.2838,36.5555,77.0732,43.8895,,-1.8142,-18.9659,3.5538,-20.7167,50.0,0.3196,2.4161,4.3,17.0087,56.1105,0,0,0,[],[],False,False,False,有效,1.0
000099,中信海直,观察,增速观察,51.2825,33.9325,66.564,72.7697,,-2.8863,-18.3104,-6.2171,-20.1042,66.6667,0.2381,1.9153,2.26,11.9567,27.2303,0,0,0,[],[],False,False,False,有效,1.0
605196,华通线缆,加速/反转观察,加速成长,51.2721,74.655,26.9538,29.7596,,41.3536,18.6123,22.7146,29.144,66.6667,-0.1012,-2.9993,4.78,3.3813,70.2404,0,0,0,[],[],False,True,True,有效,1.0
600062,华润双鹤,观察,增速观察,51.217,35.7748,64.2123,71.5531,,-3.4375,-3.43,-1.5571,-4.6115,16.6667,0.1106,0.6566,7.68,17.3216,28.4469,0,0,0,[],[],False,False,False,有效,1.0
600548,深高速,观察,增速观察,51.2142,34.1385,79.7469,45.3761,,-6.7806,-4.2761,-6.9838,-4.6519,33.3333,0.5583,2.2193,3.77,26.862,54.6239,0,0,0,[],[],False,False,False,有效,1.0
002939,长城证券,观察,增速观察,51.1988,36.6589,88.1946,20.827,,-0.5264,0.6895,-29.7684,-48.1737,83.3333,3.1136,6.3513,4.31,49.3157,79.173,0,0,0,[],[],False,False,True,有效,1.0
002787,华源控股,观察,增速观察,51.1512,62.4581,28.6541,62.2245,,2.3994,54.8055,8.032,-5.6148,83.3333,-0.089,-1.4112,4.03,6.627,37.7755,0,0,0,[],[],False,True,False,有效,1.0
603373,安邦护卫,观察,持续成长,51.1439,56.7651,30.6709,75.2263,,1.9841,14.0012,-0.204,13.122,100.0,-0.0763,-1.6073,3.46,10.0997,24.7737,0,0,0,[],[],False,True,False,有效,1.0
605011,杭州热电,观察,增速观察,51.1314,50.3152,42.5927,70.6572,,7.506,-13.2522,17.9938,-1.2268,50.0,0.0202,0.3444,3.87,7.5096,29.3428,0,0,0,[],[],False,False,False,有效,1.0
000859,国风新材,基础数据不足,反转/低基数,51.1238,67.4641,22.7009,58.9491,,13.9574,20.6115,20.1184,24.5483,50.0,0.0267,-0.979,-1.18,-2.7229,41.0509,0,0,0,[],[],True,True,False,基础数据不足,1.0
003021,兆威机电,观察,增速观察,51.1209,34.1283,59.2672,85.8059,,3.7987,-34.1,-8.725,-47.0714,83.3333,0.1624,1.7762,1.72,9.1427,14.1941,0,0,0,[],[],False,False,False,有效,1.0
601698,中国卫通,观察,增速观察,51.0988,30.1107,63.0399,90.1807,,0.66,-37.3617,-3.4192,-34.4449,50.0,0.1951,2.1195,0.7047,13.0364,9.8193,0,0,0,[],[],False,False,False,有效,1.0
000700,模塑科技,观察,增速观察,51.0973,40.1566,64.3814,57.3509,,-10.27,7.3892,-9.8761,30.2761,33.3333,0.1148,1.1116,7.89,10.3175,42.6491,0,0,0,[],[],False,False,False,有效,1.0
600676,久事动娱,加速/反转观察,反转/低基数,51.0514,50.0999,44.6117,66.7857,,-19.5535,121.9218,-17.5218,106.3864,33.3333,0.0371,3.4745,0.41,0.8386,33.2143,0,0,0,[],[],True,False,False,有效,1.0
601163,三角轮胎,观察,增速观察,51.0291,44.6799,50.8774,70.3803,,6.4186,-14.1052,9.7152,2.1987,16.6667,0.0866,1.2942,2.41,6.6887,29.6197,0,0,0,[],[],False,False,False,有效,1.0
603163,圣晖集成,观察,增速观察,51.0154,33.2922,77.4589,51.2984,,-16.0027,12.3886,-64.8551,-22.7014,50.0,0.33,5.1138,5.95,6.554,48.7016,0,0,0,[],[],False,False,False,有效,1.0
002251,步步高,加速/反转观察,加速成长,50.9994,44.5793,65.7082,40.8419,,9.8681,-28.6191,-12.8379,62.0704,66.6667,0.2305,3.7648,1.7,6.5414,59.1581,0,0,0,[],[],False,False,False,有效,1.0
002030,达安基因,基础数据不足,反转/低基数,50.9902,54.4965,27.5095,87.4324,,-3.1745,33.9123,8.0048,14.3709,33.3333,0.0783,-0.2133,-1.7,-37.9671,12.5676,0,0,0,[],[],True,True,False,基础数据不足,1.0
600369,西南证券,观察,持续成长,50.9496,75.4497,28.1574,23.0336,,37.6722,42.8573,12.3246,-9.0419,100.0,-0.829,-2.8376,2.29,29.2144,76.9664,0,0,0,[],[],False,True,True,有效,1.0
002668,TCL智家,观察,增速观察,50.9396,43.1555,71.9761,32.2187,,4.8311,-19.8805,3.9042,-30.0974,83.3333,0.1188,2.3079,13.88,9.567,67.7813,0,0,0,[],[],False,False,False,有效,1.0
601886,江河集团,加速/反转观察,加速成长,50.8906,70.9235,31.8286,28.916,,15.9048,34.3355,18.4061,38.6406,50.0,-0.0647,-1.5903,6.0,4.6443,71.084,0,0,0,[],[],False,True,True,有效,1.0
605116,奥锐特,观察,增速观察,50.8693,30.7985,74.333,64.154,,0.779,-32.4202,-14.2464,-59.0324,83.3333,0.2508,1.3087,5.8,19.1633,35.846,0,0,0,[],[],False,False,False,有效,1.0
000801,四川九洲,加速/反转观察,加速成长,50.8362,74.3083,23.5918,34.9088,,19.8064,43.7948,21.4063,51.6501,50.0,-0.0603,-1.9274,2.3,3.7104,65.0912,0,0,0,[],[],False,True,False,有效,1.0
601728,中国电信,观察,增速观察,50.8183,35.5334,72.0612,54.1871,,-3.8643,-14.899,-3.9323,-15.422,66.6667,0.2331,3.0823,4.16,7.5228,45.8129,0,0,0,[],[],False,False,False,有效,1.0
600761,安徽合力,观察,增速观察,50.8168,46.8044,53.3774,57.733,,12.1145,-17.8029,0.7634,-9.2987,66.6667,0.0557,0.9259,6.1,6.7674,42.267,0,0,0,[],[],False,False,False,有效,1.0
000733,振华科技,观察,增速观察,50.8126,25.5327,72.2972,83.6834,,-6.9651,-20.9858,-17.2288,-26.6788,33.3333,0.3642,3.3123,1.55,10.9734,16.3166,0,0,0,[],[],False,False,False,有效,1.0
002539,云图控股,加速/反转观察,加速成长,50.7647,58.9606,46.4389,34.8289,,2.7622,38.6061,-2.2443,35.7953,66.6667,0.0178,0.2944,7.29,6.2598,65.1711,0,0,0,[],[],False,False,False,有效,1.0
600739,辽宁成大,加速/反转观察,反转/低基数,50.7618,44.7612,52.3937,65.4996,,-13.5559,125.7713,-5.4952,-125.7106,50.0,0.0156,0.0425,5.49,37.1245,34.5004,0,0,0,[],[],True,False,False,有效,1.0
600817,宇通重工,观察,增速观察,50.7566,30.2812,73.6771,66.3418,,-9.7178,-13.1032,-1.5193,-49.3549,50.0,0.2719,3.9506,3.95,8.2988,33.6582,0,0,0,[],[],False,False,False,有效,1.0
002352,顺丰控股,观察,增速观察,50.7371,46.5558,57.4156,49.9237,,5.8888,-4.1096,-2.4814,-13.4188,83.3333,0.0718,2.0305,5.49,3.8391,50.0763,0,0,0,[],[],False,False,False,有效,1.0
002481,双塔食品,加速/反转观察,加速成长,50.7363,46.3535,55.0657,55.2263,,7.2902,-39.0238,20.6608,26.4548,33.3333,0.1132,3.8343,1.36,2.9227,44.7737,0,0,0,[],[],False,False,False,有效,1.0
002017,东信和平,加速/反转观察,加速成长,50.7255,54.4884,40.5879,59.7122,,1.5661,6.9672,6.2748,21.0204,66.6667,-0.0462,-0.3488,4.62,13.3301,40.2878,0,0,0,[],[],False,True,False,有效,1.0
603678,火炬电子,观察,增速观察,50.71,58.5303,32.3455,63.9783,,75.3565,-7.1765,28.268,-71.5652,50.0,-0.0729,-0.9336,3.86,7.5862,36.0217,0,0,0,[],[],False,True,False,有效,1.0
002423,中粮资本,观察,增速观察,50.6949,36.6049,87.8579,18.6389,,-42.3191,8.1988,-72.0113,63.7689,50.0,138.1555,15.2799,3.98,1355.3309,81.3611,0,0,0,[],[],False,False,True,有效,1.0
603296,华勤技术,观察,持续成长,50.6939,63.9137,44.2532,23.9159,,11.6511,58.7968,-44.3737,20.2465,100.0,0.0069,0.2142,10.52,3.2291,76.0841,0,0,0,[],[],False,False,True,有效,1.0
601199,江南水务,观察,增速观察,50.6773,48.095,47.8797,64.0195,,5.4522,-9.8497,10.3225,-1.7977,50.0,0.0293,0.1267,3.16,23.1587,35.9805,0,0,0,[],[],False,False,False,有效,1.0
600388,紫金龙净,观察,增速观察,50.676,60.6282,42.6988,36.774,,14.9619,25.0187,-3.5323,-8.9271,83.3333,-0.0115,-0.1114,5.02,10.3551,63.226,0,0,0,[],[],False,True,False,有效,1.0
600550,保变电气,观察,持续成长,50.6586,74.1305,34.0785,13.4034,,28.4281,77.3403,8.0099,-27.1965,100.0,-0.1006,-2.8939,14.71,3.8429,86.5966,0,0,0,[],[],False,True,True,有效,1.0
600790,轻纺城,加速/反转观察,反转/低基数,50.6234,56.4128,42.7005,49.1011,,-11.1883,127.5572,-3.5942,239.0699,33.3333,-0.4098,-0.4941,6.67,81.2193,50.8989,0,0,0,[],[],True,True,False,有效,1.0
002213,大为股份,观察,持续成长,50.6117,68.3246,21.6582,55.3798,,1.0903,302.9271,-15.6526,235.1988,100.0,-0.4475,-12.5804,4.27,3.5574,44.6202,0,0,0,[],[],True,True,False,有效,1.0
000519,中兵红箭,加速/反转观察,反转/低基数,50.6065,73.5619,13.1445,56.664,,38.1509,191.3624,-64.8165,78.624,66.6667,-0.1841,-14.9952,0.36,1.0654,43.336,0,0,0,[],[],True,True,False,有效,1.0
600348,华阳股份,观察,增速观察,50.5919,49.68,53.3221,47.8674,,-11.7317,35.635,2.697,59.0858,16.6667,0.0705,0.6585,3.82,13.3424,52.1326,0,0,0,[],[],False,False,False,有效,1.0
002950,奥美医疗,加速/反转观察,加速成长,50.5797,52.5994,42.5292,60.6212,,9.6759,-3.1602,-0.7045,29.3328,66.6667,-0.0222,-0.2113,5.24,11.155,39.3788,0,0,0,[],[],False,True,False,有效,1.0
600688,上海石化,加速/反转观察,反转/低基数,50.5537,68.5196,20.3383,57.0866,,-1.3441,165.0103,11.9341,717.647,33.3333,-0.0216,-2.8008,1.291,0.7268,42.9134,0,0,0,[],[],True,True,False,有效,1.0
601139,深圳燃气,观察,增速观察,50.4824,48.0849,58.6624,41.3149,,-4.17,22.0247,-9.2949,25.3941,50.0,0.0968,1.8396,4.66,5.6289,58.6851,0,0,0,[],[],False,False,False,有效,1.0
600795,国电电力,观察,增速观察,50.4497,42.1524,74.6701,26.9008,,1.7699,-18.245,6.7581,8.9098,33.3333,0.2596,6.8072,4.934,7.2434,73.0992,0,0,0,[],[],False,False,True,有效,1.0
603686,福龙马,观察,增速观察,50.4371,55.8661,41.273,52.4779,,7.6344,7.2718,9.8863,0.5831,50.0,0.0287,0.7433,2.88,4.8772,47.5221,0,0,0,[],[],False,False,False,有效,1.0
605599,菜百股份,观察,增速观察,50.4244,52.2189,47.7005,50.4889,,38.0015,-4.7763,-4.4392,-62.3636,83.3333,0.0191,0.9183,9.19,2.1193,49.5111,0,0,0,[],[],False,False,False,有效,1.0
002236,大华股份,观察,增速观察,50.3622,48.3247,42.638,71.9234,,10.0279,-3.7403,8.2789,-36.5099,50.0,-0.0663,-0.4647,6.15,14.661,28.0766,0,0,0,[],[],False,True,False,有效,1.0
603009,北特科技,观察,持续成长,50.3298,52.4845,46.399,51.7274,,8.1962,14.7766,-6.5954,-52.5748,100.0,0.0517,0.9858,3.1493,5.4387,48.2726,0,0,0,[],[],False,False,False,有效,1.0
600081,东风科技,观察,增速观察,50.2974,56.6368,37.122,57.6301,,-7.9596,107.4851,-0.0965,186.8461,16.6667,0.0167,0.5337,1.93,5.5457,42.3699,0,0,0,[],[],False,False,False,有效,1.0
002015,协鑫能科,观察,增速观察,50.2456,38.0273,75.4772,36.4372,,-9.8199,5.5274,-15.2212,22.8796,33.3333,0.2711,2.419,4.51,14.5603,63.5628,0,0,0,[],[],False,False,False,有效,1.0
603707,健友股份,观察,增速观察,50.2386,29.7974,74.1493,63.7408,,-2.7065,-34.4841,-4.4165,-4.8756,33.3333,0.381,3.913,2.69,9.7367,36.2592,0,0,0,[],[],False,False,False,有效,1.0
603890,春秋电子,观察,增速观察,50.2158,46.08,57.1412,48.7725,,14.1837,-22.8087,2.8482,-57.6303,83.3333,0.1118,3.4129,2.17,3.208,51.2275,0,0,0,[],[],False,False,False,有效,1.0
603685,晨丰科技,观察,增速观察,50.2119,44.2694,58.3445,51.7742,,-10.0111,48.0301,0.7731,-125.9307,50.0,0.1547,3.9363,1.03,3.8492,48.2258,0,0,0,[],[],False,False,False,有效,1.0
600848,上海临港,观察,增速观察,50.1883,68.3464,31.2849,33.5212,,-5.1067,130.8336,24.5563,143.4783,50.0,-0.2852,-1.325,3.3,25.5953,66.4788,0,0,0,[],[],False,True,False,有效,1.0
600198,大唐电信,基础数据不足,反转/低基数,50.1732,76.8655,24.649,21.1448,,30.504,24.8228,23.8377,329.7603,50.0,-0.6135,3.61,-26.37,-12.6082,78.8552,0,0,0,[],[],True,True,True,基础数据不足,1.0
600089,特变电工,观察,增速观察,50.1531,46.6851,58.8994,43.0642,,16.9664,-19.8361,17.5751,-63.5234,33.3333,0.11,2.4369,3.5807,5.3076,56.9358,0,0,0,[],[],False,False,False,有效,1.0
600019,宝钢股份,观察,增速观察,50.1391,43.0121,55.4434,60.9115,,6.1828,-6.3033,7.6134,-46.832,33.3333,0.0922,3.2408,2.21,3.1733,39.0885,0,0,0,[],[],False,False,False,有效,1.0
603580,艾艾精工,加速/反转观察,反转/低基数,50.1274,50.2745,44.6184,60.7037,,114.1537,-38.1461,17.2997,-633.7307,66.6667,0.051,1.9675,1.25,2.5758,39.2963,0,0,0,[],[],True,False,False,有效,1.0
600329,达仁堂,观察,增速观察,50.0558,27.3508,80.9445,56.3933,,-7.3921,-66.5522,25.3092,-62.1422,16.6667,0.339,1.2906,9.06,26.219,43.6067,0,0,0,[],[],False,False,False,有效,1.0
600809,山西汾酒,观察,增速观察,50.0281,25.8798,80.9353,60.6586,,-12.1832,-24.2886,-19.7011,-24.3167,66.6667,0.3161,1.033,15.02,30.7421,39.3414,0,0,0,[],[],False,False,False,有效,1.0
000550,江铃汽车,加速/反转观察,加速成长,49.9756,56.1188,47.4623,36.5727,,7.0167,0.829,4.943,23.5773,83.3333,0.0309,0.8093,6.12,3.8287,63.4273,0,0,0,[],[],False,False,False,有效,1.0
000065,北方国际,观察,增速观察,49.9524,44.3176,60.6745,45.4126,,-19.4183,5.5623,9.5441,36.6435,33.3333,0.141,2.3459,2.92,6.7562,54.5874,0,0,0,[],[],False,False,False,有效,1.0
002299,圣农发展,观察,增速观察,49.9455,46.4691,56.0899,48.086,,21.7307,-44.7963,13.6119,-135.3417,83.3333,0.0847,1.8179,4.4,4.7258,51.914,0,0,0,[],[],False,False,False,有效,1.0
000795,英洛华,观察,增速观察,49.9404,58.255,34.2118,56.4539,,27.6318,-10.4475,30.7369,-11.3817,50.0,-0.0498,-0.8546,4.75,6.0053,43.5461,0,0,0,[],[],False,True,False,有效,1.0
603092,德力佳,观察,增速观察,49.8746,40.2545,62.2128,54.0583,,4.4924,4.5797,-41.3943,-50.4212,66.6667,0.099,0.624,7.19,15.8578,45.9417,0,0,0,[],[],False,False,False,有效,1.0
600016,民生银行,观察,增速观察,49.8743,41.0289,83.4767,9.2058,,3.8434,-8.6202,-0.9809,-3.2542,33.3333,2.4502,9.4266,3.025,25.614,90.7942,0,0,0,[],[],False,False,True,有效,1.0
002920,德赛西威,观察,持续成长,49.8534,43.4338,57.7858,53.2475,,1.7531,1.8066,-16.1305,-20.5743,100.0,0.0713,0.8539,7.99,8.2,46.7525,0,0,0,[],[],False,False,False,有效,1.0
000815,美利云,加速/反转观察,反转/低基数,49.8432,57.4056,33.8583,59.1256,,-0.9389,64.9025,61.4634,-47.2453,33.3333,-0.1256,-0.6609,2.34,19.6218,40.8744,0,0,0,[],[],True,True,False,有效,1.0
600929,雪天盐业,观察,增速观察,49.8345,41.5323,53.8801,66.6499,,-2.8878,-9.228,7.0766,65.3642,0.0,0.0956,3.208,1.04,3.7285,33.3501,0,0,0,[],[],False,False,False,有效,1.0
000968,蓝焰控股,观察,增速观察,49.8184,27.8758,77.1952,60.8926,,-12.2873,-15.4903,-5.4179,7.4136,0.0,0.4868,2.4017,3.11,19.3637,39.1074,0,0,0,[],[],False,False,False,有效,1.0
000977,浪潮信息,观察,持续成长,49.8057,69.4944,33.777,22.7973,,5.2203,269.5907,-38.0329,264.389,100.0,-0.0888,-2.5384,12.74,3.5028,77.2027,0,0,0,[],[],True,True,True,有效,1.0
002678,珠江钢琴,基础数据不足,反转/低基数,49.7751,63.2462,14.1155,80.6808,,10.2413,8.4919,26.1174,67.2076,33.3333,-0.2999,0.6313,-4.16,-48.6056,19.3192,0,0,0,[],[],True,True,False,基础数据不足,1.0
601179,中国西电,观察,持续成长,49.7712,58.9145,33.7538,54.3764,,8.0676,15.0255,0.935,-5.42,100.0,-0.0243,-0.4319,2.97,7.1856,45.6236,0,0,0,[],[],False,True,False,有效,1.0
001289,龙源电力,观察,增速观察,49.7706,34.3332,80.7796,34.0651,,-6.4809,-29.1006,12.1159,-0.3245,16.6667,0.5554,3.3987,3.14,19.1485,65.9349,0,0,0,[],[],False,False,False,有效,1.0
605366,宏柏新材,基础数据不足,反转/低基数,49.7467,59.4368,24.9824,70.205,,15.8515,-14.5834,21.7638,357.7096,33.3333,-0.032,0.8893,-1.28,-4.1917,29.795,0,0,0,[],[],True,True,False,基础数据不足,1.0
002533,金杯电工,观察,持续成长,49.6849,68.3799,28.6489,35.6722,,27.0657,6.9634,12.055,1.4709,100.0,-0.1408,-5.2689,6.85,3.1579,64.3278,0,0,0,[],[],False,True,False,有效,1.0
600827,百联股份,观察,增速观察,49.6097,60.7204,36.7299,42.0374,,-9.0814,191.6134,1.3609,251.3516,33.3333,-0.0249,-0.3293,4.44,6.6688,57.9626,0,0,0,[],[],False,True,False,有效,1.0
600930,华电新能,观察,增速观察,49.5254,35.0958,81.5694,28.7264,,8.3562,-38.4711,-6.4008,-20.7135,50.0,0.6117,3.4524,3.19,20.7517,71.2736,0,0,0,[],[],False,False,True,有效,1.0
603583,捷昌驱动,观察,增速观察,49.4948,39.3671,55.5073,67.8531,,5.0994,-15.4259,-5.418,-56.2911,83.3333,0.0795,0.7316,4.87,10.925,32.1469,0,0,0,[],[],False,False,False,有效,1.0
603766,隆鑫通用,观察,增速观察,49.4621,36.1319,67.6827,53.0114,,0.2388,-7.7273,-13.5103,-54.681,83.3333,0.1282,1.2647,10.1,10.2175,46.9886,0,0,0,[],[],False,False,False,有效,1.0
002171,楚江新材,观察,增速观察,49.4137,70.3201,23.3435,38.8351,,39.3517,21.0086,26.6525,-45.7054,83.3333,-0.0494,-6.5296,3.41,0.7486,61.1649,0,0,0,[],[],False,True,False,有效,1.0
002399,海普瑞,观察,增速观察,49.4108,27.3757,70.4301,73.4774,,-8.4415,-34.7435,-12.1961,11.2186,33.3333,0.3158,2.9589,2.28,10.6569,26.5226,0,0,0,[],[],False,False,False,有效,1.0
603496,恒为科技,观察,增速观察,49.4099,42.7434,46.1856,75.8579,,-12.0573,23.8767,-5.7447,-6.2508,50.0,0.0676,1.3148,1.58,5.0139,24.1421,0,0,0,[],[],False,False,False,有效,1.0
600313,农发种业,观察,增速观察,49.4071,51.0088,40.2889,62.8384,,32.8369,-16.6359,13.234,-94.903,50.0,0.0203,1.4968,2.23,1.7144,37.1616,0,0,0,[],[],False,False,False,有效,1.0
002601,龙佰集团,观察,增速观察,49.3921,43.4405,60.7927,44.4457,,8.1462,-39.085,13.7601,3.5243,33.3333,0.1283,2.192,3.58,6.7386,55.5543,0,0,0,[],[],False,False,False,有效,1.0
002080,中材科技,观察,增速观察,49.3547,56.0929,43.0293,41.7907,,21.9476,20.9309,-3.9517,-82.8861,66.6667,-0.0123,-0.1656,5.92,8.9275,58.2093,0,0,0,[],[],False,True,False,有效,1.0
000425,徐工机械,观察,增速观察,49.348,49.3985,55.4975,36.8979,,11.7478,-9.0949,3.3797,-18.0543,66.6667,0.0679,1.0495,6.33,6.5396,63.1021,0,0,0,[],[],False,False,False,有效,1.0
002605,姚记科技,观察,增速观察,49.3023,34.075,60.6648,72.2592,,-8.07,-15.5123,9.7345,-2.1768,0.0,0.1006,0.6155,5.5,17.1879,27.7408,0,0,0,[],[],False,False,False,有效,1.0
600461,洪城环境,观察,增速观察,49.2581,38.3704,68.0432,44.351,,-7.7722,-4.4785,1.2308,-4.7505,50.0,0.1674,0.9793,5.71,18.5413,55.649,0,0,0,[],[],False,False,False,有效,1.0
600006,东风股份,加速/反转观察,反转/低基数,49.2475,70.4709,16.7706,50.5311,,9.6364,27.8275,28.6467,1772.3295,33.3333,-0.1687,-7.4874,1.58,2.2548,49.4689,0,0,0,[],[],True,True,False,有效,1.0
603393,新天然气,观察,增速观察,49.2344,27.2259,80.6606,52.4075,,-6.5837,-37.9468,-10.4745,-6.0256,50.0,0.5668,2.7977,4.12,19.3836,47.5925,0,0,0,[],[],False,False,False,有效,1.0
603920,世运电路,观察,增速观察,49.2214,41.2621,52.1434,67.2554,,16.844,-78.1111,5.7954,-79.4765,83.3333,0.0875,3.1369,1.29,2.2786,32.7446,0,0,0,[],[],False,False,False,有效,1.0
603300,海南华铁,观察,增速观察,49.2197,40.9917,74.801,22.7413,,13.323,-30.2708,-2.4166,-17.4434,50.0,0.4823,6.4456,3.56,7.1016,77.2587,0,0,0,[],[],False,False,True,有效,1.0
000595,新能股份,加速/反转观察,反转/低基数,49.2053,40.6339,81.1481,11.0336,,20.6862,-74.3951,14.7098,-252.4125,50.0,0.8781,12.3291,5.83,7.3609,88.9664,0,0,0,[],[],True,False,True,有效,1.0
000719,中原传媒,观察,增速观察,49.1958,31.6663,69.1196,61.9367,,-7.8334,-4.9213,-2.7104,-38.4913,33.3333,0.2073,1.7285,4.15,12.5445,38.0633,0,0,0,[],[],False,False,False,有效,1.0
603866,桃李面包,观察,增速观察,49.1565,35.7301,58.2974,71.1537,,-1.9845,-28.7451,8.5131,16.8855,0.0,0.1282,2.2598,2.75,5.6742,28.8463,0,0,0,[],[],False,False,False,有效,1.0
600863,华能蒙电,观察,增速观察,49.1217,26.1734,79.6482,56.9138,,-15.0441,-22.3398,-3.2872,-4.3726,16.6667,0.2849,1.7264,7.49,18.9099,43.0862,0,0,0,[],[],False,False,False,有效,1.0
603227,雪峰科技,观察,增速观察,49.09,45.8732,43.2731,70.3744,,-6.0339,9.847,2.774,34.4958,16.6667,-0.0105,-0.1049,4.81,11.7048,29.6256,0,0,0,[],[],False,True,False,有效,1.0
000516,国际医学,基础数据不足,反转/低基数,49.0566,64.8271,34.1983,31.4616,,-0.1111,60.4028,15.2758,83.5985,50.0,0.2428,-7.5545,-1.99,-5.7265,68.5384,0,0,0,[],[],True,True,False,基础数据不足,1.0
600380,健康元,观察,增速观察,49.0264,21.2662,80.9656,68.4287,,-16.6558,-17.49,-14.0709,-13.8102,0.0,0.3103,3.1537,4.21,20.7542,31.5713,0,0,0,[],[],False,False,False,有效,1.0
603212,赛伍技术,基础数据不足,反转/低基数,49.0057,60.0252,26.4531,61.0525,,-6.5317,94.4766,6.1917,88.5113,33.3333,0.0733,-23.2683,-0.17,0.0053,38.9475,0,0,0,[],[],True,True,False,基础数据不足,1.0
000988,华工科技,观察,持续成长,49.002,55.4234,39.5855,48.5708,,2.5267,30.1653,-20.0674,9.6824,100.0,-0.1531,-1.0099,10.23,15.2835,51.4292,0,0,0,[],[],False,True,False,有效,1.0
605162,新中港,观察,增速观察,48.9894,28.26,58.7324,91.6914,,-8.638,-34.0731,10.1849,-18.0937,0.0,0.1357,1.1087,2.88,12.2405,8.3086,0,0,0,[],[],False,False,False,有效,1.0
600389,江山股份,观察,增速观察,48.9724,51.8114,47.1566,44.0872,,11.9351,3.1978,4.8544,-134.1476,83.3333,0.0003,0.0034,8.37,9.516,55.9128,0,0,0,[],[],False,False,False,有效,1.0
601369,陕鼓动力,观察,增速观察,48.9691,45.0828,57.2504,44.0655,,2.4405,-19.9422,10.7645,8.2484,50.0,0.1021,1.5368,3.67,7.7577,55.9345,0,0,0,[],[],False,False,False,有效,1.0
000651,格力电器,观察,增速观察,48.9448,35.1828,74.9788,38.163,,-8.1453,-7.8739,1.7491,2.0112,16.6667,0.2104,1.4166,8.68,14.9029,61.837,0,0,0,[],[],False,False,False,有效,1.0
603897,长城科技,观察,增速观察,48.9432,61.9697,37.3891,32.9721,,20.678,3.2486,23.75,-30.371,83.3333,0.0006,0.0305,5.64,1.8697,67.0279,0,0,0,[],[],False,False,False,有效,1.0
601702,华峰铝业,观察,增速观察,48.9406,46.5543,47.645,58.6908,,7.6238,-2.2911,-7.1625,-0.9735,66.6667,0.0101,0.1162,8.3,8.6853,41.3092,0,0,0,[],[],False,False,False,有效,1.0
001248,华润新能源,观察,增速观察,48.9401,29.0514,80.6835,45.1191,,-2.9363,-29.547,-3.0912,-6.2675,16.6667,0.6642,2.5329,3.57,27.3457,54.8809,0,0,0,[],[],False,False,False,有效,0.9
600987,航民股份,观察,增速观察,48.9374,27.9494,69.2576,71.2611,,-28.5633,-4.5864,-22.0633,-6.6861,50.0,0.1934,2.5044,4.41,8.8952,28.7389,0,0,0,[],[],False,False,False,有效,1.0
603112,华翔股份,观察,增速观察,48.9238,49.8745,42.721,58.4774,,11.644,-9.8886,3.8127,-28.4429,83.3333,-0.0406,-0.3422,5.85,12.1729,41.5226,0,0,0,[],[],False,True,False,有效,1.0
003033,征和工业,观察,增速观察,48.8957,43.3085,54.4276,54.5935,,8.0986,-21.2614,2.7969,-54.983,83.3333,0.0749,1.0458,4.83,7.2259,45.4065,0,0,0,[],[],False,False,False,有效,1.0
000829,天音控股,加速/反转观察,反转/低基数,48.8878,81.8872,18.7596,10.1462,,25.1811,125.337,17.4083,294.3789,50.0,-0.018,-65.9493,0.54,0.0523,89.8538,0,0,0,[],[],True,True,True,有效,1.0
600162,香江控股,基础数据不足,反转/低基数,48.8381,60.114,39.7451,33.1967,,-3.6819,15.9516,57.9146,258.8419,33.3333,0.5703,-24.2395,-0.29,-5.7673,66.8033,0,0,0,[],[],True,True,False,基础数据不足,1.0
600010,包钢股份,观察,增速观察,48.8375,51.2863,48.8248,41.5166,,-10.5152,84.611,-7.9716,43.4238,33.3333,0.0883,8.8606,0.54,0.0515,58.4834,0,0,0,[],[],False,False,False,有效,1.0
002550,千红制药,观察,增速观察,48.8368,20.2894,72.4969,87.1587,,-11.9992,-40.7768,-14.9498,-52.7879,50.0,0.2351,1.1666,5.62,18.8409,12.8413,0,0,0,[],[],False,False,False,有效,1.0
600085,同仁堂,观察,增速观察,48.8329,25.5747,72.8092,70.6549,,-14.2271,-23.1949,-7.0158,-1.1215,16.6667,0.2062,2.3795,5.22,11.1628,29.3451,0,0,0,[],[],False,False,False,有效,1.0
600726,华电能源,观察,增速观察,48.8197,53.8803,54.5499,22.1776,,-3.0255,29.1556,5.1973,8.3455,50.0,0.0239,0.3243,12.6,12.1624,77.8224,0,0,0,[],[],False,False,True,有效,1.0
600234,科新发展,加速/反转观察,反转/低基数,48.7724,49.1033,50.6745,43.9752,,17.0717,-98.4654,14.541,44.5051,66.6667,0.11,47.2643,0.08,0.9384,56.0248,0,0,0,[],[],True,False,False,有效,1.0
600399,抚顺特钢,基础数据不足,反转/低基数,48.7383,64.8757,28.1764,41.45,,9.7501,9.0774,18.0068,829.8389,33.3333,-0.2118,3.5188,-4.69,-6.0186,58.55,0,0,0,[],[],True,True,False,基础数据不足,1.0
002243,力合科创,加速/反转观察,加速成长,48.7126,58.4868,32.8041,51.2073,,8.289,8.126,6.5893,36.08,50.0,-0.0211,-0.1956,1.74,8.1042,48.7927,0,0,0,[],[],False,True,False,有效,1.0
601126,四方股份,观察,持续成长,48.7062,55.8369,42.6085,39.5095,,11.4864,8.0041,-6.3871,-7.8406,100.0,-0.0853,-0.7436,10.17,11.4711,60.4905,0,0,0,[],[],False,True,False,有效,1.0
600151,航天机电,基础数据不足,反转/低基数,48.6659,60.6883,19.7969,70.3364,,-18.8074,93.7647,13.7919,619.1078,33.3333,0.0163,-1.7934,-0.3035,-1.4926,29.6636,0,0,0,[],[],True,True,False,基础数据不足,1.0
002626,金达威,观察,增速观察,48.6334,35.3721,62.7615,60.1611,,2.5816,-31.2345,-1.2859,-30.6264,66.6667,0.1474,1.5363,3.74,10.5515,39.8389,0,0,0,[],[],False,False,False,有效,1.0
002945,华林证券,观察,增速观察,48.6008,32.544,85.0032,23.9663,,1.6731,-23.3192,-16.6626,-66.6652,83.3333,1.031,3.3943,3.49,30.3749,76.0337,0,0,0,[],[],False,False,True,有效,1.0
600312,平高电气,观察,增速观察,48.6001,50.927,40.8357,57.1478,,-5.639,22.8726,-6.5689,13.4253,83.3333,-0.1283,-0.844,7.01,16.023,42.8522,0,0,0,[],[],False,True,False,有效,1.0
600887,伊利股份,观察,增速观察,48.5873,38.0928,70.4011,36.4434,,4.1345,-20.0244,3.924,-56.844,50.0,0.1517,1.6947,10.09,8.5864,63.5566,0,0,0,[],[],False,False,False,有效,1.0
002734,利民股份,观察,持续成长,48.5854,39.8237,56.255,59.5312,,0.4662,1.9045,-6.3672,-487.7926,100.0,0.0593,0.5333,6.86,11.9854,40.4688,0,0,0,[],[],True,False,False,有效,1.0
600783,鲁信创投,观察,增速观察,48.5668,53.9528,39.7324,50.0778,,15.099,-9.9513,11.8637,0.9605,50.0,-0.4488,-0.1083,4.31,416.9051,49.9222,0,0,0,[],[],False,True,False,有效,1.0
002127,南极电商,加速/反转观察,反转/低基数,48.5358,56.1756,17.5867,87.5145,,-25.7329,279.4169,-3.138,298.4138,33.3333,-0.3172,-6.1691,1.33,5.1418,12.4855,0,0,0,[],[],True,True,False,有效,1.0
000661,长春高新,观察,增速观察,48.5246,22.7094,70.3913,82.2366,,-16.0569,-51.6394,-5.7901,42.3611,0.0,0.3104,3.6201,2.14,7.8923,17.7634,0,0,0,[],[],False,False,False,有效,1.0
001213,中铁特货,观察,增速观察,48.5125,25.9913,61.9133,89.2748,,-7.9985,-40.2468,-14.1825,-3.8914,50.0,0.2161,5.311,1.05,4.0686,10.7252,0,0,0,[],[],False,False,False,有效,1.0
601169,北京银行,加速/反转观察,加速成长,48.4817,57.8079,54.4169,8.6328,,5.6049,5.6268,8.9903,29.3528,66.6667,0.0317,0.0764,5.3,41.6806,91.3672,0,0,0,[],[],False,False,True,有效,1.0
001210,金房能源,观察,持续成长,48.4421,47.5466,38.6637,70.6851,,9.702,0.9742,-2.1124,-175.0858,100.0,-0.1901,-1.1572,8.71,16.9575,29.3149,0,0,0,[],[],False,True,False,有效,1.0
002467,二六三,基础数据不足,反转/低基数,48.3921,49.4296,30.6623,80.7392,,14.964,-153.7429,23.0812,361.2634,33.3333,0.1508,-3.4639,-1.23,-3.2873,19.2608,0,0,0,[],[],True,True,False,基础数据不足,1.0
600637,东方明珠,观察,增速观察,48.3759,44.4497,38.173,80.56,,-10.7104,22.6523,-8.0022,30.3167,33.3333,0.0018,0.013,1.4047,14.1685,19.44,0,0,0,[],[],False,False,False,有效,1.0
600518,康美药业,观察,增速观察,48.3605,55.8111,33.1953,56.3394,,-11.1317,113.206,-12.3473,92.7441,66.6667,0.0157,1.0005,0.49,1.6314,43.6606,0,0,0,[],[],False,False,False,有效,1.0
000534,万泽股份,观察,持续成长,48.3592,51.6117,46.5069,42.3063,,6.5824,5.0021,-13.0341,2.7826,100.0,-0.0489,-0.2599,7.47,17.1032,57.6937,0,0,0,[],[],False,True,False,有效,1.0
600358,国旅联合,基础数据不足,反转/低基数,48.3572,74.5919,27.7166,10.9344,,26.0577,61.4537,8.9389,20.3327,66.6667,-0.2692,10.6104,-12.23,-2.342,89.0656,0,0,0,[],[],True,True,True,基础数据不足,1.0
600166,福田汽车,加速/反转观察,反转/低基数,48.285,46.3305,62.261,26.1964,,10.8564,16.5443,-17.5515,-1576.7504,66.6667,0.0935,3.4766,5.76,2.5488,73.8036,0,0,0,[],[],True,False,True,有效,1.0
001216,华瓷股份,观察,增速观察,48.267,25.9739,64.8331,82.014,,-20.7659,-14.1809,-30.6005,-21.708,66.6667,0.1529,0.8557,4.87,17.7829,17.986,0,0,0,[],[],False,False,False,有效,1.0
601609,金田股份,观察,增速观察,48.2608,69.8974,24.2716,31.3297,,33.7407,18.442,33.0131,-37.7157,83.3333,-0.0627,-11.2483,4.23,0.5581,68.6703,0,0,0,[],[],False,True,False,有效,1.0
002881,美格智能,观察,持续成长,48.2307,58.6828,27.81,57.7156,,7.3179,25.8522,-20.076,20.5791,100.0,-0.1307,-2.4977,4.72,5.2321,42.2844,0,0,0,[],[],False,True,False,有效,1.0
002340,格林美,观察,持续成长,48.2291,53.9551,46.7269,34.0558,,2.4273,34.6828,-9.3913,-20.19,100.0,0.0338,0.5646,4.88,6.5121,65.9442,0,0,0,[],[],False,False,False,有效,1.0
002218,拓日新能,基础数据不足,反转/低基数,48.2225,52.63,34.554,62.3371,,-6.9107,3.8578,15.3673,1948.637,33.3333,0.2697,-2.2059,-1.47,-12.2271,37.6629,0,0,0,[],[],True,True,False,基础数据不足,1.0
600597,光明乳业,加速/反转观察,反转/低基数,48.1906,47.5142,45.3535,55.8943,,-4.8076,15.3417,-3.2324,136.0071,16.6667,0.0394,1.8666,2.64,1.9834,44.1057,0,0,0,[],[],True,False,False,有效,1.0
002169,智光电气,加速/反转观察,反转/低基数,48.1812,75.0739,17.4812,28.9031,,38.0555,179.4823,-9.1917,37.9707,66.6667,-0.2579,-13.3484,1.55,4.069,71.0969,0,0,0,[],[],True,True,True,有效,1.0
600575,淮河能源,观察,增速观察,48.1749,41.2543,59.0744,47.1381,,9.1172,-36.5657,9.7733,-31.2404,50.0,0.1225,4.379,2.38,3.8226,52.8619,0,0,0,[],[],False,False,False,有效,1.0
600126,杭钢股份,加速/反转观察,反转/低基数,48.1576,44.4757,45.5955,64.3274,,-57.4904,110.9676,-39.6823,7.1245,50.0,0.059,59.4356,0.06,0.1234,35.6726,0,0,0,[],[],True,False,False,有效,1.0
603456,九洲药业,观察,增速观察,48.1394,21.8295,69.5556,84.2363,,-10.2998,-26.3275,-17.0434,-46.7825,33.3333,0.2149,1.4286,4.35,14.7828,15.7637,0,0,0,[],[],False,False,False,有效,1.0
002733,雄韬股份,观察,增速观察,48.097,40.2718,56.4118,54.9427,,13.5831,-46.6414,15.7217,-28.7274,16.6667,0.1218,4.6237,1.76,2.8724,45.0573,0,0,0,[],[],False,False,False,有效,1.0
600559,老白干酒,观察,增速观察,48.0816,36.5383,57.4152,64.0444,,-15.2286,-18.4667,7.8424,26.9301,33.3333,0.0908,0.7301,4.95,12.4354,35.9556,0,0,0,[],[],False,False,False,有效,1.0
000937,冀中能源,加速/反转观察,加速成长,48.0641,43.7155,58.6294,39.9795,,1.5979,-24.1762,20.7704,25.1207,16.6667,0.1263,3.5449,1.39,5.24,60.0205,0,0,0,[],[],False,False,False,有效,1.0
000962,东方钽业,观察,增速观察,48.0385,55.2364,25.0847,72.3524,,30.4968,-15.5195,10.0047,-36.6394,83.3333,-0.5192,-4.4151,3.06,11.8263,27.6476,0,0,0,[],[],False,True,False,有效,1.0
001356,富岭股份,加速/反转观察,加速成长,47.9625,56.3341,23.4504,71.8718,,24.7658,-36.0805,34.5832,22.3374,50.0,-0.0464,-1.3843,2.11,3.3633,28.1282,0,0,0,[],[],False,True,False,有效,1.0
002206,海利得,观察,增速观察,47.8734,32.4688,68.2101,53.4137,,-10.041,-0.2306,-8.9061,-25.5124,50.0,0.1499,1.3337,7.19,11.3239,46.5863,0,0,0,[],[],False,False,False,有效,1.0
600050,中国联通,观察,增速观察,47.8497,35.1269,62.6578,56.4017,,0.5801,-34.8074,-0.0959,-35.879,83.3333,0.1653,8.0407,2.41,4.6857,43.5983,0,0,0,[],[],False,False,False,有效,1.0
002390,信邦制药,观察,增速观察,47.8491,27.0643,61.3074,83.287,,-13.2883,-7.0996,-6.4468,-25.7461,16.6667,0.1627,4.0296,1.46,5.5178,16.713,0,0,0,[],[],False,False,False,有效,1.0
002911,佛燃能源,观察,增速观察,47.8208,36.9606,63.3418,49.3598,,-14.7845,6.5702,-21.1336,-14.1747,83.3333,0.1031,4.085,5.7,2.9226,50.6402,0,0,0,[],[],False,False,False,有效,1.0
001365,天海电子,观察,增速观察,47.7991,46.339,51.5302,44.7176,,19.0386,-8.5013,-8.4729,-12.8759,50.0,0.0506,1.3711,5.11,3.9147,55.2824,0,0,0,[],[],False,False,False,有效,0.9
600223,福瑞达,观察,增速观察,47.7783,43.2701,36.5423,83.7748,,6.6923,-24.2503,15.0206,-1.3476,16.6667,0.018,0.421,1.91,5.3357,16.2252,0,0,0,[],[],False,False,False,有效,1.0
600587,新华医疗,观察,增速观察,47.7781,45.7697,47.2869,54.7856,,7.7291,-26.0399,10.5685,-2.1429,50.0,0.0513,0.928,3.68,5.6061,45.2144,0,0,0,[],[],False,False,False,有效,1.0
600446,金证股份,加速/反转观察,反转/低基数,47.7654,66.9702,11.3848,62.9123,,-6.4295,132.438,42.03,115.6092,33.3333,-0.9195,-82.4947,0.35,2.0214,37.0877,0,0,0,[],[],True,True,False,有效,1.0
000537,绿发电力,观察,增速观察,47.7596,35.5397,76.7911,26.3566,,14.2184,-52.5305,-13.1949,-31.9208,66.6667,0.69,6.2639,1.47,15.8195,73.6434,0,0,0,[],[],False,False,True,有效,1.0
600517,国网英大,观察,持续成长,47.7444,52.5153,36.0044,56.9117,,10.3124,4.6074,-0.0499,-56.1368,100.0,-0.4342,-1.3744,5.03,41.62,43.0883,0,0,0,[],[],False,True,False,有效,1.0
002180,奔图科技,加速/反转观察,反转/低基数,47.7333,50.7329,38.1975,57.806,,-62.9728,127.9984,-25.4944,323.8631,50.0,0.0266,1.3885,0.96,2.1184,42.194,0,0,0,[],[],True,False,False,有效,1.0
600064,南京高科,观察,增速观察,47.7205,24.8108,79.4719,52.9466,,-28.1185,-9.0698,-100.8747,-15.1557,50.0,0.6496,0.7277,6.38,90.0944,47.0534,0,0,0,[],[],False,False,False,有效,1.0
603202,天有为,观察,增速观察,47.6961,23.9935,70.4708,73.2545,,-10.7181,-44.5131,-0.2558,-25.6337,33.3333,0.2334,1.4493,4.28,16.0692,26.7455,0,0,0,[],[],False,False,False,有效,1.0
603855,华荣股份,观察,增速观察,47.6929,38.9898,60.8298,47.5287,,-12.7823,-5.5673,6.0398,14.4191,33.3333,0.0819,0.6269,8.35,13.6117,52.4713,0,0,0,[],[],False,False,False,有效,1.0
002413,雷科防务,基础数据不足,反转/低基数,47.6604,54.2203,29.736,63.8297,,3.622,56.5168,-13.6286,-21.5733,83.3333,-0.2626,8.1355,-0.55,-3.2165,36.1703,0,0,0,[],[],True,True,False,基础数据不足,1.0
002007,华兰生物,观察,增速观察,47.6555,21.8323,66.5577,87.3204,,-12.8774,-25.6862,-17.8057,-12.1319,16.6667,0.2188,0.894,3.32,25.2255,12.6796,0,0,0,[],[],False,False,False,有效,1.0
603100,川仪股份,观察,增速观察,47.6121,48.5724,44.0458,51.8639,,4.1785,-12.5977,14.5424,4.8182,50.0,0.0014,0.0168,5.91,8.4067,48.1361,0,0,0,[],[],False,False,False,有效,1.0
000708,中信特钢,观察,增速观察,47.5813,42.5162,57.3506,43.2379,,-1.9067,6.8475,-0.2314,-8.8197,33.3333,0.0727,1.3051,6.74,5.5862,56.7621,0,0,0,[],[],False,False,False,有效,1.0
600113,浙江东日,观察,增速观察,47.5262,20.8585,74.9507,72.6806,,-9.163,-35.5567,-16.2192,-42.5002,33.3333,0.7808,5.9715,1.73,10.9549,27.3194,0,0,0,[],[],False,False,False,有效,1.0
001979,招商蛇口,加速/反转观察,加速成长,47.5225,42.3348,62.7562,32.6185,,6.408,-63.5367,19.9425,11.1131,33.3333,0.4405,45.7056,0.54,1.3509,67.3815,0,0,0,[],[],False,False,False,有效,1.0
002271,东方雨虹,观察,增速观察,47.4979,58.3624,30.8295,48.241,,9.5666,8.6724,11.2666,3.9634,50.0,-0.0229,-0.5546,3.02,4.0629,51.759,0,0,0,[],[],False,True,False,有效,1.0
000778,新兴铸管,加速/反转观察,反转/低基数,47.4514,49.4313,39.5311,57.3524,,19.1689,-7.9986,16.8806,-473.6649,50.0,0.0264,1.4998,1.41,1.8837,42.6476,0,0,0,[],[],True,False,False,有效,1.0
000513,丽珠集团,观察,增速观察,47.4475,19.9672,81.4531,61.8771,,-20.2848,-27.2338,-22.0458,-25.3976,33.3333,0.3526,1.8912,6.64,22.4198,38.1229,0,0,0,[],[],False,False,False,有效,1.0
600226,亨通股份,观察,增速观察,47.4303,58.8112,24.3328,59.4829,,72.3287,-27.8272,33.7241,-33.8797,83.3333,-0.1138,-1.7516,2.49,6.4979,40.5171,0,0,0,[],[],False,True,False,有效,1.0
000402,金融街,基础数据不足,反转/低基数,47.4241,68.3002,29.3871,20.8697,,-0.89,91.414,57.1786,39.9918,50.0,0.1273,-6.7871,-0.45,-4.3217,79.1303,0,0,0,[],[],True,True,True,基础数据不足,1.0
601231,环旭电子,加速/反转观察,加速成长,47.3712,55.5998,31.2363,54.9552,,0.4507,28.8453,2.915,16.6844,50.0,-0.017,-0.5657,3.66,3.0078,45.0448,0,0,0,[],[],False,True,False,有效,1.0
600769,祥龙电业,观察,增速观察,47.3681,31.6032,79.6661,30.0665,,1.3118,-35.2148,-6.3919,-83.6984,83.3333,0.3278,1.4262,7.32,22.9815,69.9335,0,0,0,[],[],False,False,False,有效,1.0
600639,浦东金桥,观察,增速观察,47.347,33.1174,72.4211,39.8878,,11.2121,-29.9655,-107.7009,-37.1079,50.0,0.8312,7.2379,0.81,9.5292,60.1122,0,0,0,[],[],False,False,False,有效,1.0
600901,江苏金租,观察,持续成长,47.3431,62.2704,41.5483,14.1511,,16.9079,9.273,1.1616,-0.8468,100.0,-0.3961,-0.8145,6.64,49.3562,85.8489,0,0,0,[],[],False,True,True,有效,1.0
002239,奥特佳,观察,增速观察,47.3244,45.5259,44.7363,57.8962,,-8.8431,41.2967,-9.5723,-42.9982,83.3333,0.0496,1.7407,1.75,2.8226,42.1038,0,0,0,[],[],False,False,False,有效,1.0
000034,神州数码,加速/反转观察,加速成长,47.3083,69.0713,28.0829,20.4703,,21.4192,16.3394,9.2595,46.8632,66.6667,-0.0073,-1.281,4.41,0.6027,79.5297,0,0,0,[],[],False,True,True,有效,1.0
002553,南方精工,加速/反转观察,反转/低基数,47.2719,25.9068,61.1318,83.6475,,2.8894,-73.699,-6.0422,-1390.5394,66.6667,0.1441,1.0176,3.77,13.7764,16.3525,0,0,0,[],[],True,False,False,有效,1.0
600157,永泰能源,观察,增速观察,47.2159,39.1043,58.5375,48.9073,,-2.3272,-28.0807,13.6806,58.551,0.0,0.2596,29.8874,0.19,0.9142,51.0927,0,0,0,[],[],False,False,False,有效,1.0
002951,金时科技,基础数据不足,反转/低基数,47.1784,50.2566,27.6632,76.9743,,-64.1335,76.725,-78.8011,5384.8857,66.6667,-0.6995,12.2326,-0.33,-5.8328,23.0257,0,0,0,[],[],True,True,False,基础数据不足,1.0
000799,酒鬼酒,加速/反转观察,反转/低基数,47.1694,59.2501,14.0624,77.1415,,-5.5788,37.5671,16.5862,409.3276,16.6667,-0.2004,-8.6233,0.33,2.3244,22.8585,0,0,0,[],[],True,True,False,有效,1.0
600617,国新能源,加速/反转观察,反转/低基数,47.1393,48.0599,59.6873,19.2818,,-10.636,44.2618,-5.7802,28.0189,33.3333,0.1353,9.2115,3.46,1.5272,80.7182,0,0,0,[],[],True,False,True,有效,1.0
600871,石化油服,观察,增速观察,47.1199,50.4332,59.2517,12.9164,,1.6559,3.511,2.1294,-0.801,83.3333,0.078,5.7634,5.36,1.3529,87.0836,0,0,0,[],[],False,False,True,有效,1.0
600968,海油发展,观察,增速观察,47.0709,51.3149,33.5787,61.3233,,2.1356,2.1128,6.2369,-4.1311,83.3333,-0.1083,-1.3382,6.14,8.2974,38.6767,0,0,0,[],[],False,True,False,有效,1.0
603053,成都燃气,观察,增速观察,46.9454,33.6135,59.8794,61.0731,,-4.4851,-9.2426,-5.9431,-7.7003,33.3333,0.1068,1.1489,5.01,9.7056,38.9269,0,0,0,[],[],False,False,False,有效,1.0
600282,南钢股份,观察,增速观察,46.9197,46.6574,49.8118,41.9226,,7.5542,-9.6368,13.7282,-36.4716,50.0,0.0496,1.1671,4.71,4.2804,58.0774,0,0,0,[],[],False,False,False,有效,1.0
000591,太阳能,观察,增速观察,46.7606,29.7788,73.5027,44.2219,,-11.9193,-27.4536,5.991,5.4126,0.0,0.4193,2.0289,2.04,20.7401,55.7781,0,0,0,[],[],False,False,False,有效,1.0
002727,一心堂,观察,增速观察,46.7556,35.5358,62.1132,49.6997,,-5.0186,2.8821,-1.3286,-127.9189,50.0,0.1475,4.8636,3.46,3.0911,50.3003,0,0,0,[],[],False,False,False,有效,1.0
605056,咸亨国际,观察,持续成长,46.7312,59.9911,24.6665,51.0807,,27.2103,2.7679,0.7264,-13.6779,100.0,-0.0733,-2.3304,3.48,3.1021,48.9193,0,0,0,[],[],False,True,False,有效,1.0
002353,杰瑞股份,观察,增速观察,46.6645,46.5468,39.6223,61.1022,,10.8061,-3.6468,-10.6697,-5.681,66.6667,-0.0978,-0.6256,5.1,15.8842,38.8978,0,0,0,[],[],False,True,False,有效,1.0
002276,万马股份,观察,增速观察,46.6613,48.8528,49.496,34.4172,,13.3545,-16.4122,5.0258,-18.1557,66.6667,0.0483,2.4272,3.38,1.9882,65.5828,0,0,0,[],[],False,False,False,有效,1.0
000895,双汇发展,观察,增速观察,46.6444,38.0413,57.0506,51.6411,,-1.1554,-0.7564,-0.6732,-3.0727,16.6667,0.0576,0.7013,10.68,8.2959,48.3589,0,0,0,[],[],False,False,False,有效,1.0
002019,亿帆医药,观察,增速观察,46.618,26.7126,66.0842,67.4017,,-6.3579,-32.48,-5.8371,-36.6393,50.0,0.2405,2.8948,2.3,7.5942,32.5983,0,0,0,[],[],False,False,False,有效,1.0
600654,中安科,加速/反转观察,反转/低基数,46.6073,57.9097,25.508,54.8991,,-25.4069,1825.513,-26.0357,1661.1005,66.6667,-0.048,-1.1479,2.68,4.1785,45.1009,0,0,0,[],[],True,True,False,有效,1.0
603328,依顿电子,观察,增速观察,46.5747,30.0161,65.1976,59.0047,,3.7248,-58.6497,-11.0722,-65.12,83.3333,0.2016,3.9484,2.48,5.1062,40.9953,0,0,0,[],[],False,False,False,有效,1.0
600814,杭州解百,观察,增速观察,46.5526,42.0345,47.2632,58.6858,,-0.8739,0.9847,2.1407,10.2689,16.6667,0.0049,0.0281,3.98,27.8011,41.3142,0,0,0,[],[],False,False,False,有效,1.0
605222,起帆电缆,观察,增速观察,46.5269,66.3003,23.975,32.3105,,19.4625,20.0159,24.6515,-6.0168,50.0,-0.0829,-5.1283,4.05,1.6025,67.6895,0,0,0,[],[],False,True,False,有效,1.0
603568,伟明环保,观察,增速观察,46.496,21.3752,79.2352,56.38,,-21.3885,-34.7558,-8.3451,-16.6194,33.3333,0.3752,1.2387,6.08,32.1895,43.62,0,0,0,[],[],False,False,False,有效,1.0
600210,紫江企业,观察,增速观察,46.4911,46.3778,45.0833,49.6466,,-7.8045,15.0996,1.9058,-13.1478,66.6667,-0.0324,-0.2881,7.82,11.5302,50.3534,0,0,0,[],[],False,True,False,有效,1.0
000887,中鼎股份,观察,增速观察,46.4908,38.7184,53.9949,54.8001,,2.4809,-16.7391,-2.5355,-43.7171,83.3333,0.0751,1.1133,4.64,6.605,45.1999,0,0,0,[],[],False,False,False,有效,1.0
600008,首创环保,观察,增速观察,46.4888,39.3087,61.9883,37.0301,,-4.2515,-9.6651,1.556,40.1125,16.6667,0.1464,1.4574,2.7,13.9809,62.9699,0,0,0,[],[],False,False,False,有效,1.0
600458,时代新材,观察,持续成长,46.4722,64.3741,26.1006,33.5096,,13.0875,14.0758,6.0292,-1.3792,100.0,-0.1039,-3.1444,4.29,3.762,66.4904,0,0,0,[],[],False,True,False,有效,1.0
002697,红旗连锁,观察,增速观察,46.472,37.4929,53.4643,59.4248,,-2.7472,-4.5714,2.8595,3.2125,0.0,0.0624,1.0895,5.47,5.7308,40.5752,0,0,0,[],[],False,False,False,有效,1.0
603712,七一二,基础数据不足,反转/低基数,46.3506,64.5429,18.7532,46.9685,,20.5662,2.9775,20.837,100.7595,33.3333,-0.085,0.5831,-2.89,-12.3505,53.0315,0,0,0,[],[],True,True,False,基础数据不足,1.0
000617,中油资本,加速/反转观察,加速成长,46.3221,65.8,31.788,16.9565,,14.7058,29.3492,0.6409,36.9173,66.6667,-17.0742,-2.5966,3.17,1240.6093,83.0435,0,0,0,[],[],False,True,True,有效,1.0
002706,良信股份,观察,增速观察,46.2827,37.4418,48.8805,67.6099,,8.7746,-37.508,2.9543,-22.4814,33.3333,0.0615,1.0141,3.6,6.0575,32.3901,0,0,0,[],[],False,False,False,有效,1.0
600846,同济科技,加速/反转观察,加速成长,46.2672,63.6523,25.0125,36.6211,,52.69,-15.7281,46.252,17.1829,50.0,-0.0961,-1.8059,2.84,5.6002,63.3789,0,0,0,[],[],False,True,False,有效,1.0
600237,铜峰电子,观察,增速观察,46.2671,28.7768,58.5991,74.074,,-10.5729,-10.8084,-18.8828,-36.0488,66.6667,0.1353,1.6887,2.6225,8.2137,25.926,0,0,0,[],[],False,False,False,有效,1.0
601456,国联民生,加速/反转观察,反转/低基数,46.2618,48.0451,55.9723,21.491,,13.933,25.5718,-172.0533,-379.9186,66.6667,0.105,0.339,2.69,31.0887,78.509,0,0,0,[],[],True,False,True,有效,1.0
601766,中国中车,观察,持续成长,46.2409,59.4139,29.4406,40.3226,,9.957,10.2804,-0.8306,3.877,100.0,-0.1226,-2.0198,4.54,7.3455,59.6774,0,0,0,[],[],False,True,False,有效,1.0
002261,拓维信息,加速/反转观察,反转/低基数,46.1744,40.5172,45.5827,64.3292,,0.3923,-12.1614,23.1857,-175.588,50.0,0.0574,1.0866,2.69,4.3583,35.6708,0,0,0,[],[],True,False,False,有效,1.0
600011,华能国际,观察,增速观察,46.1738,28.2905,79.022,34.1276,,-4.5728,-28.8943,2.0502,-71.0635,33.3333,0.2361,3.8329,8.13,8.7227,65.8724,0,0,0,[],[],False,False,False,有效,1.0
603983,丸美生物,观察,增速观察,46.1057,34.5267,49.4285,74.1972,,-5.7555,-10.8593,-22.2399,16.77,50.0,0.0476,0.5087,4.61,9.4376,25.8028,0,0,0,[],[],False,False,False,有效,1.0
002755,奥赛康,观察,增速观察,46.1014,23.9407,64.8454,75.0953,,-13.5361,-24.5986,-13.6139,-72.2028,66.6667,0.1705,1.2308,3.81,15.2511,24.9047,0,0,0,[],[],False,False,False,有效,1.0
601566,九牧王,观察,增速观察,46.0852,32.1161,52.8928,74.3774,,3.9166,-77.1546,10.3964,-144.2534,50.0,0.0984,3.8439,1.0,2.6503,25.6226,0,0,0,[],[],False,False,False,有效,1.0
600184,光电股份,加速/反转观察,反转/低基数,46.0674,35.4083,53.141,63.8976,,-10.5609,28.3883,-98.7628,-96.3966,50.0,0.1162,5.6137,0.4645,2.1416,36.1024,0,0,0,[],[],True,False,False,有效,1.0
600576,祥源文旅,观察,增速观察,46.0589,30.1986,65.7569,54.2435,,7.8016,-47.2216,-26.9119,-25.2369,50.0,0.2168,2.5906,1.8,10.2134,45.7565,0,0,0,[],[],False,False,False,有效,1.0
600165,宁科生物,基础数据不足,反转/低基数,46.0311,60.7259,21.3005,51.4079,,27.2646,22.533,-1.4521,-60.6966,83.3333,-0.7399,1.5324,,-48.2547,48.5921,0,0,0,[],[],True,True,False,基础数据不足,0.9
603010,万盛股份,加速/反转观察,反转/低基数,45.9678,50.2378,41.2594,42.5746,,21.2167,-91.7725,7.2317,936.7799,50.0,0.0162,14.6909,0.083,0.5304,57.4254,0,0,0,[],[],True,False,False,有效,1.0
002201,九鼎新材,加速/反转观察,反转/低基数,45.9677,40.2069,60.7748,33.6359,,13.7594,-4.1553,-12.3773,-210.6629,50.0,0.132,2.5388,3.57,5.1993,66.3641,0,0,0,[],[],True,False,False,有效,1.0
603515,欧普照明,观察,增速观察,45.946,32.447,53.1002,72.1348,,0.6678,-31.0999,2.4461,-33.041,33.3333,0.0858,1.0922,3.56,7.8724,27.8652,0,0,0,[],[],False,False,False,有效,1.0
002179,中航光电,加速/反转观察,加速成长,45.9321,40.1331,46.2674,62.6584,,0.5019,-22.1295,-2.8847,13.43,66.6667,0.0243,0.244,4.51,10.7264,37.3416,0,0,0,[],[],False,False,False,有效,1.0
000727,冠捷科技,基础数据不足,反转/低基数,45.9263,65.0583,31.4802,17.4227,,6.7921,18.8145,8.5499,957.6829,50.0,-0.0858,5.7221,-21.62,-2.6862,82.5773,0,0,0,[],[],True,True,True,基础数据不足,1.0
600707,彩虹股份,观察,增速观察,45.8835,28.1646,64.1627,62.4821,,-1.7849,-77.8655,1.392,-8.0491,33.3333,0.335,18.646,0.46,3.904,37.5179,0,0,0,[],[],False,False,False,有效,1.0
600635,大众公用,观察,增速观察,45.8574,37.4455,59.1797,44.4482,,4.1233,-25.0526,7.7285,-103.1237,50.0,0.1152,1.6502,2.8,10.6811,55.5518,0,0,0,[],[],False,False,False,有效,1.0
002202,金风科技,观察,持续成长,45.8501,59.816,33.7296,28.1935,,18.2293,24.6696,-10.5618,-24.4536,100.0,-0.0468,-0.8511,4.51,5.8189,71.8065,0,0,0,[],[],False,True,True,有效,1.0
002632,道明光学,观察,增速观察,45.8365,24.7032,64.7153,71.4787,,-13.1968,-22.9659,-16.6829,-53.3929,66.6667,0.1707,1.2371,3.97,13.8113,28.5213,0,0,0,[],[],False,False,False,有效,1.0
603277,银都股份,观察,增速观察,45.831,23.701,70.1231,63.6368,,-4.4961,-49.3106,-3.6605,-39.2723,33.3333,0.1828,1.4169,6.06,12.9,36.3632,0,0,0,[],[],False,False,False,有效,1.0
002922,伊戈尔,加速/反转观察,加速成长,45.8146,57.0705,33.223,37.2303,,8.7917,6.9126,-4.604,38.3589,83.3333,-0.0085,-0.2037,3.06,4.3114,62.7697,0,0,0,[],[],False,True,False,有效,1.0
600488,津药药业,观察,增速观察,45.8084,30.2025,58.6887,66.8656,,-17.3333,-12.4345,-7.7774,34.6887,16.6667,0.1461,4.442,1.41,3.915,33.1344,0,0,0,[],[],False,False,False,有效,1.0
002978,安宁股份,观察,增速观察,45.7963,26.5823,71.5645,51.9018,,-8.3729,-22.7305,-16.5427,-7.2696,33.3333,0.3067,0.9132,3.87,33.5924,48.0982,0,0,0,[],[],False,False,False,有效,1.0
002317,众生药业,加速/反转观察,反转/低基数,45.7503,13.3412,76.0596,82.3587,,-23.0286,-40.6991,-25.2706,-232.8764,33.3333,0.5415,4.8621,2.73,10.6702,17.6413,0,0,0,[],[],True,False,False,有效,1.0
600897,厦门空港,观察,增速观察,45.7404,32.72,55.3138,65.6547,,-3.7478,-10.7895,-13.7951,-31.0216,66.6667,0.0577,0.2886,4.99,20.965,34.3453,0,0,0,[],[],False,False,False,有效,1.0
603816,顾家家居,观察,增速观察,45.7113,34.7916,57.5744,54.7444,,0.7549,-9.3074,-7.777,-35.6749,50.0,0.0667,0.7121,8.37,9.4804,45.2556,0,0,0,[],[],False,False,False,有效,1.0
002195,岩山科技,观察,增速观察,45.7076,42.7375,24.3718,97.2895,,7.9667,-11.3261,9.234,-195.5151,50.0,-0.2425,-1.394,0.6,16.7094,2.7105,0,0,0,[],[],False,True,False,有效,1.0
600851,海欣股份,观察,增速观察,45.6954,39.2032,36.4034,83.7556,,-16.2161,20.3037,-11.3969,3.7045,33.3333,-0.1862,-0.4493,2.7043,43.5813,16.2444,0,0,0,[],[],False,True,False,有效,1.0
002009,天奇股份,加速/反转观察,反转/低基数,45.6641,48.1963,46.554,36.2875,,17.1728,-19.3172,23.8281,-140.7539,50.0,0.056,1.8145,2.2,2.858,63.7125,0,0,0,[],[],True,False,False,有效,1.0
603179,新泉股份,加速/反转观察,加速成长,45.6412,47.8712,45.3713,39.4907,,7.4453,-1.8971,-9.5976,14.6459,66.6667,0.0256,0.495,5.46,5.1696,60.5093,0,0,0,[],[],False,False,False,有效,1.0
605188,国光连锁,加速/反转观察,反转/低基数,45.6345,42.6881,50.6074,44.5277,,1.0547,8.9188,-3.7405,-477.298,83.3333,0.067,4.5221,1.78,1.4807,55.4723,0,0,0,[],[],True,False,False,有效,1.0
000564,供销大集,加速/反转观察,反转/低基数,45.6128,65.6824,13.3637,49.9022,,-3.6427,398.5411,-5.1245,452.1853,66.6667,-0.5556,-15.7794,0.19,4.1502,50.0978,0,0,0,[],[],True,True,False,有效,1.0
600956,新天绿能,观察,增速观察,45.5977,27.695,78.4359,33.6298,,-15.4734,-9.2814,-8.2616,-18.4879,33.3333,0.3309,2.381,5.14,15.3124,66.3702,0,0,0,[],[],False,False,False,有效,1.0
601588,北辰实业,基础数据不足,反转/低基数,45.5412,62.119,33.631,19.6284,,0.8665,44.4811,16.133,50.1626,33.3333,0.2266,-0.784,-14.06,-30.8276,80.3716,0,0,0,[],[],True,True,True,基础数据不足,1.0
000875,电投绿能,观察,增速观察,45.5252,31.3013,74.2321,30.7828,,-2.3817,-44.2509,2.1665,8.9142,16.6667,0.4144,6.5691,2.31,10.5063,69.2172,0,0,0,[],[],False,False,False,有效,1.0
601016,节能风电,观察,增速观察,45.5019,25.1206,78.0588,41.5316,,-10.4688,-42.201,0.1049,6.2445,0.0,0.6463,3.8807,2.04,17.0968,58.4684,0,0,0,[],[],False,False,False,有效,1.0
603708,家家悦,观察,增速观察,45.4973,39.872,66.5263,20.3151,,-0.4612,1.7666,1.1756,-50.3266,50.0,0.1244,5.9927,7.73,2.0423,79.6849,0,0,0,[],[],False,False,True,有效,1.0
002141,贤丰控股,加速/反转观察,反转/低基数,45.4773,19.8836,72.2921,68.6285,,-20.7427,-22.2744,-183.0978,-136.1649,66.6667,0.2436,3.792,3.84,8.1787,31.3715,0,0,0,[],[],True,False,False,有效,1.0
002612,朗姿股份,加速/反转观察,反转/低基数,45.4269,38.0826,58.3654,41.5829,,12.0566,-59.9395,9.209,-343.3463,66.6667,0.1032,2.974,3.39,5.0552,58.4171,0,0,0,[],[],True,False,False,有效,1.0
600875,东方电气,加速/反转观察,加速成长,45.4042,55.6416,37.8399,29.8203,,1.3272,42.0701,-11.779,10.9555,83.3333,-0.0452,-0.6347,5.86,6.9711,70.1797,0,0,0,[],[],False,True,True,有效,1.0
001696,宗申动力,观察,增速观察,45.403,30.0789,68.554,45.0732,,-1.3543,-17.2172,-19.9031,-61.4701,66.6667,0.1452,2.2778,7.5,6.5998,54.9268,0,0,0,[],[],False,False,False,有效,1.0
603043,广州酒家,观察,增速观察,45.3894,43.5235,40.9896,59.7865,,9.3913,-21.1503,4.353,-19.9604,50.0,0.0268,1.8952,0.8,2.514,40.2135,0,0,0,[],[],False,False,False,有效,1.0
600498,烽火通信,观察,增速观察,45.3817,48.4807,44.0618,38.7243,,11.33,-32.7213,24.046,5.2564,33.3333,0.0411,2.6407,1.09,1.4969,61.2757,0,0,0,[],[],False,False,False,有效,1.0
002617,露笑科技,观察,增速观察,45.3651,48.2152,33.0259,61.4931,,11.3232,-23.7639,12.5237,-5.9415,50.0,0.005,0.0859,1.78,5.1603,38.5069,0,0,0,[],[],False,False,False,有效,1.0
600657,信达地产,基础数据不足,反转/低基数,45.3505,56.3356,39.4972,24.1019,,-27.8453,64.2408,15.0519,968.8632,16.6667,0.8147,-0.7922,-8.62,-107.3631,75.8981,0,0,0,[],[],True,True,True,基础数据不足,1.0
002681,奋达科技,加速/反转观察,反转/低基数,45.2877,46.9319,41.6075,47.7158,,6.8577,-78.603,20.6131,107.0219,50.0,0.021,7.7302,0.17,0.1354,52.2842,0,0,0,[],[],True,False,False,有效,1.0
600803,新奥股份,观察,增速观察,45.2572,32.7747,63.723,45.7731,,-3.0318,-13.2869,0.1925,-17.4741,16.6667,0.07,2.1449,8.18,7.1992,54.2269,0,0,0,[],[],False,False,False,有效,1.0
601226,华电科工,观察,持续成长,45.2552,64.3139,19.0439,40.5014,,18.5447,41.2277,-19.7121,5.1652,100.0,-0.0803,-4.8096,1.74,1.6299,59.4986,0,0,0,[],[],False,True,False,有效,1.0
603505,金石资源,观察,增速观察,45.2424,34.2228,69.1143,30.5575,,9.7988,-28.8711,-31.448,-55.6135,66.6667,0.1665,3.5156,4.77,6.0905,69.4425,0,0,0,[],[],False,False,False,有效,1.0
600106,重庆路桥,观察,增速观察,45.1897,17.8139,71.1303,75.4361,,-12.6297,-42.0727,-12.5013,-14.4806,0.0,1.2087,0.773,1.45,156.3757,24.5639,0,0,0,[],[],False,False,False,有效,1.0
000503,国新健康,基础数据不足,反转/低基数,45.122,56.9942,16.363,67.023,,6.2952,-3.2075,8.1031,3790.5418,50.0,-1.3456,1.336,-10.69,-100.7141,32.977,0,0,0,[],[],True,True,False,基础数据不足,1.0
000596,古井贡酒,观察,增速观察,45.0379,21.2969,69.3588,67.619,,-27.0065,-40.8895,-6.8777,-5.217,33.3333,0.1523,0.7127,8.42,21.8194,32.381,0,0,0,[],[],False,False,False,有效,1.0
600729,重百集团,观察,增速观察,45.0186,28.8671,71.2659,40.9784,,-5.6523,-42.3275,8.5884,-21.8511,16.6667,0.1809,3.076,5.53,5.949,59.0216,0,0,0,[],[],False,False,False,有效,1.0
601808,中海油服,观察,持续成长,45.0052,47.436,35.3499,57.0236,,2.0028,2.2767,-2.0983,-20.1891,100.0,-0.0598,-0.7084,4.24,8.9748,42.9764,0,0,0,[],[],False,True,False,有效,1.0
002867,周大生,观察,增速观察,44.9767,28.4309,55.3493,73.8692,,-20.7949,-24.2371,15.7476,-33.4558,16.6667,0.0559,0.4527,6.71,12.3818,26.1308,0,0,0,[],[],False,False,False,有效,1.0
605179,一鸣食品,观察,增速观察,44.9684,46.4932,44.3702,41.5908,,-0.8481,21.0883,-6.3998,-55.7831,83.3333,0.0357,1.2723,3.4,2.8074,58.4092,0,0,0,[],[],False,False,False,有效,1.0
603888,新华网,观察,增速观察,44.9608,40.2985,35.9259,77.0176,,2.6554,-5.5125,-1.5646,-46.2495,66.6667,-0.1275,-0.729,3.79,17.4951,22.9824,0,0,0,[],[],False,True,False,有效,1.0
600027,华电国际,观察,增速观察,44.9137,30.0177,70.0534,39.3226,,-9.4878,-20.4667,1.4588,-21.8544,33.3333,0.1683,2.9409,5.76,7.744,60.6774,0,0,0,[],[],False,False,False,有效,1.0
002971,和远气体,观察,增速观察,44.9014,36.6554,62.3874,34.6672,,6.1246,-26.8162,-2.4235,-9.2666,33.3333,0.182,4.3239,1.99,4.5055,65.3328,0,0,0,[],[],False,False,False,有效,1.0
603786,科博达,观察,增速观察,44.8859,26.9299,60.3446,67.8365,,-5.6099,-27.8595,-19.4098,-40.1961,66.6667,0.1071,1.0672,5.36,10.2533,32.1635,0,0,0,[],[],False,False,False,有效,1.0
603153,上海建科,观察,持续成长,44.8784,58.0995,12.8222,69.3277,,0.4545,22.9328,-1.0226,21.2607,100.0,-0.323,-20.4054,0.79,1.5651,30.6723,0,0,0,[],[],False,True,False,有效,1.0
002304,洋河股份,观察,增速观察,44.8495,26.0132,53.304,84.4493,,-28.7599,-40.1031,4.7113,26.8393,0.0,0.0318,0.1287,5.41,24.6235,15.5507,0,0,0,[],[],False,False,False,有效,1.0
002631,德尔未来,基础数据不足,反转/低基数,44.8299,48.4076,29.0766,65.603,,-26.967,60.8016,-3.4412,207.5714,16.6667,-0.2526,4.31,-1.11,-5.7649,34.397,0,0,0,[],[],True,True,False,基础数据不足,1.0
601818,光大银行,观察,增速观察,44.8176,30.9421,83.7982,8.4828,,-4.3236,-24.007,2.3994,-17.1238,16.6667,0.9654,3.2539,3.28,29.8693,91.5172,0,0,0,[],[],False,False,True,有效,1.0
600172,黄河旋风,基础数据不足,反转/低基数,44.804,68.7093,28.6701,5.3558,,15.48,25.7385,11.2437,22.3623,66.6667,0.1216,-0.4418,-49.5,-28.7166,94.6442,0,0,0,[],[],True,True,True,基础数据不足,1.0
601212,白银有色,加速/反转观察,反转/低基数,44.7942,68.2164,16.7877,30.5407,,2.7484,136.9396,4.2804,1171.7811,33.3333,-0.0875,-49.9378,0.54,1.6807,69.4593,0,0,0,[],[],True,True,False,有效,1.0
002056,横店东磁,观察,增速观察,44.787,39.6169,55.6523,38.5671,,3.4078,-7.0252,-18.2953,-8.3612,66.6667,0.0591,0.7689,8.8,7.0881,61.4329,0,0,0,[],[],False,False,False,有效,1.0
002032,苏泊尔,观察,增速观察,44.7756,39.815,54.8384,39.5319,,-0.5901,-7.6994,-2.1258,-1.1176,50.0,0.0424,0.5582,14.42,7.5888,60.4681,0,0,0,[],[],False,False,False,有效,1.0
601200,上海环境,观察,增速观察,44.7556,29.6716,67.4412,44.6362,,-10.0675,-8.7844,-9.4828,-14.8528,33.3333,0.2152,1.8728,2.59,14.054,55.3638,0,0,0,[],[],False,False,False,有效,1.0
002657,中科金财,基础数据不足,反转/低基数,44.752,50.0958,24.0221,70.1803,,15.7273,-68.6095,36.3959,13.3267,50.0,-1.4332,3.0943,-8.61,-46.3169,29.8197,0,0,0,[],[],True,True,False,基础数据不足,1.0
002549,凯美特气,加速/反转观察,反转/低基数,44.7283,26.043,59.1014,72.0378,,1.6724,-60.7468,-4.8952,-301.9049,66.6667,0.1724,2.4822,1.06,6.8289,27.9622,0,0,0,[],[],True,False,False,有效,1.0
605178,时空科技,基础数据不足,反转/低基数,44.7131,49.9783,25.0503,68.2431,,-14.7829,56.8611,-16.6315,50.1443,66.6667,-1.2565,5.3791,-2.61,-26.6994,31.7569,0,0,0,[],[],True,True,False,基础数据不足,1.0
002241,歌尔股份,观察,增速观察,44.7049,52.9311,34.8324,39.7711,,6.6494,3.4576,11.0115,-44.3941,83.3333,-0.0061,-0.167,3.92,3.7219,60.2289,0,0,0,[],[],False,True,False,有效,1.0
600864,哈投股份,观察,增速观察,44.6976,49.5413,44.8639,29.8339,,-2.2733,6.3345,4.2007,4.8076,66.6667,-0.0161,-0.0384,3.08,41.3257,70.1661,0,0,0,[],[],False,True,True,有效,1.0
605168,三人行,观察,增速观察,44.6773,43.6836,37.0094,62.9943,,19.5473,-45.3128,32.467,-99.3507,33.3333,0.0161,0.4047,2.88,3.958,37.0057,0,0,0,[],[],False,False,False,有效,1.0
601900,南方传媒,观察,增速观察,44.6731,39.7812,47.8643,52.9662,,-4.6095,5.2582,1.2397,-23.5347,33.3333,0.0129,0.1027,5.23,14.7639,47.0338,0,0,0,[],[],False,False,False,有效,1.0
002580,圣阳股份,观察,增速观察,44.6627,52.1813,29.6629,52.1064,,18.1797,-14.7181,4.9033,-5.2931,66.6667,-0.057,-1.0461,4.59,4.599,47.8936,0,0,0,[],[],False,True,False,有效,1.0
002438,江苏神通,观察,增速观察,44.6458,38.9937,45.2541,60.3854,,-5.6123,0.0997,-4.9617,3.3121,50.0,0.0142,0.0949,3.97,14.8062,39.6146,0,0,0,[],[],False,False,False,有效,1.0
000543,皖能电力,观察,增速观察,44.6295,26.2106,76.549,36.0471,,-12.938,-26.8211,-3.6733,-30.967,50.0,0.2742,3.9667,4.43,10.6342,63.9529,0,0,0,[],[],False,False,False,有效,1.0
601133,柏诚股份,观察,增速观察,44.6268,58.8932,19.5781,51.9248,,9.3999,3.0105,30.5864,6.3529,50.0,-0.2284,-7.0426,2.83,3.1958,48.0752,0,0,0,[],[],False,True,False,有效,1.0
002891,中宠股份,观察,增速观察,44.6224,51.9648,27.8963,56.0471,,34.8813,-37.6271,17.9326,-30.345,66.6667,-0.0588,-1.5241,4.0,4.1563,43.9529,0,0,0,[],[],False,True,False,有效,1.0
600935,华塑股份,基础数据不足,反转/低基数,44.6164,51.7055,24.7268,63.1278,,-1.0311,40.5526,7.8321,-23.6097,33.3333,0.0725,-2.0505,-1.29,-3.5345,36.8722,0,0,0,[],[],True,True,False,基础数据不足,1.0
605577,龙版传媒,观察,增速观察,44.6076,38.2384,42.8312,67.2681,,5.6181,-34.4588,14.3766,-45.7469,33.3333,0.0338,0.2831,2.0,11.9315,32.7319,0,0,0,[],[],False,False,False,有效,1.0
002311,海大集团,观察,增速观察,44.602,35.6814,57.5922,45.3833,,9.1943,-38.9527,-2.9061,-33.9868,50.0,0.0611,2.4358,6.47,2.6877,54.6167,0,0,0,[],[],False,False,False,有效,1.0
001283,豪鹏科技,观察,持续成长,44.6012,60.0828,24.5652,38.2285,,15.2467,27.1146,0.4071,-95.4238,100.0,-0.0964,-2.496,3.43,3.861,61.7715,0,0,0,[],[],False,True,False,有效,1.0
600662,外服控股,加速/反转观察,加速成长,44.6008,55.4841,32.2233,36.7059,,6.5222,3.6795,-1.6488,43.6406,83.3333,-0.0647,-2.1184,7.41,3.4784,63.2941,0,0,0,[],[],False,True,False,有效,1.0
001203,大中矿业,观察,增速观察,44.5623,23.5317,78.7248,39.3288,,-9.8574,-20.5938,-16.2835,-18.5669,16.6667,0.4174,2.3045,4.39,18.1135,60.6712,0,0,0,[],[],False,False,False,有效,1.0
605589,圣泉集团,观察,增速观察,44.544,50.9861,27.803,58.7,,13.7278,-10.6803,4.5832,-26.6613,83.3333,-0.1602,-2.1783,4.18,7.7713,41.3,0,0,0,[],[],False,True,False,有效,1.0
000631,顺发恒能,观察,增速观察,44.5159,18.9997,65.5612,78.9741,,-11.4316,-77.5874,2.2799,-32.6868,0.0,0.1999,3.7814,0.2,11.2598,21.0259,0,0,0,[],[],False,False,False,有效,1.0
002675,东诚药业,观察,增速观察,44.4864,41.4614,42.3025,57.9291,,-5.4051,5.7388,-0.9483,-0.6821,33.3333,0.0476,0.6644,2.16,6.3406,42.0709,0,0,0,[],[],False,False,False,有效,1.0
000528,柳工,观察,增速观察,44.4797,49.22,41.3475,36.5233,,13.712,-13.5488,3.4629,-34.8131,83.3333,0.0047,0.0921,5.61,5.3673,63.4767,0,0,0,[],[],False,False,False,有效,1.0
605555,德昌股份,观察,增速观察,44.4734,40.3972,46.9308,51.7872,,11.7041,-69.6665,1.8931,-9.2658,66.6667,0.044,3.025,1.12,1.4543,48.2128,0,0,0,[],[],False,False,False,有效,1.0
601137,博威合金,加速/反转观察,加速成长,44.4582,55.1123,28.9786,43.455,,23.6189,-41.6643,12.3729,49.1085,66.6667,-0.0318,-1.0177,4.38,3.1216,56.545,0,0,0,[],[],False,True,False,有效,1.0
600480,凌云股份,观察,增速观察,44.4535,37.5456,52.1954,49.6937,,4.4933,-29.732,-0.8071,-57.1403,83.3333,0.059,1.8771,3.69,4.3396,50.3063,0,0,0,[],[],False,False,False,有效,1.0
002004,华邦健康,加速/反转观察,反转/低基数,44.4399,29.7272,59.7352,57.9875,,-0.5911,-17.7909,0.7147,-356.3235,33.3333,0.1102,2.039,3.11,8.9187,42.0125,0,0,0,[],[],True,False,False,有效,1.0
600592,龙溪股份,观察,增速观察,44.4192,28.0711,53.9462,74.4097,,-18.8528,-17.9637,5.461,-52.4788,33.3333,0.1124,1.2782,2.03,8.8092,25.5903,0,0,0,[],[],False,False,False,有效,1.0
000166,申万宏源,观察,持续成长,44.3857,59.4818,35.3923,17.0839,,18.3061,33.7583,-11.9867,-48.6989,100.0,-0.7176,-1.7328,5.02,45.1343,82.9161,0,0,0,[],[],False,True,True,有效,1.0
002023,海特高新,加速/反转观察,反转/低基数,44.3608,47.6201,28.5317,66.2413,,6.5629,-19.5589,-11.5623,834.5199,66.6667,-0.0388,-0.5693,1.37,6.4851,33.7587,0,0,0,[],[],True,True,False,有效,1.0
603778,国晟科技,基础数据不足,反转/低基数,44.3605,70.3359,18.9806,17.1941,,11.9335,10.3726,73.9019,453.5236,50.0,-0.4094,1.6276,-32.19,-35.2295,82.8059,0,0,0,[],[],True,True,True,基础数据不足,1.0
002252,上海莱士,观察,增速观察,44.359,22.4351,56.1547,86.5392,,-18.7924,-35.7969,-8.6624,-7.6985,33.3333,0.1262,0.6127,2.04,20.6022,13.4608,0,0,0,[],[],False,False,False,有效,1.0
601229,上海银行,观察,持续成长,44.3285,52.6706,50.0586,7.8421,,5.4796,0.5131,2.1287,-2.1759,100.0,-0.0151,-0.0326,5.25,46.1666,92.1579,0,0,0,[],[],False,True,True,有效,1.0
002683,广东宏大,观察,持续成长,44.3148,50.4771,35.7699,42.918,,10.7881,3.2303,-38.4154,-3.3881,100.0,-0.09,-1.7546,7.52,8.4242,57.082,0,0,0,[],[],False,True,False,有效,1.0
601921,浙版传媒,观察,增速观察,44.2994,30.1361,53.7171,67.9535,,-9.5415,-4.4493,-3.74,-23.2071,16.6667,0.0678,0.4834,4.3923,14.072,32.0465,0,0,0,[],[],False,False,False,有效,1.0
600869,远东股份,加速/反转观察,反转/低基数,44.2842,49.3011,49.0253,19.7513,,0.1186,43.1285,-7.5996,-75.3834,83.3333,0.0309,1.9574,4.78,1.5192,80.2487,0,0,0,[],[],True,False,True,有效,1.0
601568,北元化工,观察,增速观察,44.2791,29.8823,47.3221,81.3834,,-4.3608,-47.2699,6.951,5.8211,0.0,0.0509,3.0492,0.64,1.6696,18.6166,0,0,0,[],[],False,False,False,有效,1.0
000786,北新建材,观察,增速观察,44.2782,28.4484,52.3344,75.6553,,-6.8353,-28.7164,-4.7406,-8.41,33.3333,0.0542,0.498,4.94,11.2475,24.3447,0,0,0,[],[],False,False,False,有效,1.0
601933,永辉超市,加速/反转观察,反转/低基数,44.2709,55.815,45.6098,6.9608,,-20.5598,205.2327,0.2563,279.3998,16.6667,0.0084,0.7874,12.45,0.9534,93.0392,0,0,0,[],[],True,False,True,有效,1.0
002837,英维克,观察,增速观察,44.2247,44.8682,44.4776,41.7888,,17.2387,-14.3168,-14.9905,-29.6152,83.3333,0.0205,0.3349,5.19,6.5202,58.2112,0,0,0,[],[],False,False,False,有效,1.0
601106,中国一重,基础数据不足,反转/低基数,44.1942,60.1324,33.7717,17.2244,,-8.3823,97.4332,32.5398,5.7589,33.3333,-0.1164,184.0594,-0.0526,0.1398,82.7756,0,0,0,[],[],True,True,True,基础数据不足,1.0
000568,泸州老窖,观察,增速观察,44.1793,16.0653,72.7752,71.3296,,-36.3535,-43.3731,-18.8346,-23.7615,33.3333,0.1988,0.4797,8.62,41.7958,28.6704,0,0,0,[],[],False,False,False,有效,1.0
600714,金瑞矿业,观察,增速观察,44.178,16.8849,61.3719,91.6695,,-15.7941,-53.6891,-12.7298,-40.9896,33.3333,0.1737,1.5759,2.2,11.0215,8.3305,0,0,0,[],[],False,False,False,有效,1.0
600153,建发股份,加速/反转观察,反转/低基数,44.0843,51.3491,44.642,21.1742,,-3.6586,17.6229,0.6229,484.7458,16.6667,0.0219,6.7153,1.68,0.441,78.8258,0,0,0,[],[],True,False,True,有效,1.0
000739,普洛药业,观察,增速观察,44.0828,36.9254,49.6881,54.3444,,-11.4093,-7.2237,7.209,6.3968,16.6667,0.0154,0.1423,8.05,10.8341,45.6556,0,0,0,[],[],False,False,False,有效,1.0
002249,大洋电机,观察,增速观察,44.0677,31.7446,58.6659,51.841,,-0.9815,-30.515,-1.8721,-52.5045,66.6667,0.1085,1.6032,4.17,7.125,48.159,0,0,0,[],[],False,False,False,有效,1.0
600098,广州发展,观察,增速观察,44.0405,39.8576,54.6075,35.4552,,9.2486,-42.1514,3.9225,-76.0834,83.3333,0.0849,2.2851,3.4155,3.8966,64.5448,0,0,0,[],[],False,False,False,有效,1.0
603128,华贸物流,观察,增速观察,43.9886,54.4697,25.592,49.3387,,11.7271,-2.9046,9.2192,6.4633,50.0,-0.044,-1.9493,3.49,2.3964,50.6613,0,0,0,[],[],False,True,False,有效,1.0
600072,中船科技,基础数据不足,反转/低基数,43.945,65.2149,24.7082,18.6093,,22.3422,9.298,-0.5485,2422.1486,50.0,-0.523,4.6332,-6.91,-11.8349,81.3907,0,0,0,[],[],True,True,True,基础数据不足,1.0
600859,王府井,加速/反转观察,反转/低基数,43.9109,33.5466,55.6527,51.5204,,-6.9818,-33.1964,3.7622,81.6495,0.0,0.1726,15.8831,0.279,1.618,48.4796,0,0,0,[],[],True,False,False,有效,1.0
002230,科大讯飞,基础数据不足,增速观察,43.9097,49.7735,33.7534,46.6309,,6.5241,14.685,-9.5933,-35.1627,83.3333,-0.0813,4.6361,-0.99,-1.6577,53.3691,0,0,0,[],[],False,True,False,基础数据不足,1.0
002600,领益智造,观察,增速观察,43.8798,37.0424,51.6007,48.9499,,6.4501,-17.8769,-9.7485,-48.2147,66.6667,0.068,2.2392,3.14,3.0897,51.0501,0,0,0,[],[],False,False,False,有效,1.0
603150,万朗磁塑,观察,增速观察,43.8557,62.9405,24.3143,25.6842,,124.7783,-23.079,102.9051,-3.1546,66.6667,-0.0165,-1.3693,2.89,0.9111,74.3158,0,0,0,[],[],False,True,True,有效,1.0
603439,三力制药,观察,增速观察,43.8516,24.9818,64.1895,59.7854,,-20.306,-55.2365,0.2846,27.8841,16.6667,0.1984,2.9847,2.54,6.7566,40.2146,0,0,0,[],[],False,False,False,有效,1.0
000157,中联重科,观察,增速观察,43.8224,38.0664,53.6725,41.3901,,9.1749,-23.9654,-5.4012,-61.9758,66.6667,0.0892,1.151,3.53,7.8712,58.6099,0,0,0,[],[],False,False,False,有效,1.0
601985,中国核电,观察,增速观察,43.7879,24.3427,80.0759,29.5474,,-6.2849,-35.7406,-12.5012,-41.7432,50.0,0.4994,5.2669,3.05,18.5138,70.4526,0,0,0,[],[],False,False,True,有效,1.0
002073,软控股份,加速/反转观察,加速成长,43.7606,51.5898,37.6871,32.4201,,13.0943,-6.9698,-2.8562,13.395,66.6667,0.0242,0.7815,2.12,3.2934,67.5799,0,0,0,[],[],False,False,False,有效,1.0
002348,高乐股份,基础数据不足,反转/低基数,43.7471,60.4433,19.4992,42.1541,,25.2941,-3.8808,23.079,-28.428,83.3333,-0.2691,1.5253,-7.31,-17.627,57.8459,0,0,0,[],[],True,True,False,基础数据不足,1.0
603311,金海高科,观察,增速观察,43.7447,28.1775,51.8416,74.2527,,-3.9314,-27.5506,-12.4215,-48.236,66.6667,0.0813,0.8271,3.28,9.8302,25.7473,0,0,0,[],[],False,False,False,有效,1.0
002068,黑猫股份,基础数据不足,反转/低基数,43.7316,63.4361,20.8553,30.371,,3.0092,7.4568,17.2875,1950.8909,66.6667,0.0143,-0.5959,-4.35,-2.446,69.629,0,0,0,[],[],True,True,False,基础数据不足,1.0
601633,长城汽车,观察,增速观察,43.6986,36.9911,56.61,37.9986,,10.5776,-61.1088,0.3743,-39.035,66.6667,0.1022,4.2346,2.76,2.4138,62.0014,0,0,0,[],[],False,False,False,有效,1.0
000501,武商集团,观察,增速观察,43.6915,36.8936,57.6195,36.2294,,-0.8998,-20.6489,8.4097,-4.1864,16.6667,0.1309,3.1463,1.2,4.1672,63.7706,0,0,0,[],[],False,False,False,有效,1.0
603118,共进股份,加速/反转观察,反转/低基数,43.6811,58.9452,20.6004,44.05,,16.0862,26.3297,6.2719,-170.9641,66.6667,-0.0368,-2.446,1.43,1.5065,55.95,0,0,0,[],[],True,True,False,有效,1.0
601619,嘉泽新能,观察,增速观察,43.6737,21.394,81.1764,35.5076,,-7.6401,-48.401,-10.8422,-61.7488,50.0,0.6688,3.4117,2.96,19.8071,64.4924,0,0,0,[],[],False,False,False,有效,1.0
002985,北摩高科,加速/反转观察,反转/低基数,43.6728,41.1094,31.4317,75.8454,,2.0625,24.1623,-68.6014,-1114.1214,66.6667,-0.3222,-1.504,3.67,22.7577,24.1546,0,0,0,[],[],True,True,False,有效,1.0
600161,天坛生物,观察,增速观察,43.6177,18.8702,56.8709,91.3541,,-16.5582,-52.7461,-18.8157,-23.1607,50.0,0.1115,0.968,2.51,15.9732,8.6459,0,0,0,[],[],False,False,False,有效,1.0
000008,神州高铁,基础数据不足,反转/低基数,43.597,63.2233,22.177,27.5583,,3.3073,43.7842,1.4636,96.9477,66.6667,-0.106,1.1732,-2.47,-9.7092,72.4417,0,0,0,[],[],True,True,True,基础数据不足,1.0
002312,川发龙蟒,加速/反转观察,加速成长,43.5651,51.6468,31.0937,44.263,,14.8154,-5.3913,-6.9242,16.9209,66.6667,-0.0132,-0.3144,2.33,4.4867,55.737,0,0,0,[],[],False,True,False,有效,1.0
000958,电投产融,观察,增速观察,43.5169,24.5775,73.1163,41.1361,,-16.0212,-10.5227,-18.4816,-9.8485,16.6667,0.3531,0.9678,3.82,41.0394,58.8639,0,0,0,[],[],False,False,False,有效,1.0
603071,物产环能,观察,增速观察,43.5107,52.2719,28.6106,47.027,,-6.8276,19.6637,9.7365,33.2468,33.3333,-0.0916,-4.3442,6.06,2.5895,52.973,0,0,0,[],[],False,True,False,有效,1.0
002958,青农商行,观察,增速观察,43.4966,42.484,62.4373,8.6531,,-7.5687,2.8367,1.5491,-6.676,66.6667,0.1093,0.2648,5.36,41.2823,91.3469,0,0,0,[],[],False,False,True,有效,1.0
002303,美盈森,观察,增速观察,43.4519,33.1202,48.777,63.7965,,-0.1288,-26.2512,0.7877,-18.9125,33.3333,0.0685,1.0266,2.87,6.7453,36.2035,0,0,0,[],[],False,False,False,有效,1.0
600403,大有能源,基础数据不足,反转/低基数,43.4321,69.4428,16.6008,19.0623,,12.5103,24.4912,29.1015,109.2465,33.3333,-0.0514,0.1729,-18.87,-31.4126,80.9377,0,0,0,[],[],True,True,True,基础数据不足,1.0
001914,招商积余,加速/反转观察,加速成长,43.4298,51.0511,26.7852,53.8555,,6.6429,0.1546,-5.5914,22.2747,83.3333,-0.1572,-3.0862,4.55,5.3438,46.1445,0,0,0,[],[],False,True,False,有效,1.0
605298,必得科技,观察,增速观察,43.422,28.4407,45.7451,83.7194,,-11.7579,-5.5845,-27.9937,-51.7157,66.6667,0.0575,0.5096,1.99,10.9383,16.2806,0,0,0,[],[],False,False,False,有效,1.0
600741,华域汽车,观察,增速观察,43.349,34.9066,59.7356,35.9034,,-1.4313,-8.6732,-9.9189,-16.1862,50.0,0.0949,3.0108,3.87,3.5958,64.0966,0,0,0,[],[],False,False,False,有效,1.0
600926,杭州银行,观察,持续成长,43.2931,57.339,40.3495,7.0424,,4.7493,9.8711,3.6617,-2.1806,100.0,-1.6419,-2.697,8.87,60.8789,92.9576,0,0,0,[],[],False,True,True,有效,1.0
603885,吉祥航空,观察,增速观察,43.2618,38.8146,63.284,16.5588,,9.1607,-70.2667,7.3301,-83.9773,83.3333,0.3583,28.8007,1.41,1.2424,83.4412,0,0,0,[],[],False,False,True,有效,1.0
600690,海尔智家,观察,增速观察,43.2211,34.6122,57.006,41.4782,,-2.7982,-14.2669,-8.5082,-18.654,66.6667,0.0641,0.9453,8.36,7.1499,58.5218,0,0,0,[],[],False,False,False,有效,1.0
001386,马可波罗,观察,增速观察,43.2181,20.3712,61.5581,75.0789,,-14.5419,-34.0904,-2.7131,-25.2873,0.0,0.1512,0.9638,3.53,15.6895,24.9211,0,0,0,[],[],False,False,False,有效,1.0
601236,红塔证券,观察,增速观察,43.2145,21.8585,77.8958,37.92,,-14.001,-23.933,-51.7623,-82.7713,66.6667,0.9679,1.9409,2.05,49.8421,62.08,0,0,0,[],[],False,False,False,有效,1.0
002708,光洋股份,观察,持续成长,43.1565,55.9361,25.7911,39.5487,,17.432,8.0355,-0.1815,-89.9172,100.0,-0.0504,-1.3027,3.23,3.4874,60.4513,0,0,0,[],[],False,True,False,有效,1.0
002232,启明信息,加速/反转观察,反转/低基数,43.126,51.2109,15.7006,73.7224,,7.7602,8.6238,19.6435,-689.3695,50.0,-0.4589,-10.5865,1.09,4.3348,26.2776,0,0,0,[],[],True,True,False,有效,1.0
002779,中坚科技,基础数据不足,增速观察,43.1233,47.3663,34.6148,47.4112,,39.4993,-114.9141,34.618,-281.761,83.3333,-0.054,4.9709,-0.84,-4.3111,52.5888,0,0,0,[],[],False,True,False,基础数据不足,1.0
001208,华菱线缆,观察,增速观察,43.1029,57.6838,21.3423,42.8817,,21.1232,-9.9039,12.7291,-10.9491,83.3333,-0.061,-2.8219,1.95,2.4736,57.1183,0,0,0,[],[],False,True,False,有效,1.0
600648,外高桥,观察,增速观察,43.1025,63.8878,16.3018,34.348,,14.2566,7.3041,31.6813,8.9962,50.0,-0.1886,-5.4937,0.69,3.5871,65.652,0,0,0,[],[],False,True,False,有效,1.0
603319,美湖股份,观察,增速观察,43.0539,35.4565,46.5974,58.7592,,8.4752,-45.7663,-5.0668,-9.9413,50.0,0.06,1.2761,2.22,4.7359,41.2408,0,0,0,[],[],False,False,False,有效,1.0
002819,东方中科,基础数据不足,反转/低基数,43.0501,42.7753,31.5269,66.9209,,-0.8203,13.1106,-10.0196,-17.1067,50.0,-0.1163,3.6273,-1.58,-5.035,33.0791,0,0,0,[],[],True,True,False,基础数据不足,1.0
601512,中新集团,观察,增速观察,43.0094,17.9734,73.8402,56.4559,,-47.4673,-13.6684,-67.1791,-79.4207,33.3333,0.4568,0.9886,3.29,55.745,43.5441,0,0,0,[],[],False,False,False,有效,1.0
000905,厦门港务,观察,增速观察,42.9042,34.2482,51.0602,52.5605,,-2.9193,-5.9635,-2.836,-8.9883,16.6667,0.0537,1.7633,3.63,4.3248,47.4395,0,0,0,[],[],False,False,False,有效,1.0
002129,TCL中环,基础数据不足,反转/低基数,42.8794,61.6613,20.7203,30.8518,,6.8429,24.4731,4.6199,18.8247,66.6667,0.0224,-0.1001,-15.93,-24.1515,69.1482,0,0,0,[],[],True,True,False,基础数据不足,1.0
600500,中化国际,基础数据不足,反转/低基数,42.8758,59.0947,25.1306,29.7096,,-3.3648,68.2825,7.1742,46.6577,33.3333,0.0794,-6.6498,-2.72,-1.0616,70.2904,0,0,0,[],[],True,True,True,基础数据不足,1.0
002279,久其软件,基础数据不足,反转/低基数,42.8398,45.9736,27.5633,63.9916,,-28.8131,66.9665,7.1152,-61.7967,50.0,-0.457,11.1789,-1.69,-5.8666,36.0084,0,0,0,[],[],True,True,False,基础数据不足,1.0
002298,中电鑫龙,加速/反转观察,反转/低基数,42.7563,52.0959,25.3467,49.5564,,-15.9036,135.3027,-7.8235,62.6281,33.3333,-0.0805,-1.4909,2.37,6.5552,50.4436,0,0,0,[],[],True,True,False,有效,1.0
002063,远光软件,观察,增速观察,42.7491,43.9163,18.4127,87.9201,,0.5378,0.306,-7.5379,-2.1335,83.3333,-0.5118,-7.1731,1.89,6.4171,12.0799,0,0,0,[],[],False,True,False,有效,1.0
003036,泰坦股份,加速/反转观察,加速成长,42.7226,58.1204,17.9986,45.9769,,20.483,-15.3799,29.1907,31.2725,33.3333,-0.2812,-7.5361,2.06,3.8008,54.0231,0,0,0,[],[],False,True,False,有效,1.0
603122,合富中国,基础数据不足,反转/低基数,42.6839,46.1205,22.3681,73.0056,,-7.8682,-2.1946,19.9605,219.8493,0.0,0.042,-1.898,-0.72,-2.0618,26.9944,0,0,0,[],[],True,True,False,基础数据不足,1.0
600666,奥瑞德,基础数据不足,反转/低基数,42.637,43.8924,35.68,52.785,,38.2879,-112.9807,11.1933,-295.4648,83.3333,0.2487,-9.4677,-0.7458,-2.8015,47.215,0,0,0,[],[],True,True,False,基础数据不足,1.0
000927,中国铁物,观察,增速观察,42.6332,34.5683,51.262,49.5704,,-1.3767,-15.6798,8.584,-41.8619,16.6667,0.0519,3.2685,2.73,1.4513,50.4296,0,0,0,[],[],False,False,False,有效,1.0
601858,中国科传,观察,增速观察,42.5952,33.9964,38.2282,77.1256,,-5.8039,-6.3618,-7.6499,-18.1292,50.0,-0.0466,-0.3092,3.09,15.4561,22.8744,0,0,0,[],[],False,True,False,有效,1.0
600777,新潮能源,观察,增速观察,42.5805,13.9626,73.9776,65.6402,,-21.5195,-65.5937,-8.5094,-24.8992,0.0,0.6777,6.4108,1.4455,10.5712,34.3598,0,0,0,[],[],False,False,False,有效,1.0
002065,东华软件,观察,增速观察,42.5701,34.3833,49.5361,53.1986,,-6.2728,-8.6559,-3.3139,-4.1702,33.3333,0.0835,1.9771,1.79,3.4787,46.8014,0,0,0,[],[],False,False,False,有效,1.0
002135,东南网架,观察,增速观察,42.5642,29.6868,63.5704,39.1844,,-13.8412,-31.9239,2.7374,42.3535,0.0,0.7634,104.0075,0.45,0.7559,60.8156,0,0,0,[],[],False,False,False,有效,1.0
600682,南京新百,加速/反转观察,反转/低基数,42.5541,27.9158,49.7395,72.0981,,-10.0157,-78.4289,-4.9566,387.4105,16.6667,0.068,5.4694,0.22,3.1727,27.9019,0,0,0,[],[],True,False,False,有效,1.0
002268,电科网安,基础数据不足,增速观察,42.4075,44.5501,21.6681,77.4583,,-4.0393,1.5299,4.0378,65.0803,16.6667,-0.8821,2.417,-3.07,-36.5992,22.5417,0,0,0,[],[],False,True,False,基础数据不足,1.0
000718,苏宁环球,观察,增速观察,42.3877,17.9831,64.5028,71.3716,,-42.7283,-77.4567,-8.1384,11.2857,16.6667,0.2839,4.9037,0.33,5.7286,28.6284,0,0,0,[],[],False,False,False,有效,1.0
002701,奥瑞金,观察,增速观察,42.3802,40.6722,49.0721,34.1202,,18.3735,-15.5102,-57.3038,-42.8572,66.6667,0.0252,0.4582,7.59,6.9511,65.8798,0,0,0,[],[],False,False,False,有效,1.0
002350,北京科锐,基础数据不足,增速观察,42.3576,41.7991,33.9359,60.8764,,20.5229,-222.5594,15.1805,-261.6147,83.3333,-0.0787,4.2714,-1.14,-1.1716,39.1236,0,0,0,[],[],False,True,False,基础数据不足,1.0
603698,航天工程,观察,增速观察,42.2863,44.6921,31.6446,56.3524,,13.1767,-13.0109,-10.4982,-27.4391,83.3333,-0.0236,-0.6296,2.4,6.9112,43.6476,0,0,0,[],[],False,True,False,有效,1.0
000709,河钢股份,观察,增速观察,42.2835,41.8809,51.358,25.342,,-0.6483,6.6056,2.2125,-35.0323,33.3333,0.0978,10.1021,1.05,1.1239,74.658,0,0,0,[],[],False,False,True,有效,1.0
600829,人民同泰,加速/反转观察,加速成长,42.2379,55.9757,21.0262,43.4478,,5.0253,11.6043,1.7368,48.8489,50.0,-0.0772,-5.1573,2.65,1.4978,56.5522,0,0,0,[],[],False,True,False,有效,1.0
001323,慕思股份,观察,增速观察,42.221,32.8661,47.8441,59.0396,,0.5563,-48.1338,7.2633,-17.9253,33.3333,0.0498,0.6691,4.04,7.3004,40.9604,0,0,0,[],[],False,False,False,有效,1.0
002163,海南发展,基础数据不足,反转/低基数,42.218,60.9681,27.5685,15.2666,,-0.4854,68.5024,10.0357,92.9671,16.6667,-0.2839,6.5981,-11.85,-2.6681,84.7334,0,0,0,[],[],True,True,True,基础数据不足,1.0
603108,润达医疗,基础数据不足,反转/低基数,42.1701,55.0702,25.4714,36.8671,,-7.9752,27.1733,7.8247,1119.192,16.6667,0.0856,-3.1102,-2.35,-1.9232,63.1329,0,0,0,[],[],True,True,False,基础数据不足,1.0
601128,常熟银行,观察,持续成长,42.1568,56.7506,37.1679,8.3531,,6.046,10.639,-0.4634,-0.011,100.0,-0.7329,-2.1629,6.67,35.895,91.6469,0,0,0,[],[],False,True,True,有效,1.0
600418,江淮汽车,基础数据不足,反转/低基数,42.1349,56.5322,27.8326,27.5474,,14.3086,3.0907,3.9566,-1.4821,66.6667,-0.2389,7.0607,-6.44,-3.2711,72.4526,0,0,0,[],[],True,True,True,基础数据不足,1.0
603229,奥翔药业,观察,增速观察,42.1178,29.587,43.1589,77.6283,,-2.9588,-29.2332,-2.6408,7.6257,0.0,-0.0906,-0.3535,5.26,25.6281,22.3717,0,0,0,[],[],False,True,False,有效,1.0
000600,建投能源,加速/反转观察,反转/低基数,42.1039,27.5658,64.398,41.1301,,-7.9449,-13.4075,-4.834,-267.0721,50.0,0.1086,1.43,6.276,10.6864,58.8699,0,0,0,[],[],True,False,False,有效,1.0
603336,宏辉果蔬,观察,增速观察,42.086,21.4086,62.3139,63.6621,,-11.0865,-25.351,-8.5083,-22.6768,0.0,0.2239,18.1177,0.36,5.3633,36.3379,0,0,0,[],[],False,False,False,有效,1.0
603395,红四方,观察,增速观察,42.0457,36.5175,39.1748,64.3722,,3.7088,-40.2814,5.2825,4.7216,16.6667,0.02,1.4314,1.85,1.8258,35.6278,0,0,0,[],[],False,False,False,有效,1.0
601607,上海医药,观察,增速观察,42.0348,40.2691,46.4321,38.5372,,4.1506,-21.4049,1.1248,-47.1495,83.3333,0.0302,1.2697,4.51,2.9441,61.4628,0,0,0,[],[],False,False,False,有效,1.0
002913,奥士康,观察,增速观察,41.9804,35.7988,47.4728,49.5405,,16.4549,-57.7931,-4.6508,-44.9494,50.0,0.0617,2.2307,1.85,2.2703,50.4595,0,0,0,[],[],False,False,False,有效,1.0
600039,四川路桥,观察,增速观察,41.9793,56.1123,31.4577,20.6232,,7.6169,11.196,0.2751,9.9893,66.6667,-0.1025,-1.5541,5.7,6.5394,79.3768,0,0,0,[],[],False,True,True,有效,1.0
000531,穗恒运A,观察,增速观察,41.9523,33.8348,54.6265,40.9563,,-11.495,12.1264,-7.8356,-69.4116,33.3333,0.0979,0.7378,3.54,12.0513,59.0437,0,0,0,[],[],False,False,False,有效,1.0
601811,新华文轩,观察,增速观察,41.9207,26.6885,52.4059,66.647,,-9.4242,-23.5919,-4.5831,-25.1192,33.3333,0.0633,0.484,4.23,13.2498,33.353,0,0,0,[],[],False,False,False,有效,1.0
603668,天马科技,加速/反转观察,反转/低基数,41.913,43.1656,47.0159,27.9495,,5.3357,-79.5275,2.8296,709.7215,50.0,0.0598,15.1874,0.58,0.5185,72.0505,0,0,0,[],[],True,False,True,有效,1.0
600691,潞化科技,加速/反转观察,反转/低基数,41.9003,58.8743,25.3111,24.1566,,-8.1567,120.0737,1.4773,141.3126,33.3333,-0.0035,-0.3555,1.4439,0.3074,75.8434,0,0,0,[],[],True,True,True,有效,1.0
000559,万向钱潮,观察,增速观察,41.8767,35.9092,55.0323,33.4678,,-12.7844,3.4388,-16.8439,-5.4545,66.6667,0.0618,0.6731,6.43,9.2344,66.5322,0,0,0,[],[],False,False,False,有效,1.0
002488,金固股份,观察,增速观察,41.8726,56.8584,19.1068,42.4469,,7.8847,46.2403,-6.1365,-33.0527,83.3333,-0.1021,-5.2834,1.28,3.2259,57.5531,0,0,0,[],[],False,True,False,有效,1.0
002588,史丹利,观察,增速观察,41.8717,42.119,32.5657,59.7417,,8.4817,-10.2879,-11.2107,-35.3563,83.3333,-0.1651,-2.1027,6.95,7.9185,40.2583,0,0,0,[],[],False,True,False,有效,1.0
002664,信质集团,加速/反转观察,反转/低基数,41.8496,47.9205,38.5441,30.2479,,9.0149,0.7579,5.9078,-533.5114,83.3333,0.0235,1.4517,1.42,1.5722,69.7521,0,0,0,[],[],True,False,False,有效,1.0
002267,陕天然气,观察,增速观察,41.8199,30.8119,54.7129,49.0579,,-8.2732,-20.6584,-3.4256,-1.3154,33.3333,0.0633,0.697,5.95,9.3828,50.9421,0,0,0,[],[],False,False,False,有效,1.0
600536,中国软件,基础数据不足,反转/低基数,41.7892,42.6065,31.8389,59.2379,,-20.0521,83.359,-18.2096,-6.6047,33.3333,-0.5095,73.6274,-0.35,3.0131,40.7621,0,0,0,[],[],True,True,False,基础数据不足,1.0
600917,重庆燃气,观察,增速观察,41.7437,30.3171,50.6429,58.2248,,-4.6511,-28.7906,-6.0615,16.1867,16.6667,0.0753,5.0018,1.29,1.62,41.7752,0,0,0,[],[],False,False,False,有效,1.0
000510,新金路,基础数据不足,反转/低基数,41.7255,55.5175,20.2317,43.3371,,6.053,-10.4926,24.5864,257.8184,33.3333,0.0112,-0.1309,-7.09,-8.4814,56.6629,0,0,0,[],[],True,True,False,基础数据不足,1.0
600307,酒钢宏兴,基础数据不足,反转/低基数,41.7108,67.0393,19.4145,10.3179,,3.6135,66.6501,15.8628,42.9969,50.0,0.0252,-1.8835,-4.02,-1.3389,89.6821,0,0,0,[],[],True,True,True,基础数据不足,1.0
601717,中创智领,观察,增速观察,41.7085,25.0897,63.279,48.424,,-6.0402,-36.2515,-17.7331,-45.3916,66.6667,0.1105,1.2936,7.02,8.835,51.576,0,0,0,[],[],False,False,False,有效,1.0
002085,万丰奥威,观察,增速观察,41.6895,32.8642,53.3728,44.7985,,-0.1761,-16.4646,1.5275,-67.5735,33.3333,0.0583,1.0432,5.35,6.89,55.2015,0,0,0,[],[],False,False,False,有效,1.0
600699,均胜电子,观察,增速观察,41.6575,35.6629,54.9797,32.9967,,-7.4331,4.4259,-16.9547,-34.654,66.6667,0.0688,2.6172,4.21,3.0891,67.0033,0,0,0,[],[],False,False,False,有效,1.0
002482,广田集团,基础数据不足,反转/低基数,41.6529,64.7253,20.8211,14.0993,,80.7991,36.3861,-30.3819,2.5257,66.6667,-0.0068,0.1457,-10.18,-4.6831,85.9007,0,0,0,[],[],True,True,True,基础数据不足,1.0
000723,美锦能源,基础数据不足,反转/低基数,41.6509,56.3016,23.4073,34.1859,,4.4136,11.1062,9.9917,9.4086,50.0,0.0789,-1.133,-4.69,-7.0506,65.8141,0,0,0,[],[],True,True,False,基础数据不足,1.0
600610,中毅达,加速/反转观察,反转/低基数,41.6439,45.8953,48.9147,14.3483,,11.8961,-12.1547,16.9096,-472.2124,50.0,0.0138,0.2234,25.2,6.1854,85.6517,0,0,0,[],[],True,False,True,有效,1.0
000782,恒申新材,基础数据不足,反转/低基数,41.63,52.2417,28.5003,36.0544,,5.325,-26.4566,29.8016,91.9622,50.0,-0.2577,7.1247,-2.9,-3.6177,63.9456,0,0,0,[],[],True,True,False,基础数据不足,1.0
600585,海螺水泥,观察,增速观察,41.6195,20.5713,54.0094,79.9846,,-10.8838,-42.761,-1.5489,-48.1787,16.6667,0.1223,1.7873,1.31,6.6741,20.0154,0,0,0,[],[],False,False,False,有效,1.0
002654,万润科技,观察,增速观察,41.594,57.1727,21.2854,35.4748,,-5.3862,94.1886,-19.4829,142.9877,66.6667,-0.0325,-2.5984,1.9,0.9834,64.5252,0,0,0,[],[],False,True,False,有效,1.0
600104,上汽集团,加速/反转观察,反转/低基数,41.5711,30.4166,60.0617,38.0533,,0.2211,-14.3779,-5.0027,-520.8314,50.0,0.1841,10.5395,1.72,2.7033,61.9467,0,0,0,[],[],True,False,False,有效,1.0
600966,博汇纸业,观察,增速观察,41.5584,35.7153,55.9877,30.2293,,-1.1501,-14.3947,-2.3505,-2.831,33.3333,0.1715,21.0348,1.03,0.8152,69.7707,0,0,0,[],[],False,False,False,有效,1.0
603368,柳药集团,观察,增速观察,41.5042,43.2915,39.7028,39.7448,,2.1875,-14.0027,3.3969,3.0067,50.0,0.0129,0.3671,4.61,3.528,60.2552,0,0,0,[],[],False,False,False,有效,1.0
002226,江南化工,观察,增速观察,41.4984,35.1749,46.437,50.5918,,2.4374,-43.6942,2.2415,-25.6722,66.6667,0.0487,0.9506,2.66,7.5822,49.4082,0,0,0,[],[],False,False,False,有效,1.0
002655,共达电声,观察,增速观察,41.4969,33.5981,53.1983,41.7906,,9.8688,-68.0298,-8.9274,-68.8248,83.3333,0.095,4.9504,1.67,1.9677,58.2094,0,0,0,[],[],False,False,False,有效,1.0
000059,华锦股份,加速/反转观察,反转/低基数,41.4744,52.5784,23.9318,43.2473,,-12.896,136.9166,-33.593,100.0094,50.0,-0.0824,-3.9507,3.7,2.2668,56.7527,0,0,0,[],[],True,True,False,有效,1.0
002594,比亚迪,观察,增速观察,41.4016,31.0703,63.078,29.0425,,-7.1282,-20.5352,-10.585,-1.5675,50.0,0.1083,3.0291,4.86,3.577,70.9575,0,0,0,[],[],False,False,True,有效,1.0
601928,凤凰传媒,观察,增速观察,41.312,20.6127,60.161,65.7118,,-14.2353,-31.1198,-4.9811,-43.4912,16.6667,0.0999,0.558,5.34,18.0925,34.2882,0,0,0,[],[],False,False,False,有效,1.0
601117,中国化学,观察,持续成长,41.2771,47.4927,37.243,30.6983,,1.0509,1.4084,-0.917,-11.746,100.0,0.0009,0.0254,4.57,3.7103,69.3017,0,0,0,[],[],False,False,False,有效,1.0
600339,中油工程,加速/反转观察,加速成长,41.2561,40.6302,52.4151,20.8158,,5.8984,-22.2737,-10.086,21.6661,50.0,0.1047,11.0137,1.36,0.9582,79.1842,0,0,0,[],[],False,False,True,有效,1.0
000921,海信家电,观察,增速观察,41.2321,31.9102,61.9374,27.7873,,-5.2178,-20.1559,-0.0239,-15.3377,33.3333,0.0692,1.9512,9.05,5.2856,72.2127,0,0,0,[],[],False,False,True,有效,1.0
001317,三羊马,加速/反转观察,反转/低基数,41.2152,51.8238,16.4388,58.9423,,-22.1715,117.5297,-25.6636,316.8837,50.0,-0.0587,-11.9975,0.22,0.5399,41.0577,0,0,0,[],[],True,True,False,有效,1.0
600936,北投科技,加速/反转观察,反转/低基数,41.1914,49.9793,30.1314,36.9478,,-30.7787,117.4947,-7.5446,72.4822,33.3333,-0.1423,-3.8388,5.26,7.086,63.0522,0,0,0,[],[],True,True,False,有效,1.0
000785,居然智家,加速/反转观察,反转/低基数,41.1499,28.0804,57.6979,47.2623,,-15.3675,-40.3729,-1.3155,189.47,0.0,0.1566,4.3621,1.02,3.1784,52.7377,0,0,0,[],[],True,False,False,有效,1.0
000058,深赛格,观察,增速观察,41.1011,33.0369,48.7025,50.0907,,-9.5417,4.1483,-5.0437,-49.3597,33.3333,0.0681,0.9168,2.57,8.2479,49.9093,0,0,0,[],[],False,False,False,有效,1.0
002849,威星智能,观察,增速观察,41.0987,37.7354,40.9082,51.5695,,7.3733,-7.9922,-20.0416,-68.4032,66.6667,0.0211,0.3763,3.48,6.4446,48.4305,0,0,0,[],[],False,False,False,有效,1.0
001330,博纳影业,基础数据不足,反转/低基数,41.0857,46.2555,36.2182,35.3113,,-31.9026,84.0035,-17.6203,152.9364,16.6667,0.2844,-0.7718,-4.46,-36.8409,64.6887,0,0,0,[],[],True,True,False,基础数据不足,1.0
002988,豪美新材,加速/反转观察,加速成长,41.041,53.1016,24.4133,38.1144,,15.6038,-11.6951,-0.9735,31.7768,66.6667,-0.0387,-1.9776,3.01,1.955,61.8856,0,0,0,[],[],False,True,False,有效,1.0
600757,长江传媒,观察,增速观察,41.0316,21.3773,54.5895,72.8786,,-16.6534,-29.4868,-16.7893,-36.8784,50.0,0.0641,0.3924,4.67,16.3606,27.1214,0,0,0,[],[],False,False,False,有效,1.0
600383,金地集团,基础数据不足,反转/低基数,41.0294,53.8432,24.4275,35.7916,,-19.9515,25.6497,32.493,142.8396,16.6667,0.0627,-0.2859,-6.24,-26.9541,64.2084,0,0,0,[],[],True,True,False,基础数据不足,1.0
002540,亚太科技,观察,增速观察,41.0034,44.0293,25.9133,62.1061,,25.0073,-61.4739,12.6683,-53.4296,50.0,-0.0092,-0.5369,1.41,1.7175,37.8939,0,0,0,[],[],False,True,False,有效,1.0
002091,江苏国泰,观察,增速观察,41.0031,44.653,31.2412,49.5771,,6.486,-13.9292,5.2139,-30.9518,66.6667,-0.0133,-0.5607,2.85,4.1634,50.4229,0,0,0,[],[],False,True,False,有效,1.0
002219,新里程,观察,增速观察,40.9729,41.3951,45.5102,30.6314,,-11.5443,-4.2412,8.0995,68.797,16.6667,0.0474,7.2712,0.46,0.7772,69.3686,0,0,0,[],[],False,False,False,有效,1.0
600269,赣粤高速,观察,增速观察,40.9674,16.2513,70.704,55.6424,,-13.6574,-72.8134,-18.637,-72.8411,50.0,0.4081,5.2285,1.06,9.3293,44.3576,0,0,0,[],[],False,False,False,有效,1.0
603859,能科科技,观察,增速观察,40.9436,37.5177,29.8291,73.4503,,0.2902,-14.3823,-0.7018,-32.0485,66.6667,-0.1601,-1.2512,2.58,17.9527,26.5497,0,0,0,[],[],False,True,False,有效,1.0
603082,北自科技,观察,增速观察,40.91,38.6974,48.0685,33.2309,,4.0534,-34.3323,1.9245,-35.6329,83.3333,0.0606,1.1919,2.97,5.0815,66.7691,0,0,0,[],[],False,False,False,有效,1.0
603257,中国瑞林,观察,增速观察,40.8472,44.3823,31.0666,49.8034,,-25.2764,26.856,-4.748,20.7297,50.0,-0.1419,-1.0299,3.71,13.5854,50.1966,0,0,0,[],[],False,True,False,有效,1.0
601686,友发集团,观察,增速观察,40.834,39.7239,47.9436,29.945,,0.5444,-2.8813,8.1162,-62.9126,33.3333,0.0267,2.3969,4.04,1.2175,70.055,0,0,0,[],[],False,False,True,有效,1.0
603693,江苏新能,观察,增速观察,40.8067,17.6492,72.2599,47.3728,,-11.0531,-53.1409,-10.4696,-74.8673,33.3333,0.404,2.8678,1.86,13.3818,52.6272,0,0,0,[],[],False,False,False,有效,1.0
603057,紫燕食品,观察,增速观察,40.7662,46.2608,30.8303,44.1543,,12.9437,-35.9392,16.6476,-4.0943,33.3333,-0.023,-0.5719,3.27,3.7284,55.8457,0,0,0,[],[],False,True,False,有效,1.0
600765,中航重机,观察,增速观察,40.7636,27.5427,53.7383,54.4767,,-10.1444,-9.8484,-7.8203,-5.0168,0.0,0.0851,0.9909,3.08,11.325,45.5233,0,0,0,[],[],False,False,False,有效,1.0
000420,吉林化纤,加速/反转观察,加速成长,40.7567,57.3881,19.6311,33.1139,,4.5122,45.2198,-35.2556,63.1986,66.6667,-0.0237,-2.0333,0.72,1.1203,66.8861,0,0,0,[],[],False,True,False,有效,1.0
002489,浙江永强,基础数据不足,增速观察,40.6821,34.2767,40.4808,60.3007,,8.0966,-100.7843,8.4065,-101.4494,66.6667,0.4459,-369.126,-0.09,0.0816,39.6993,0,0,0,[],[],False,True,False,基础数据不足,1.0
600459,贵研铂业,观察,增速观察,40.6761,36.6697,48.268,37.5116,,-23.355,7.6322,-40.5571,-2.9037,83.3333,0.0317,2.0523,4.25,1.6645,62.4884,0,0,0,[],[],False,False,False,有效,1.0
600278,东方创业,加速/反转观察,加速成长,40.6611,53.788,19.2655,44.0715,,3.0914,5.8188,9.8203,12.1778,50.0,-0.055,-7.1291,1.51,0.935,55.9285,0,0,0,[],[],False,True,False,有效,1.0
600751,海航科技,观察,增速观察,40.6608,44.5209,17.3234,75.7555,,35.3538,-37.2006,-2.638,-19.837,50.0,-0.1996,-4.0642,0.6,4.911,24.2445,0,0,0,[],[],False,True,False,有效,1.0
002140,东华科技,观察,增速观察,40.6565,35.4786,52.4317,32.6397,,-9.9748,3.1712,-23.0911,-26.7155,83.3333,0.0637,1.1069,5.1,5.0622,67.3603,0,0,0,[],[],False,False,False,有效,1.0
603306,华懋科技,观察,增速观察,40.6337,19.7904,59.9381,64.5549,,-1.534,-82.9507,-14.6557,-61.4403,50.0,0.259,12.1414,0.66,1.5224,35.4451,0,0,0,[],[],False,False,False,有效,1.0
600835,上海机电,观察,增速观察,40.6114,37.47,40.2269,50.8045,,0.2838,-19.3931,6.9952,-3.9381,16.6667,0.0221,0.5286,2.79,6.3382,49.1955,0,0,0,[],[],False,False,False,有效,1.0
601577,长沙银行,观察,增速观察,40.5882,54.7306,36.4515,6.4346,,4.0052,5.058,5.7979,1.4678,83.3333,-2.0461,-6.1997,6.17,33.4083,93.5654,0,0,0,[],[],False,True,True,有效,1.0
001301,尚太科技,观察,增速观察,40.516,47.37,29.4412,42.1037,,33.1101,-16.5974,-18.7864,-29.4199,83.3333,-0.382,-4.3102,5.59,8.8637,57.8963,0,0,0,[],[],False,True,False,有效,1.0
600562,国睿科技,观察,增速观察,40.5041,38.0225,32.2657,64.4257,,0.33,-16.1955,1.5768,-15.9964,50.0,-0.2297,-1.3534,4.33,16.9133,35.5743,0,0,0,[],[],False,True,False,有效,1.0
603303,得邦照明,观察,增速观察,40.4706,22.1865,58.9881,58.2882,,-5.0355,-46.5098,-2.6173,-22.6063,0.0,0.1218,3.2585,2.4105,3.7355,41.7118,0,0,0,[],[],False,False,False,有效,1.0
002796,世嘉科技,基础数据不足,反转/低基数,40.4694,51.2462,20.2866,48.5048,,-0.7194,8.76,0.8285,170.1429,33.3333,0.0041,-0.0415,-4.79,-10.195,51.4952,0,0,0,[],[],True,True,False,基础数据不足,1.0
002970,锐明技术,观察,增速观察,40.4642,40.3115,29.4354,62.9797,,7.0861,-45.3333,17.9063,-77.2787,66.6667,-0.3091,-3.4455,5.25,9.0677,37.0203,0,0,0,[],[],False,True,False,有效,1.0
601929,吉视传媒,基础数据不足,持续成长,40.4169,53.3389,21.7009,39.0828,,1.7323,5.0748,1.6706,3.9719,100.0,0.0264,-0.1216,-4.72,-21.7603,60.9172,0,0,0,[],[],True,True,False,基础数据不足,1.0
600138,中青旅,观察,增速观察,40.406,35.1858,43.6366,49.6055,,10.68,-66.8986,-3.1829,-18.9474,50.0,0.0279,6.7866,0.35,0.9331,50.3945,0,0,0,[],[],False,False,False,有效,1.0
603501,豪威集团,观察,增速观察,40.3915,29.6154,44.1816,65.1399,,0.4926,-39.8504,-11.6492,-61.5814,83.3333,0.0291,0.3344,3.73,8.5772,34.8601,0,0,0,[],[],False,False,False,有效,1.0
000825,太钢不锈,加速/反转观察,反转/低基数,40.3885,32.8646,44.1008,55.5356,,3.2026,-65.5264,13.1687,-170.7789,50.0,0.0356,12.4693,0.41,0.4501,44.4644,0,0,0,[],[],True,False,False,有效,1.0
002531,天顺风能,加速/反转观察,反转/低基数,40.3087,54.6772,21.3503,35.1199,,-7.7588,115.5716,-18.6087,330.7807,33.3333,-0.173,-3.0114,1.34,7.6286,64.8801,0,0,0,[],[],True,True,False,有效,1.0
600683,京投发展,基础数据不足,反转/低基数,40.2978,60.8484,24.6075,10.0269,,831.6333,-18.7197,528.1509,-3.376,33.3333,-0.0601,0.7389,,-9.2019,89.9731,0,0,0,[],[],True,True,True,基础数据不足,0.9
600271,航天信息,基础数据不足,反转/低基数,40.2189,39.4083,20.0978,82.8927,,-13.5094,-24.7834,19.6502,4747.9514,0.0,-0.2683,1.5314,-2.89,-23.238,17.1073,0,0,0,[],[],True,True,False,基础数据不足,1.0
603400,华之杰,观察,增速观察,40.2115,23.8376,55.5642,58.6279,,-3.5962,-46.7808,-17.5678,-27.7955,50.0,0.1003,1.5291,3.51,6.5622,41.3721,0,0,0,[],[],False,False,False,有效,1.0
600644,乐山电力,观察,增速观察,40.211,31.7869,46.7856,52.3339,,-5.5482,-12.7109,-11.7906,-16.0145,50.0,0.0649,14.4306,0.33,0.3669,47.6661,0,0,0,[],[],False,False,False,有效,1.0
600511,国药股份,观察,增速观察,40.1985,43.5079,26.7981,57.0709,,4.2693,-7.2509,0.5718,-7.0742,50.0,-0.0986,-2.9944,4.69,3.2709,42.9291,0,0,0,[],[],False,True,False,有效,1.0
600602,云赛智联,观察,增速观察,40.1622,41.5552,28.4402,59.4272,,-7.98,7.2099,-19.6856,11.952,66.6667,-0.0222,-0.6288,2.0674,3.9958,40.5728,0,0,0,[],[],False,True,False,有效,1.0
001382,新亚电缆,观察,增速观察,40.1466,38.7318,24.3161,76.0521,,2.7002,-19.1485,-1.3045,6.424,33.3333,-0.0447,-1.566,2.72,2.8555,23.9479,0,0,0,[],[],False,True,False,有效,1.0
002244,滨江集团,观察,增速观察,40.1345,23.4609,71.4006,27.6233,,-29.3475,-16.3011,-49.211,0.568,33.3333,0.1724,3.5693,5.13,7.4762,72.3767,0,0,0,[],[],False,False,True,有效,1.0
600059,古越龙山,观察,增速观察,40.1271,35.1081,22.7182,90.0018,,-11.8909,1.3833,-6.4456,-6.7566,50.0,-0.3941,-3.3881,1.55,11.588,9.9982,0,0,0,[],[],False,True,False,有效,1.0
603160,汇顶科技,观察,增速观察,40.0884,20.4285,45.5332,88.1787,,-8.3738,-41.5927,-16.6178,-80.2544,50.0,0.0402,0.3299,2.7,12.1923,11.8213,0,0,0,[],[],False,False,False,有效,1.0
002402,和而泰,观察,增速观察,40.0838,33.7961,44.5145,50.0854,,4.3082,-32.2259,-6.6959,-114.3428,83.3333,0.0388,0.92,3.41,4.8528,49.9146,0,0,0,[],[],False,False,False,有效,1.0
600021,上海电力,观察,增速观察,40.0553,19.3748,75.9845,30.2387,,-11.8763,-47.546,-9.8275,-82.8053,50.0,0.2858,5.1493,3.93,10.8513,69.7613,0,0,0,[],[],False,False,False,有效,1.0
601111,中国国航,基础数据不足,反转/低基数,40.0273,55.349,28.9939,16.1294,,10.538,-26.5947,7.6671,619.4465,66.6667,0.1531,-5.9787,-5.17,-3.8374,83.8706,0,0,0,[],[],True,True,True,基础数据不足,1.0
601015,陕西黑猫,基础数据不足,反转/低基数,39.9983,54.7713,20.296,35.0838,,-3.4877,20.7849,27.0214,22.3871,16.6667,0.0153,-0.2109,-7.42,-9.3139,64.9162,0,0,0,[],[],True,True,False,基础数据不足,1.0
603218,日月股份,观察,增速观察,39.9759,17.2349,56.6599,74.8308,,-20.7944,-42.7926,-54.008,-31.4969,50.0,0.1405,2.2139,1.55,5.9988,25.1692,0,0,0,[],[],False,False,False,有效,1.0
601966,玲珑轮胎,观察,增速观察,39.9454,29.7688,50.6064,49.1532,,7.8006,-88.128,-3.915,-66.2442,66.6667,0.1034,12.9769,0.44,0.7966,50.8468,0,0,0,[],[],False,False,False,有效,1.0
002429,兆驰股份,观察,增速观察,39.9115,43.1137,24.021,62.086,,8.217,-40.8617,20.6106,-22.1913,50.0,-0.0711,-1.6686,2.24,4.8689,37.914,0,0,0,[],[],False,True,False,有效,1.0
002044,美年健康,基础数据不足,增速观察,39.8559,45.5996,27.8435,46.6496,,-6.4468,17.6065,-3.2468,16.5119,33.3333,-0.1115,2.3511,-2.24,-4.9861,53.3504,0,0,0,[],[],False,True,False,基础数据不足,1.0
601019,山东出版,观察,增速观察,39.7936,32.1787,35.0263,72.173,,-8.0886,-4.7165,-3.486,2.8486,0.0,-0.1233,-0.8896,4.06,13.8133,27.827,0,0,0,[],[],False,True,False,有效,1.0
002233,塔牌集团,观察,增速观察,39.7527,14.889,51.6398,90.5694,,-15.2999,-49.5976,-11.3111,-67.4678,16.6667,0.0982,0.779,1.84,12.8106,9.4306,0,0,0,[],[],False,False,False,有效,1.0
601399,国机重装,观察,持续成长,39.7169,50.969,19.5104,46.3732,,1.9178,8.1153,-7.5597,0.781,100.0,-0.1426,-3.9359,1.75,3.8639,53.6268,0,0,0,[],[],False,True,False,有效,1.0
002782,可立克,观察,增速观察,39.7029,30.5552,51.7042,43.1435,,5.3253,-52.3663,-12.5473,-82.5432,83.3333,0.0643,2.5173,3.21,2.5013,56.8565,0,0,0,[],[],False,False,False,有效,1.0
002096,易普力,观察,增速观察,39.6956,24.5445,48.0417,68.4565,,-15.8131,-19.8681,-30.8585,-31.0301,66.6667,0.0469,0.568,3.99,9.0121,31.5435,0,0,0,[],[],False,False,False,有效,1.0
600556,天下秀,基础数据不足,增速观察,39.6486,37.3694,28.7651,68.2534,,22.1267,-288.1444,26.1193,-248.0927,16.6667,-0.2973,9.7817,-1.81,-3.2329,31.7466,0,0,0,[],[],False,True,False,基础数据不足,1.0
601026,道生天合,观察,持续成长,39.6074,45.0449,23.2791,55.9514,,0.8381,3.5546,-7.1146,-27.3286,100.0,-0.1677,-3.3754,3.37,4.8802,44.0486,0,0,0,[],[],False,True,False,有效,1.0
600787,中储股份,观察,增速观察,39.5571,45.3983,19.946,61.2557,,25.8295,-54.8327,19.8904,-71.8525,50.0,-0.0289,-5.7161,1.3386,0.7221,38.7443,0,0,0,[],[],False,True,False,有效,1.0
601068,中铝国际,观察,增速观察,39.5021,41.2129,45.3111,22.7516,,-6.7068,4.3835,-2.7763,-12.0866,66.6667,0.0319,2.6936,2.1,1.6063,77.2484,0,0,0,[],[],False,False,True,有效,1.0
600743,华远控股,基础数据不足,反转/低基数,39.4489,51.8329,23.5846,34.0255,,1.2019,6.0867,94.3884,-86.3872,66.6667,0.0447,-0.318,-3.82,-14.0432,65.9745,0,0,0,[],[],True,True,False,基础数据不足,1.0
603589,口子窖,观察,增速观察,39.4351,27.7147,35.5744,82.3174,,-22.8859,-48.9745,10.7668,10.3478,16.6667,-0.1315,-0.7032,3.46,18.6938,17.6826,0,0,0,[],[],False,True,False,有效,1.0
600268,国电南自,观察,增速观察,39.4222,44.0967,31.2143,41.8148,,-7.8156,22.01,-14.6163,-18.9411,83.3333,-0.1389,-2.8293,5.06,8.6395,58.1852,0,0,0,[],[],False,True,False,有效,1.0
000915,华特达因,观察,增速观察,39.3435,16.5078,47.6597,91.2185,,-27.5209,-33.7971,-31.9198,-37.5767,33.3333,-0.0957,-0.3633,7.52,47.5134,8.7815,0,0,0,[],[],False,True,False,有效,1.0
001308,康冠科技,加速/反转观察,加速成长,39.3349,44.5273,26.0106,50.4062,,2.1649,-18.0834,9.3118,21.2704,33.3333,-0.1043,-2.3478,3.94,4.4909,49.5938,0,0,0,[],[],False,True,False,有效,1.0
002536,飞龙股份,观察,增速观察,39.3307,31.5694,43.0223,55.2315,,2.0349,-64.0227,5.808,-60.1697,50.0,0.057,1.6614,0.26,3.3197,44.7685,0,0,0,[],[],False,False,False,有效,1.0
000913,钱江摩托,观察,增速观察,39.2954,20.9916,60.699,51.3994,,-11.2955,-62.4311,-1.0728,-106.8207,50.0,0.1744,4.6992,1.88,3.5226,48.6006,0,0,0,[],[],False,False,False,有效,1.0
000912,泸天化,观察,增速观察,39.2704,20.165,51.8666,71.3946,,-8.0336,-75.8275,3.304,-126.0545,16.6667,0.1321,34.9084,0.13,0.3616,28.6054,0,0,0,[],[],False,False,False,有效,1.0
605339,南侨食品,观察,增速观察,39.2644,20.6753,45.6424,82.2758,,-5.6809,-92.7868,-2.6869,-12.9802,16.6667,0.0587,33.2062,0.08,0.1769,17.7242,0,0,0,[],[],False,False,False,有效,1.0
002301,齐心集团,观察,增速观察,39.2323,36.6331,45.234,35.0263,,0.8086,-12.2514,-4.1757,-40.6408,66.6667,0.0348,2.178,2.46,1.6583,64.9737,0,0,0,[],[],False,False,False,有效,1.0
600032,浙江新能,观察,增速观察,39.1763,19.2581,71.6744,33.9351,,-9.3608,-46.5423,-7.6444,-35.8497,16.6667,0.583,8.3206,1.21,8.4074,66.0649,0,0,0,[],[],False,False,False,有效,1.0
600391,航发科技,观察,增速观察,39.098,29.5873,55.0556,35.7146,,2.6535,-40.8135,-9.6213,-29.3075,50.0,0.1303,36.7056,0.34,3.207,64.2854,0,0,0,[],[],False,False,False,有效,1.0
002960,青鸟智控,观察,增速观察,39.0642,31.0101,38.2982,64.7583,,-6.0125,-12.538,-1.4288,-3.0699,0.0,0.0168,0.2448,2.16,8.0946,35.2417,0,0,0,[],[],False,False,False,有效,1.0
603977,国泰集团,观察,增速观察,39.0525,43.0542,24.2943,56.5638,,9.1078,-19.2124,8.8467,-58.759,50.0,-0.2144,-2.5278,2.83,8.1782,43.4362,0,0,0,[],[],False,True,False,有效,1.0
603323,苏农银行,观察,持续成长,39.0125,50.1334,37.6855,8.3034,,0.9978,3.0156,0.0813,-2.0378,100.0,-1.5953,-3.027,6.23,52.7093,91.6966,0,0,0,[],[],False,True,True,有效,1.0
603355,莱克电气,观察,增速观察,38.9156,29.068,56.2907,33.7084,,-2.5959,-45.8043,-3.6424,-10.7677,50.0,0.0936,1.8805,3.97,4.9983,66.2916,0,0,0,[],[],False,False,False,有效,1.0
003004,声迅股份,基础数据不足,反转/低基数,38.8856,47.3092,19.1405,53.1052,,36.0328,-42.8225,11.4477,-120.1245,66.6667,-0.123,0.8322,-2.1,-14.7154,46.8948,0,0,0,[],[],True,True,False,基础数据不足,1.0
600905,三峡能源,观察,增速观察,38.8827,19.2093,74.0908,27.4868,,-9.3597,-68.0488,-4.9258,-28.8458,16.6667,0.6559,7.1888,1.36,11.1475,72.5132,0,0,0,[],[],False,False,True,有效,1.0
000400,许继电气,观察,增速观察,38.8783,38.7349,32.7411,51.583,,1.21,-34.3954,13.4823,-38.8975,66.6667,-0.0476,-0.7475,3.4,7.3646,48.417,0,0,0,[],[],False,True,False,有效,1.0
600088,中视传媒,基础数据不足,反转/低基数,38.8628,33.4725,25.9835,80.792,,8.5585,-235.4877,17.3515,-94.5339,33.3333,-0.7678,7.0558,-2.18,-10.9105,19.208,0,0,0,[],[],True,True,False,基础数据不足,1.0
601098,中南传媒,观察,增速观察,38.833,30.118,39.3055,64.0328,,-8.2425,-8.2463,-2.0784,-24.4427,16.6667,-0.1309,-0.8205,5.65,16.5482,35.9672,0,0,0,[],[],False,True,False,有效,1.0
000948,南天信息,加速/反转观察,反转/低基数,38.832,59.8681,10.9731,31.4417,,-8.169,362.2623,-14.0217,430.5924,50.0,-0.3714,-119.0451,0.48,0.2926,68.5583,0,0,0,[],[],True,True,False,有效,1.0
002896,中大力德,观察,增速观察,38.8175,42.236,23.044,60.1089,,15.607,-40.0896,8.9957,-26.5206,33.3333,-0.0947,-2.0334,2.3,4.6527,39.8911,0,0,0,[],[],False,True,False,有效,1.0
002478,常宝股份,观察,增速观察,38.7934,29.6938,37.5475,68.5841,,2.1325,-47.2995,-1.3127,-23.3421,33.3333,0.0232,0.4957,2.21,4.6787,31.4159,0,0,0,[],[],False,False,False,有效,1.0
600326,西藏天路,基础数据不足,反转/低基数,38.7797,38.8607,32.4631,51.1698,,-14.2545,23.2247,-27.408,-22.2785,66.6667,0.2104,-2.9591,-2.2,-8.548,48.8302,0,0,0,[],[],True,True,False,基础数据不足,1.0
600332,白云山,观察,增速观察,38.7763,35.4511,39.5335,47.2378,,0.6129,-16.7011,-2.9385,-21.9072,50.0,-0.0064,-0.1288,5.4,5.1288,52.7622,0,0,0,[],[],False,True,False,有效,1.0
600195,中牧股份,观察,增速观察,38.7704,42.0312,18.3851,69.7583,,13.5366,-39.0352,10.4222,-180.7188,66.6667,-0.0764,-4.8571,0.88,2.2785,30.2417,0,0,0,[],[],False,True,False,有效,1.0
002153,石基信息,加速/反转观察,反转/低基数,38.7452,37.4819,18.8159,82.3939,,1.5639,-23.3927,6.9109,-39.8304,50.0,-0.0747,-3.6914,0.38,3.3489,17.6061,0,0,0,[],[],True,True,False,有效,1.0
000928,中钢国际,观察,增速观察,38.7371,46.8136,29.2511,33.4796,,-1.0587,-6.1787,20.0918,35.7247,16.6667,-0.1028,-1.7227,4.65,6.1756,66.5204,0,0,0,[],[],False,True,False,有效,1.0
600903,贵州燃气,观察,增速观察,38.7136,23.6799,62.2693,36.7036,,-10.7028,-30.5799,-10.1168,-5.9631,16.6667,0.2022,10.0626,2.08,3.1274,63.2964,0,0,0,[],[],False,False,False,有效,1.0
600478,科力远,观察,持续成长,38.7074,58.0304,17.1542,23.8445,,36.1136,10.3183,-9.7803,-69.3238,100.0,-0.1665,-7.3076,1.94,1.848,76.1555,0,0,0,[],[],False,True,True,有效,1.0
603376,大明电子,观察,增速观察,38.6975,17.3194,60.2153,59.7959,,-10.169,-71.464,-24.0851,-59.3261,50.0,0.1811,6.465,1.87,2.8005,40.2041,0,0,0,[],[],False,False,False,有效,1.0
002508,老板电器,观察,增速观察,38.6659,27.8594,38.9184,70.5804,,-13.7848,-18.7462,-4.0049,1.6368,16.6667,-0.0912,-0.6265,4.91,14.4904,29.4196,0,0,0,[],[],False,True,False,有效,1.0
601238,广汽集团,基础数据不足,反转/低基数,38.6611,47.3314,22.4738,45.0244,,9.3812,-75.9818,19.8087,1090.5328,16.6667,-0.154,1.5903,-4.34,-12.8336,54.9756,0,0,0,[],[],True,True,False,基础数据不足,1.0
000756,新华制药,观察,增速观察,38.5995,28.5058,42.7007,60.6782,,-6.0631,-33.3528,-9.4697,4.9718,33.3333,0.0369,1.077,2.81,3.3954,39.3218,0,0,0,[],[],False,False,False,有效,1.0
603312,西典新能,观察,增速观察,38.589,19.7563,52.0209,68.2232,,-14.4847,-39.7271,-43.0009,-54.2237,66.6667,0.0666,0.9465,4.59,7.039,31.7768,0,0,0,[],[],False,False,False,有效,1.0
600449,宁夏建材,观察,增速观察,38.5821,18.5682,46.5424,82.7033,,-37.9538,-45.2858,2.263,-20.7196,0.0,0.068,1.8662,0.78,3.8819,17.2967,0,0,0,[],[],False,False,False,有效,1.0
600894,广日股份,观察,增速观察,38.5494,29.6503,39.3385,63.6685,,0.1115,-41.0643,0.3105,-25.9899,33.3333,0.0358,0.8495,1.49,4.346,36.3315,0,0,0,[],[],False,False,False,有效,1.0
603219,富佳股份,观察,增速观察,38.4866,20.6289,57.3797,54.2733,,-5.8048,-59.708,-24.141,-18.7816,33.3333,0.1436,6.5843,1.88,2.0124,45.7267,0,0,0,[],[],False,False,False,有效,1.0
002258,利尔化学,观察,增速观察,38.4731,35.3747,35.2197,54.2751,,6.8574,-7.769,-16.3528,-130.1031,50.0,-0.0073,-0.1403,3.13,6.1096,45.7249,0,0,0,[],[],False,True,False,有效,1.0
000993,闽东电力,观察,增速观察,38.4575,17.2128,54.0457,71.015,,-17.6525,-58.6803,-16.9047,6.5482,0.0,0.127,1.0253,1.14,12.6329,28.985,0,0,0,[],[],False,False,False,有效,1.0
600335,国机汽车,观察,增速观察,38.399,51.0472,22.8461,31.5604,,-8.7135,21.0779,6.5694,13.6956,50.0,-0.0301,-1.7923,2.21,1.7312,68.4396,0,0,0,[],[],False,True,False,有效,1.0
603063,禾望电气,观察,增速观察,38.3813,20.0916,55.6007,58.8114,,-8.4294,-35.5618,-20.0715,-56.0903,33.3333,0.106,1.17,2.97,9.8616,41.1886,0,0,0,[],[],False,False,False,有效,1.0
603211,晋拓股份,观察,增速观察,38.3598,43.4316,22.0837,55.6967,,18.3618,-44.1873,9.1929,-81.6448,66.6667,-0.0285,-1.117,1.46,2.4293,44.3033,0,0,0,[],[],False,True,False,有效,1.0
600055,万东医疗,基础数据不足,反转/低基数,38.3574,32.0901,24.4405,84.9931,,3.7137,-278.694,15.3489,-33.8839,33.3333,-0.238,2.2711,-2.08,-10.3472,15.0069,0,0,0,[],[],True,True,False,基础数据不足,1.0
600073,光明肉业,加速/反转观察,反转/低基数,38.3565,44.6077,26.9403,42.4354,,6.2426,-39.4037,5.5918,121.8936,33.3333,-0.0049,-0.5878,2.27,0.7773,57.5646,0,0,0,[],[],True,True,False,有效,1.0
002075,沙钢股份,观察,增速观察,38.323,33.6074,42.8205,43.4747,,-1.8944,-11.8884,7.0899,-76.3727,16.6667,0.0298,1.4544,2.07,3.5488,56.5253,0,0,0,[],[],False,False,False,有效,1.0
600023,浙能电力,观察,增速观察,38.32,21.6628,54.8368,55.258,,-8.156,-57.2077,1.4501,-54.2154,16.6667,0.1246,2.7003,1.97,3.1714,44.742,0,0,0,[],[],False,False,False,有效,1.0
603279,景津装备,观察,增速观察,38.1374,30.9167,42.5218,51.0305,,-2.4313,-34.6238,2.6556,4.0058,0.0,0.0121,0.155,4.63,7.7755,48.9695,0,0,0,[],[],False,False,False,有效,1.0
600643,爱建集团,加速/反转观察,反转/低基数,38.1277,17.1314,65.9711,45.4298,,-29.0071,-80.9934,-21.8263,180.9553,0.0,0.4918,10.9988,0.27,4.4725,54.5702,0,0,0,[],[],True,False,False,有效,1.0
002959,小熊电器,观察,增速观察,38.1245,21.0207,54.9236,55.8376,,-7.3411,-41.3011,-17.2567,-77.7007,50.0,0.0867,1.6933,3.9,5.0762,44.1624,0,0,0,[],[],False,False,False,有效,1.0
001212,中旗新材,基础数据不足,反转/低基数,38.046,21.9499,38.156,86.1144,,-17.2451,-185.7684,4.3213,18.4265,0.0,0.312,-23.5318,-0.11,-1.5236,13.8856,0,0,0,[],[],True,True,False,基础数据不足,1.0
002931,锋龙股份,基础数据不足,反转/低基数,38.0131,31.16,23.5224,87.5538,,6.4783,-113.1584,2.4214,-507.1478,83.3333,0.0006,-0.0802,-0.21,-0.7543,12.4462,0,0,0,[],[],True,True,False,基础数据不足,1.0
002510,天汽模,观察,增速观察,37.9877,27.4801,52.3411,40.8035,,-4.9486,-56.2364,8.2595,-25.3754,16.6667,0.1263,12.7227,0.38,0.8633,59.1965,0,0,0,[],[],False,False,False,有效,1.0
002965,祥鑫科技,基础数据不足,增速观察,37.9568,36.3064,37.3768,44.068,,19.9359,-117.3314,2.4006,-60.45,50.0,-0.0233,5.1208,-0.46,-0.443,55.932,0,0,0,[],[],False,True,False,基础数据不足,1.0
603269,海鸥股份,观察,持续成长,37.9438,50.4334,23.1226,30.1171,,2.7296,12.7502,-12.6298,-7.8587,100.0,-0.2564,-5.1878,3.8,5.0056,69.8829,0,0,0,[],[],False,True,False,有效,1.0
000039,中集集团,加速/反转观察,加速成长,37.9206,45.587,25.7016,39.3597,,3.7097,-42.1423,15.5594,50.4285,50.0,-0.0071,-0.7574,1.48,1.7398,60.6403,0,0,0,[],[],False,True,False,有效,1.0
603612,索通发展,观察,增速观察,37.894,43.1466,30.6307,36.6626,,25.3722,-22.3657,-3.3033,-196.4582,66.6667,-0.1442,-3.6989,6.87,5.1603,63.3374,0,0,0,[],[],False,True,False,有效,1.0
600821,金开新能,观察,增速观察,37.8673,20.6669,69.5585,26.0865,,-11.9911,-81.6646,-7.548,5.721,33.3333,0.462,9.7007,0.89,7.5524,73.9135,0,0,0,[],[],False,False,True,有效,1.0
002935,天奥电子,观察,增速观察,37.8673,44.7369,16.8544,59.2841,,-4.7611,11.2816,-6.4082,10.3243,50.0,-0.1273,-4.1663,0.57,3.0562,40.7159,0,0,0,[],[],False,True,False,有效,1.0
002221,东华能源,加速/反转观察,反转/低基数,37.8599,55.7544,16.496,26.9043,,-23.7014,224.3792,-12.6726,531.7649,50.0,-0.2466,-14.2298,2.18,1.8363,73.0957,0,0,0,[],[],True,True,True,有效,1.0
601155,新城控股,观察,增速观察,37.8345,38.2315,41.0208,30.2713,,-20.1638,-5.1493,20.2716,4.4582,16.6667,0.0467,0.9713,1.37,4.6755,69.7287,0,0,0,[],[],False,False,False,有效,1.0
002038,双鹭药业,基础数据不足,反转/低基数,37.7862,18.1409,39.3863,93.5218,,-17.5097,-310.722,-11.9412,58.0483,0.0,0.908,-0.8952,-5.05,-101.721,6.4782,0,0,0,[],[],True,True,False,基础数据不足,1.0
600815,厦工股份,基础数据不足,反转/低基数,37.7603,34.8012,25.3115,71.5353,,14.7469,-1622.502,16.4217,-437.2256,33.3333,-0.5688,3.9698,-3.58,-15.1379,28.4647,0,0,0,[],[],True,True,False,基础数据不足,1.0
601166,兴业银行,观察,增速观察,37.6932,42.4467,45.2179,8.3835,,-0.2544,-4.6591,-0.4971,-5.001,66.6667,-0.0663,-0.1777,4.79,37.4988,91.6165,0,0,0,[],[],False,True,True,有效,1.0
603352,至信股份,观察,增速观察,37.681,37.6926,31.7171,49.5744,,16.5553,-42.826,-14.6982,-54.3447,83.3333,0.0033,0.1154,2.27,2.8891,50.4256,0,0,0,[],[],False,False,False,有效,1.0
600570,恒生电子,观察,增速观察,37.6294,34.3537,25.9003,70.9148,,-11.6483,0.0569,0.4796,-17.9557,33.3333,-0.4582,-3.7684,2.65,13.8438,29.0852,0,0,0,[],[],False,True,False,有效,1.0
600373,中文传媒,观察,增速观察,37.6225,38.5404,23.745,62.6242,,-12.3895,-0.7028,4.2492,61.7199,0.0,-0.1747,-1.8706,1.61,10.1791,37.3758,0,0,0,[],[],False,True,False,有效,1.0
002897,意华股份,观察,增速观察,37.5804,23.6351,56.0732,42.4308,,-5.9725,-37.8701,-10.9587,-194.2103,66.6667,0.0942,2.6886,3.53,3.4897,57.5692,0,0,0,[],[],False,False,False,有效,1.0
000917,电广传媒,基础数据不足,增速观察,37.5035,31.3073,32.3731,66.3529,,12.6555,-236.6896,1.5093,-280.1995,50.0,0.1397,-5.5683,-0.54,1.2347,33.6471,0,0,0,[],[],False,True,False,基础数据不足,1.0
600983,惠而浦,观察,增速观察,37.417,21.2959,57.5302,45.5541,,-12.4953,-17.7908,-35.7205,-175.3433,50.0,0.0857,0.9263,5.78,9.2487,54.4459,0,0,0,[],[],False,False,False,有效,1.0
600400,红豆股份,基础数据不足,反转/低基数,37.4113,44.989,21.3869,46.7269,,-10.7919,2.5889,9.3301,110.6866,16.6667,0.0249,-0.2714,-7.04,-9.1654,53.2731,0,0,0,[],[],True,True,False,基础数据不足,1.0
603270,金帝股份,观察,增速观察,37.3837,47.1068,24.3564,34.2687,,37.2759,-10.8526,-11.7985,-58.7102,66.6667,-0.1244,-2.1057,2.95,5.7252,65.7313,0,0,0,[],[],False,True,False,有效,1.0
605018,长华集团,观察,增速观察,37.3263,20.6442,40.8538,80.3172,,-8.2135,-46.6609,-5.8743,-30.4413,16.6667,0.036,1.7641,0.63,2.0412,19.6828,0,0,0,[],[],False,False,False,有效,1.0
603667,五洲新春,观察,增速观察,37.318,24.055,41.6512,68.4407,,-19.0303,-19.1012,-21.4424,-19.1229,50.0,0.0417,1.0492,1.83,4.1289,31.5593,0,0,0,[],[],False,False,False,有效,1.0
603861,白云电器,观察,增速观察,37.2971,49.0418,19.4031,37.8512,,-0.0817,6.8297,1.0625,2.8178,66.6667,-0.1957,-5.1066,2.15,4.0031,62.1488,0,0,0,[],[],False,True,False,有效,1.0
002639,雪人集团,观察,增速观察,37.297,47.2208,15.7749,50.57,,27.5999,-76.9904,17.0741,-78.4866,83.3333,-0.0769,-15.221,0.24,0.8486,49.43,0,0,0,[],[],False,True,False,有效,1.0
600748,上实发展,基础数据不足,反转/低基数,37.2887,46.9899,20.9978,40.7668,,-17.5844,65.8573,-53.4526,178.0264,33.3333,-0.4996,1.9699,-2.5,-26.3737,59.2332,0,0,0,[],[],True,True,False,基础数据不足,1.0
000544,中原环保,观察,增速观察,37.2798,37.3906,42.3281,26.851,,-2.0133,-6.6435,-3.7881,-10.8078,50.0,-0.1707,-0.6295,6.68,27.5136,73.149,0,0,0,[],[],False,True,True,有效,1.0
002647,仁东控股,加速/反转观察,反转/低基数,37.2519,33.0479,54.2121,15.9432,,6.2328,-85.1248,35.2389,-228.2907,33.3333,0.0339,0.2833,8.65,12.7033,84.0568,0,0,0,[],[],True,False,True,有效,1.0
600468,百利电气,加速/反转观察,反转/低基数,37.2068,43.2581,20.2789,52.9088,,19.4051,-26.7239,6.4316,-208.0953,50.0,-0.1199,-3.5354,2.05,3.3765,47.0912,0,0,0,[],[],True,True,False,有效,1.0
603619,中曼石油,观察,增速观察,37.1507,16.0201,69.5626,35.7185,,-13.8891,-67.026,-8.8347,-37.2243,16.6667,0.2994,5.1596,2.27,6.8192,64.2815,0,0,0,[],[],False,False,False,有效,1.0
603613,国联股份,观察,增速观察,37.1279,34.7122,33.6273,51.3762,,-16.0901,0.8122,-11.2315,9.9338,50.0,-0.0495,-1.4575,7.26,4.1023,48.6238,0,0,0,[],[],False,True,False,有效,1.0
605288,凯迪股份,基础数据不足,增速观察,37.1012,30.1744,26.467,79.1501,,6.1875,-177.5854,5.9503,-147.6432,50.0,0.0941,-2.5162,-1.08,-3.7417,20.8499,0,0,0,[],[],False,True,False,基础数据不足,1.0
601096,宏盛华源,观察,增速观察,37.0835,38.3483,28.1007,51.2548,,-0.3976,-7.4305,5.1651,-68.7117,50.0,-0.0415,-1.1033,3.87,3.7583,48.7452,0,0,0,[],[],False,True,False,有效,1.0
002777,久远银海,观察,增速观察,37.0647,38.0373,18.5969,71.0824,,-0.5543,-10.4313,7.4642,-15.3542,16.6667,-0.3189,-5.1951,1.59,5.7186,28.9176,0,0,0,[],[],False,True,False,有效,1.0
601598,中国外运,观察,增速观察,37.0547,33.1115,33.5773,55.8389,,-8.0563,-11.404,0.2869,-14.0624,33.3333,-0.0185,-0.4975,4.12,4.0271,44.1611,0,0,0,[],[],False,True,False,有效,1.0
002203,海亮股份,观察,增速观察,37.0523,47.8889,21.2494,36.1486,,9.9476,-9.9559,14.7334,-44.0608,50.0,-0.1489,-11.364,3.78,1.6548,63.8514,0,0,0,[],[],False,True,False,有效,1.0
600742,富维股份,观察,增速观察,37.0218,18.0346,60.8236,46.3796,,-23.2266,-28.2841,-24.4058,-19.7051,16.6667,0.1556,5.8428,2.23,3.7883,53.6204,0,0,0,[],[],False,False,False,有效,1.0
600551,时代出版,观察,增速观察,37.0133,30.0466,31.322,69.2962,,-21.5181,-3.3748,-1.5142,-5.9336,16.6667,-0.0597,-0.863,3.35,6.9305,30.7038,0,0,0,[],[],False,True,False,有效,1.0
600048,保利发展,观察,增速观察,37.0062,23.6734,61.4022,28.2126,,-11.9774,-40.8407,-10.8473,38.4702,0.0,0.2387,12.5353,1.0,3.1441,71.7874,0,0,0,[],[],False,False,True,有效,1.0
002987,京北方,观察,增速观察,37.0056,33.5172,21.5983,78.2855,,-1.0453,-16.8463,-5.4213,-21.9048,50.0,-0.237,-5.6027,3.3,4.2298,21.7145,0,0,0,[],[],False,True,False,有效,1.0
603290,斯达半导,观察,增速观察,36.9795,18.7135,54.4351,56.8664,,-0.406,-76.402,-18.7441,-56.2248,16.6667,0.1089,3.2285,0.93,3.388,43.1336,0,0,0,[],[],False,False,False,有效,1.0
601952,苏垦农发,观察,增速观察,36.9457,28.0508,41.9994,53.523,,-5.5936,-32.4827,2.1567,-7.5262,0.0,0.0386,1.1613,2.04,3.6494,46.477,0,0,0,[],[],False,False,False,有效,1.0
600038,中直股份,观察,增速观察,36.9246,20.9217,62.1973,34.3877,,-12.0496,-33.5752,-9.7677,-50.844,33.3333,0.2862,13.7472,1.12,1.9405,65.6123,0,0,0,[],[],False,False,False,有效,1.0
002792,通宇通讯,基础数据不足,增速观察,36.8927,31.2984,23.7574,79.9465,,9.3201,-202.5022,16.3294,-201.8779,16.6667,-0.019,0.4961,-0.79,-3.9863,20.0535,0,0,0,[],[],False,True,False,基础数据不足,1.0
000813,德展健康,基础数据不足,反转/低基数,36.8808,31.466,16.2953,94.2963,,-14.2603,-35.5773,0.6759,1556.5746,0.0,-0.3666,0.8985,-1.26,-52.7981,5.7037,0,0,0,[],[],True,True,False,基础数据不足,1.0
002446,盛路通信,加速/反转观察,反转/低基数,36.8473,20.646,47.5526,64.0405,,-4.334,-36.6692,-15.8445,-145.96,33.3333,0.0784,1.2633,1.44,6.0937,35.9595,0,0,0,[],[],True,False,False,有效,1.0
600808,马钢股份,基础数据不足,反转/低基数,36.8088,39.6184,28.5605,44.8767,,-2.235,6.5278,3.0109,-88.9906,33.3333,0.0998,-53.1605,-0.29,0.1968,55.1233,0,0,0,[],[],True,True,False,基础数据不足,1.0
601801,皖新传媒,观察,增速观察,36.8054,26.9618,39.1817,61.5836,,-15.5032,-27.5275,10.0535,-41.1648,16.6667,-0.0442,-0.3494,4.07,12.6586,38.4164,0,0,0,[],[],False,True,False,有效,1.0
600873,梅花生物,观察,增速观察,36.7808,24.8618,43.7969,58.5054,,-0.3693,-62.5633,3.0636,-82.2848,16.6667,0.0318,0.5879,4.03,5.4095,41.4946,0,0,0,[],[],False,False,False,有效,1.0
600667,太极实业,观察,增速观察,36.7619,32.8937,47.5954,26.6998,,-14.8791,-3.5455,-2.1121,28.2934,0.0,0.0405,1.6884,3.63,2.801,73.3002,0,0,0,[],[],False,False,True,有效,1.0
002214,大立科技,基础数据不足,反转/低基数,36.6636,42.8927,15.2407,60.8222,,1.8032,7.9868,-24.6072,-33.717,83.3333,-0.7628,1.1446,-7.44,-68.5108,39.1778,0,0,0,[],[],True,True,False,基础数据不足,1.0
600343,航天动力,基础数据不足,反转/低基数,36.6235,43.1984,19.7343,50.6774,,-19.9756,22.1982,-8.9729,25.0552,50.0,-0.3462,1.5956,-4.4894,-24.0667,49.3226,0,0,0,[],[],True,True,False,基础数据不足,1.0
600755,厦门国贸,观察,增速观察,36.4991,55.0069,14.3185,25.3371,,29.3724,-18.5013,34.2598,0.1357,16.6667,-0.1455,-66.9836,1.08,0.1926,74.6629,0,0,0,[],[],False,True,True,有效,1.0
600977,中国电影,基础数据不足,增速观察,36.4958,33.7309,28.0994,61.583,,-11.9346,0.2845,-17.5847,17.3101,33.3333,-0.3633,4.9901,-1.0,-7.2533,38.417,0,0,0,[],[],False,True,False,基础数据不足,1.0
600131,国网信通,观察,增速观察,36.4876,34.3179,31.3844,53.2031,,-2.5931,-12.9746,-4.5865,6.4921,16.6667,-0.0644,-0.9563,3.54,7.0276,46.7969,0,0,0,[],[],False,True,False,有效,1.0
603299,苏盐井神,观察,增速观察,36.4633,27.9009,37.7071,59.6628,,-7.1221,-49.2138,8.556,-17.1078,16.6667,0.0106,0.1333,2.44,8.1432,40.3372,0,0,0,[],[],False,False,False,有效,1.0
600998,九州通,观察,增速观察,36.4543,44.8902,26.6358,30.7837,,7.6111,-16.9479,1.3004,-6.8766,66.6667,-0.0319,-2.3162,4.22,1.3664,69.2163,0,0,0,[],[],False,True,False,有效,1.0
600580,卧龙电驱,观察,增速观察,36.4247,25.8938,47.7804,45.3063,,-7.0211,-34.5492,-2.1371,-76.5925,50.0,0.0567,1.2042,3.2,4.7343,54.6937,0,0,0,[],[],False,False,False,有效,1.0
603123,翠微股份,基础数据不足,反转/低基数,36.389,48.258,23.6172,26.3256,,-13.6815,64.4506,-17.7642,34.4368,50.0,0.0817,-1.0963,-4.44,-7.5189,73.6744,0,0,0,[],[],True,True,True,基础数据不足,1.0
000767,晋控电力,加速/反转观察,反转/低基数,36.3598,31.1005,53.1451,18.567,,-2.3154,-16.4398,4.9221,-527.9603,33.3333,0.1388,8.3968,0.17,1.1884,81.433,0,0,0,[],[],True,False,True,有效,1.0
600733,北汽蓝谷,基础数据不足,反转/低基数,36.3391,55.2536,16.9666,18.3406,,21.8563,16.0224,-70.6765,-18.2993,83.3333,-0.1509,0.9029,-39.29,-22.9271,81.6594,0,0,0,[],[],True,True,True,基础数据不足,1.0
601116,三江购物,观察,增速观察,36.3102,24.7444,39.0042,65.6198,,-8.2783,-28.0284,-9.6129,-59.5126,50.0,0.0312,0.8647,1.9855,3.6065,34.3802,0,0,0,[],[],False,False,False,有效,1.0
600496,精工钢构,观察,增速观察,36.3015,40.3945,31.8742,32.8769,,-2.4711,5.1876,-15.1588,-13.0429,66.6667,-0.0273,-0.7185,3.95,3.8072,67.1231,0,0,0,[],[],False,True,False,有效,1.0
002194,武汉凡谷,加速/反转观察,反转/低基数,36.2758,34.6521,13.8249,86.0485,,-5.2935,-31.2255,3.506,90.6539,0.0,-0.105,-59.983,0.05,0.1751,13.9515,0,0,0,[],[],True,True,False,有效,1.0
002827,高争民爆,观察,增速观察,36.2535,22.5999,50.6909,48.3394,,-5.1609,-53.1064,-13.1479,-86.7457,66.6667,0.0713,1.6068,3.02,4.1158,51.6606,0,0,0,[],[],False,False,False,有效,1.0
603985,恒润股份,加速/反转观察,反转/低基数,36.2367,39.8523,21.4661,54.9311,,-9.8059,70.1521,-139.2398,-90.2155,50.0,-0.1074,-2.938,2.07,4.0658,45.0689,0,0,0,[],[],True,True,False,有效,1.0
002099,海翔药业,基础数据不足,反转/低基数,36.1257,34.0188,23.8578,66.9823,,10.5564,-554.3725,14.5684,-626.7962,50.0,0.0372,-0.5935,-1.28,-6.3063,33.0177,0,0,0,[],[],True,True,False,基础数据不足,1.0
603800,洪田股份,基础数据不足,增速观察,36.0649,40.0625,31.8888,32.4247,,-0.9761,-33.0454,20.488,54.539,0.0,0.2414,-1.9551,-5.94,-15.4711,67.5753,0,0,0,[],[],False,True,False,基础数据不足,1.0
603609,禾丰股份,基础数据不足,增速观察,36.0065,32.4666,38.1718,42.2955,,8.9402,-103.6381,-0.9422,-18.9729,50.0,-0.0185,41.4293,-0.13,0.1491,57.7045,0,0,0,[],[],False,True,False,基础数据不足,1.0
603185,弘元绿能,基础数据不足,反转/低基数,35.9934,43.1864,21.8384,42.7245,,32.6494,-128.8819,30.9634,-235.8098,50.0,0.0299,-0.1886,-5.74,-15.8622,57.2755,0,0,0,[],[],True,True,False,基础数据不足,1.0
603737,三棵树,观察,增速观察,35.9926,34.1972,44.3593,24.6456,,3.8337,-30.9171,0.3445,-164.3664,66.6667,0.0015,0.0292,9.92,4.7573,75.3544,0,0,0,[],[],False,False,True,有效,1.0
002324,普利特,观察,增速观察,35.9568,45.3269,21.7021,36.3558,,37.5821,-59.6295,18.5095,-219.9868,50.0,-0.0341,-2.2924,1.79,1.7011,63.6442,0,0,0,[],[],False,True,False,有效,1.0
002256,兆新股份,加速/反转观察,反转/低基数,35.9543,42.4868,12.9937,62.2781,,0.5518,19.9329,-42.8455,-109.7727,83.3333,-0.1951,-11.0832,0.3,1.2884,37.7219,0,0,0,[],[],True,True,False,有效,1.0
600057,厦门象屿,加速/反转观察,加速成长,35.948,45.063,26.1205,28.258,,2.4991,3.2828,-9.3973,12.1513,50.0,-0.0663,-13.0076,5.04,0.7253,71.742,0,0,0,[],[],False,True,True,有效,1.0
002614,奥佳华,基础数据不足,增速观察,35.8037,34.3662,25.9112,59.9014,,16.1396,-373.4742,10.8924,-292.5819,33.3333,0.089,-3.2545,-1.71,-2.781,40.0986,0,0,0,[],[],False,True,False,基础数据不足,1.0
000069,华侨城A,基础数据不足,反转/低基数,35.7588,54.9818,14.9907,19.6264,,15.1498,-21.6162,57.4715,45.7309,16.6667,-0.1579,0.59,-10.53,-33.936,80.3736,0,0,0,[],[],True,True,True,基础数据不足,1.0
002993,奥海科技,观察,增速观察,35.6724,50.4649,11.8551,38.9294,,148.3327,-80.6046,136.9574,-71.4672,66.6667,-0.4719,-81.6133,0.95,1.0083,61.0706,0,0,0,[],[],False,True,False,有效,1.0
000019,深粮控股,观察,增速观察,35.6636,30.7529,29.8916,61.9397,,0.1411,-36.446,-2.281,-11.2104,33.3333,-0.0221,-0.4727,2.22,4.6769,38.0603,0,0,0,[],[],False,True,False,有效,1.0
600167,联美控股,观察,增速观察,35.6329,24.8423,29.9262,79.4183,,-8.5938,-36.3964,-0.8922,-40.4873,33.3333,-0.2111,-1.0976,2.86,18.9296,20.5817,0,0,0,[],[],False,True,False,有效,1.0
603757,大元泵业,观察,增速观察,35.6089,21.2868,38.282,73.2291,,-6.9958,-68.7678,-8.0089,-25.4523,33.3333,0.0319,0.9097,1.49,3.4484,26.7709,0,0,0,[],[],False,False,False,有效,1.0
603858,步长制药,加速/反转观察,反转/低基数,35.5893,20.1717,51.9491,49.1228,,-11.666,-19.9324,-19.5638,-185.0798,33.3333,0.0595,0.5922,4.93,9.2308,50.8772,0,0,0,[],[],True,False,False,有效,1.0
600475,华光环能,观察,增速观察,35.5658,31.3381,40.0348,39.3106,,-18.7847,-1.236,-19.0647,43.7408,16.6667,0.0029,0.0372,3.3,10.1928,60.6894,0,0,0,[],[],False,False,False,有效,1.0
002559,亚威股份,观察,增速观察,35.514,25.664,45.4981,45.096,,-0.8682,-35.8069,-11.9272,-76.6627,50.0,0.0536,1.2008,2.56,3.974,54.904,0,0,0,[],[],False,False,False,有效,1.0
600588,用友网络,基础数据不足,反转/低基数,35.3873,46.7967,16.4501,39.033,,4.0783,1.6966,3.7618,-30.9082,66.6667,-0.2686,1.0783,-13.52,-25.431,60.967,0,0,0,[],[],True,True,False,基础数据不足,1.0
600651,飞乐音响,观察,增速观察,35.3798,11.7068,57.1923,62.7739,,-18.0215,-92.2651,-10.3539,-131.6743,33.3333,0.2349,96.6292,0.07,0.6236,37.2261,0,0,0,[],[],False,False,False,有效,1.0
603248,锡华科技,观察,增速观察,35.2891,26.6238,27.0525,77.7582,,1.4621,-37.3283,-30.8178,-79.1795,66.6667,-0.1226,-1.2137,2.54,10.1048,22.2418,0,0,0,[],[],False,True,False,有效,1.0
002419,天虹股份,观察,增速观察,35.258,26.7746,57.2099,16.8041,,-4.2369,-26.2678,-2.3121,-34.701,16.6667,0.1117,5.6693,2.8,1.9754,83.1959,0,0,0,[],[],False,False,True,有效,1.0
601118,海南橡胶,基础数据不足,反转/低基数,35.2574,44.4772,24.4035,29.3055,,-25.4,25.8839,-25.9547,225.5377,50.0,0.0665,-7.7128,-1.31,-1.7755,70.6945,0,0,0,[],[],True,True,True,基础数据不足,1.0
000751,锌业股份,加速/反转观察,反转/低基数,35.2261,45.4264,21.4478,32.1817,,12.5973,3.1664,-6.1587,-217.0194,66.6667,-0.0176,-2.7352,1.77,0.644,67.8183,0,0,0,[],[],True,True,False,有效,1.0
600962,国投中鲁,观察,增速观察,35.1876,12.7278,62.4714,47.9994,,-12.365,-92.7387,-12.2137,-132.6233,33.3333,0.6064,293.981,0.19,0.6767,52.0006,0,0,0,[],[],False,False,False,有效,1.0
605167,利柏特,观察,增速观察,35.1872,22.5635,38.6575,66.1174,,-33.9966,-22.968,-9.0495,-13.8414,33.3333,-0.0366,-0.3713,4.5,9.8523,33.8826,0,0,0,[],[],False,True,False,有效,1.0
002190,成飞集成,基础数据不足,反转/低基数,35.1815,33.9145,24.0022,61.3413,,10.8038,-294.8263,13.2916,-336.2973,50.0,-0.051,0.9512,-1.65,-5.3046,38.6587,0,0,0,[],[],True,True,False,基础数据不足,1.0
600456,宝钛股份,观察,增速观察,35.1582,39.1969,25.2343,42.8897,,1.1704,-29.1049,9.1728,1.3482,33.3333,-0.0595,-1.2264,2.0112,6.1981,57.1103,0,0,0,[],[],False,True,False,有效,1.0
000032,深桑达A,基础数据不足,反转/低基数,35.1551,41.6869,34.0235,17.8228,,3.5371,-113.7697,30.5726,24.7682,50.0,-0.062,7.2127,-2.83,-0.8209,82.1772,0,0,0,[],[],True,True,True,基础数据不足,1.0
600246,万通发展,基础数据不足,反转/低基数,35.1075,38.805,14.8323,64.5654,,22.4943,-664.2272,28.8888,-620.9546,33.3333,-0.9486,1.0136,-4.68,-121.2912,35.4346,0,0,0,[],[],True,True,False,基础数据不足,1.0
002527,新时达,基础数据不足,反转/低基数,35.0599,36.5432,34.3203,32.0892,,15.0007,-704.5374,9.7152,-806.4493,66.6667,-0.0142,2.38,-0.9,-0.5015,67.9108,0,0,0,[],[],True,True,False,基础数据不足,1.0
002152,广电运通,观察,增速观察,35.0554,33.3025,27.2846,55.8554,,-2.8575,-9.1584,-13.7975,-2.7472,33.3333,-0.1827,-2.2119,3.38,9.9055,44.1446,0,0,0,[],[],False,True,False,有效,1.0
601519,大智慧,基础数据不足,反转/低基数,35.0292,26.5355,28.5501,73.4682,,6.7756,-707.8324,-0.4507,-785.9586,50.0,-0.2282,3.2943,-2.15,-6.9185,26.5318,0,0,0,[],[],True,True,False,基础数据不足,1.0
000766,通化金马,观察,增速观察,35.0262,19.9252,50.5664,49.2489,,-14.2806,-57.7206,-2.7423,-18.472,16.6667,0.1015,7.9607,0.31,1.2581,50.7511,0,0,0,[],[],False,False,False,有效,1.0
000411,英特集团,观察,增速观察,35.0045,40.6776,26.2094,35.5758,,3.1525,-21.4539,2.1707,-16.8329,66.6667,-0.0172,-1.5089,3.62,1.4173,64.4242,0,0,0,[],[],False,True,False,有效,1.0
002051,中工国际,观察,增速观察,34.9303,41.1518,19.3581,47.4104,,5.4356,-26.4037,10.6822,-13.3721,33.3333,-0.0686,-2.6599,1.12,2.5241,52.5896,0,0,0,[],[],False,True,False,有效,1.0
001223,欧克科技,观察,增速观察,34.9032,21.6913,32.4063,79.5326,,0.2642,-74.6025,-119.742,-93.7584,66.6667,0.0065,0.1682,0.92,5.7677,20.4674,0,0,0,[],[],False,False,False,有效,1.0
002097,山河智能,观察,增速观察,34.7502,34.5224,40.4849,23.9644,,7.2263,-74.6632,4.5392,-89.9604,66.6667,0.0112,3.2338,0.27,0.045,76.0356,0,0,0,[],[],False,False,True,有效,1.0
603286,日盈电子,基础数据不足,反转/低基数,34.7098,38.3332,25.2192,42.8204,,-0.735,-37.816,-8.0204,528.7694,50.0,-0.0629,1.3181,-3.01,-4.7721,57.1796,0,0,0,[],[],True,True,False,基础数据不足,1.0
002865,钧达股份,基础数据不足,反转/低基数,34.6799,45.6733,24.2731,22.5133,,-13.1771,4.0275,10.1806,143.5397,16.6667,-0.1856,2.3325,-6.71,-8.0566,77.4867,0,0,0,[],[],True,True,True,基础数据不足,1.0
600704,物产中大,观察,增速观察,34.6659,40.7761,29.0736,27.5201,,0.4641,-2.6949,0.974,-20.3713,50.0,-0.01,-1.4569,4.75,1.0304,72.4799,0,0,0,[],[],False,True,True,有效,1.0
603200,上海洗霸,基础数据不足,增速观察,34.5911,28.2633,29.9532,62.8504,,3.9849,-106.1313,5.3905,-215.5712,50.0,-0.1909,6.7709,-0.6,-6.5491,37.1496,0,0,0,[],[],False,True,False,基础数据不足,1.0
603391,力聚热能,观察,增速观察,34.5731,19.629,40.5736,67.4043,,-15.8414,-37.5999,-22.7235,-15.2013,33.3333,0.0333,0.3455,1.44,9.6362,32.5957,0,0,0,[],[],False,False,False,有效,1.0
600273,嘉化能源,观察,增速观察,34.5505,24.5683,31.3049,70.9884,,0.5962,-62.3019,-10.6117,-60.3162,50.0,-0.0087,-0.1995,2.15,4.3463,29.0116,0,0,0,[],[],False,True,False,有效,1.0
600502,安徽建工,观察,增速观察,34.5493,50.7229,20.1034,14.9206,,1.6656,2.0825,15.4518,-11.3695,66.6667,-0.1469,-7.9893,2.73,2.6752,85.0794,0,0,0,[],[],False,True,True,有效,1.0
002928,华夏航空,观察,增速观察,34.5459,25.8162,57.0517,15.7236,,3.2945,-82.6399,-8.064,-216.2121,83.3333,0.1803,15.4381,1.12,1.1676,84.2764,0,0,0,[],[],False,False,True,有效,1.0
000063,中兴通讯,观察,增速观察,34.4975,35.2235,34.6264,32.0616,,9.046,-45.5702,-1.3389,-12.2513,33.3333,-0.0016,-0.046,3.65,3.5694,67.9384,0,0,0,[],[],False,True,False,有效,1.0
601860,紫金银行,观察,增速观察,34.4788,43.8119,34.1617,7.1137,,-7.9373,3.3331,-0.2148,26.6815,50.0,-4.7037,-10.9886,4.54,42.8053,92.8863,0,0,0,[],[],False,True,True,有效,1.0
601567,三星电气,观察,增速观察,34.4505,22.6338,43.8792,51.0434,,-8.9049,-55.612,-7.2631,-11.994,33.3333,0.0195,0.2589,4.69,7.5238,48.9566,0,0,0,[],[],False,False,False,有效,1.0
600420,国药现代,观察,增速观察,34.3889,16.15,37.824,82.2355,,-19.222,-58.9944,-4.8271,-45.8883,16.6667,0.0123,0.1752,1.99,9.2187,17.7645,0,0,0,[],[],False,False,False,有效,1.0
600603,广汇物流,观察,增速观察,34.3327,13.2536,62.4738,41.288,,-24.7061,-95.0779,2.8258,-67.4012,0.0,0.5371,44.8974,0.17,1.0634,58.712,0,0,0,[],[],False,False,False,有效,1.0
002139,拓邦股份,观察,增速观察,34.3314,35.8363,26.0334,46.4127,,5.5698,-60.9782,0.0372,-15.1709,66.6667,-0.0174,-0.7854,1.86,2.2152,53.5873,0,0,0,[],[],False,True,False,有效,1.0
603990,麦迪科技,加速/反转观察,反转/低基数,34.2871,24.5332,30.9529,70.2174,,-8.9046,-76.584,26.1311,-190.5954,16.6667,-0.0028,-0.052,0.79,6.0465,29.7826,0,0,0,[],[],True,True,False,有效,1.0
002029,七匹狼,基础数据不足,增速观察,34.1801,28.6675,23.7084,71.6611,,2.9266,-117.0141,7.2755,-133.9198,50.0,0.0514,-2.6635,-0.41,-1.5127,28.3389,0,0,0,[],[],False,True,False,基础数据不足,1.0
600372,中航机载,观察,增速观察,34.1179,36.6797,22.6442,49.3795,,-1.8847,-5.2596,-3.276,-7.8153,33.3333,-0.1068,-1.9296,1.58,6.5531,50.6205,0,0,0,[],[],False,True,False,有效,1.0
603927,中科软,加速/反转观察,加速成长,34.1059,42.3257,18.6056,40.4471,,0.0597,-15.5951,5.4925,21.3411,33.3333,-0.4436,-11.9585,2.79,3.7095,59.5529,0,0,0,[],[],False,True,False,有效,1.0
002515,金字火腿,基础数据不足,增速观察,34.1036,17.6732,27.4795,96.6432,,-9.2593,-135.4649,-1.4258,-76.1626,33.3333,0.1043,-1.9763,-0.31,-5.2674,3.3568,0,0,0,[],[],False,True,False,基础数据不足,1.0
600850,电科数字,观察,增速观察,34.0703,44.7314,14.5761,41.0756,,7.2293,-36.5399,6.9074,3.7375,66.6667,-0.21,-16.0098,1.4,1.095,58.9244,0,0,0,[],[],False,True,False,有效,1.0
002537,海联金汇,加速/反转观察,反转/低基数,33.9702,27.4934,35.9589,49.4229,,-16.9245,5.5799,-8.8735,-505.4048,33.3333,0.0095,0.2035,2.97,4.6482,50.5771,0,0,0,[],[],True,False,False,有效,1.0
603598,引力传媒,加速/反转观察,反转/低基数,33.8788,43.8062,30.0596,11.7351,,6.3474,10.0464,-25.3634,-184.5396,83.3333,-0.0528,-14.5611,7.9,0.3629,88.2649,0,0,0,[],[],True,True,True,有效,1.0
600410,华胜天成,基础数据不足,增速观察,33.834,33.4288,25.8251,51.0675,,10.5706,-275.3049,1.4786,-290.1139,83.3333,0.0941,-0.9603,-5.71,-13.5635,48.9325,0,0,0,[],[],False,True,False,基础数据不足,1.0
600589,大位科技,基础数据不足,反转/低基数,33.7687,42.3701,30.5607,14.3803,,26.0568,-202.3122,18.4715,-215.6449,66.6667,0.1549,-0.576,-11.28,-26.6867,85.6197,0,0,0,[],[],True,True,True,基础数据不足,1.0
002941,新疆交建,观察,增速观察,33.7638,43.5316,21.548,28.8922,,35.3682,-28.5172,-2.0624,-76.2987,50.0,-0.5394,-10.1631,3.8,5.1792,71.1078,0,0,0,[],[],False,True,True,有效,1.0
000932,华菱钢铁,观察,增速观察,33.759,23.4521,44.782,42.6335,,-2.9893,-87.1115,12.9525,-115.6018,16.6667,0.0372,10.0512,0.41,0.937,57.3665,0,0,0,[],[],False,False,False,有效,1.0
002093,国脉科技,基础数据不足,增速观察,33.7488,21.3711,26.2805,85.8187,,-1.5651,-127.408,-8.6506,-132.1911,66.6667,-0.5518,3.2721,-1.08,-16.8629,14.1813,0,0,0,[],[],False,True,False,基础数据不足,1.0
000881,中广核技,基础数据不足,反转/低基数,33.7487,34.6189,22.27,54.0954,,-1.6499,-21.7576,8.3216,-42.4866,33.3333,0.0251,-0.5263,-2.44,-5.5174,45.9046,0,0,0,[],[],True,True,False,基础数据不足,1.0
002400,省广集团,观察,增速观察,33.7283,46.2802,13.3897,36.7497,,19.9407,-42.5005,16.5736,-31.6408,50.0,-0.1643,-52.2433,0.7,0.3333,63.2503,0,0,0,[],[],False,True,False,有效,1.0
002410,广联达,观察,增速观察,33.7228,27.7653,27.1832,64.6744,,-6.1183,-15.532,-3.9519,-77.3031,33.3333,-0.1345,-1.755,3.3,8.4941,35.3256,0,0,0,[],[],False,True,False,有效,1.0
002131,利欧股份,加速/反转观察,反转/低基数,33.7151,33.535,19.4394,62.8068,,5.7398,-71.0737,11.0305,-184.0878,50.0,-0.04,-2.9472,1.06,1.1534,37.1932,0,0,0,[],[],True,True,False,有效,1.0
600330,天通股份,基础数据不足,反转/低基数,33.6987,30.2772,21.9358,67.4892,,10.7514,-636.6743,6.5333,-350.5039,33.3333,0.0237,-0.1475,-3.689,-16.3291,32.5108,0,0,0,[],[],True,True,False,基础数据不足,1.0
002730,电光科技,观察,增速观察,33.6617,31.4369,25.5145,56.6305,,-4.7321,-17.9154,-3.0497,11.0552,0.0,-0.1085,-1.5074,2.34,7.8912,43.3695,0,0,0,[],[],False,True,False,有效,1.0
600895,张江高科,观察,增速观察,33.6266,39.8791,24.2237,33.675,,8.614,-10.7631,-102.233,-11.1397,66.6667,-0.6067,-3.4083,2.31,13.1044,66.325,0,0,0,[],[],False,True,False,有效,1.0
002761,浙江建投,观察,增速观察,33.6103,50.0111,20.9966,9.6354,,-9.6022,49.2661,-10.1782,38.2579,50.0,-0.0632,-9.1903,2.68,0.7374,90.3646,0,0,0,[],[],False,True,True,有效,1.0
002106,莱宝高科,观察,增速观察,33.5675,22.316,40.9271,52.6028,,-8.7563,-47.6715,-10.3114,-13.1297,33.3333,0.0394,1.1887,1.7,3.119,47.3972,0,0,0,[],[],False,False,False,有效,1.0
603363,傲农生物,基础数据不足,增速观察,33.5216,37.1064,25.9449,37.9206,,14.2539,-152.6131,17.5397,-66.0113,33.3333,-0.0727,1.7311,-6.25,-6.0098,62.0794,0,0,0,[],[],False,True,False,基础数据不足,1.0
600916,中国黄金,观察,增速观察,33.4466,29.6116,25.0848,61.6749,,-19.933,-12.3534,-35.409,53.991,33.3333,-0.0376,-3.35,3.84,0.9071,38.3251,0,0,0,[],[],False,True,False,有效,1.0
600744,华银电力,加速/反转观察,反转/低基数,33.4372,18.0927,69.5839,7.1773,,-7.7037,-74.9813,-4.3032,-247.3532,33.3333,0.4635,34.0988,3.57,1.8623,92.8227,0,0,0,[],[],True,False,True,有效,1.0
600022,山东钢铁,基础数据不足,反转/低基数,33.4313,39.6819,22.9486,35.6449,,-8.2247,14.2951,3.8877,-89.3656,33.3333,0.0345,-37.0395,-0.16,0.4779,64.3551,0,0,0,[],[],True,True,False,基础数据不足,1.0
600861,北京人力,观察,增速观察,33.4218,26.3616,34.9937,51.4586,,-0.7875,-49.5608,-5.7922,-97.3793,66.6667,-0.0128,-0.7029,5.53,2.7603,48.5414,0,0,0,[],[],False,True,False,有效,1.0
001331,胜通能源,基础数据不足,反转/低基数,33.4101,12.6118,38.0899,86.4454,,-13.9009,-131.0379,-31.6567,-340.021,66.6667,-0.0127,3.1456,-0.64,-0.4035,13.5546,0,0,0,[],[],True,True,False,基础数据不足,1.0
600127,金健米业,基础数据不足,增速观察,33.3626,40.9932,19.7169,37.7622,,25.1895,-182.1261,52.6177,-251.4021,33.3333,0.0192,-3.9448,-1.44,-0.497,62.2378,0,0,0,[],[],False,True,False,基础数据不足,1.0
000959,首钢股份,观察,增速观察,33.354,28.82,34.4842,44.6956,,-3.1769,-16.7373,1.9342,-124.4132,16.6667,0.0127,1.1765,1.09,1.0622,55.3044,0,0,0,[],[],False,False,False,有效,1.0
002791,坚朗五金,基础数据不足,反转/低基数,33.3506,24.4842,30.3964,65.8581,,-14.2846,-111.0316,2.1951,100.5796,0.0,-0.0564,2.0753,-1.2,-2.8661,34.1419,0,0,0,[],[],True,True,False,基础数据不足,1.0
001267,汇绿生态,观察,增速观察,33.2988,41.574,18.7648,37.541,,49.0076,-27.7884,-118.7297,-62.6745,66.6667,-0.4601,-17.6102,1.67,6.6344,62.459,0,0,0,[],[],False,True,False,有效,1.0
601091,沈鼓集团,字段覆盖不足,增速观察,33.2844,39.8476,28.3269,23.5098,,3.6037,-2.2805,,,16.6667,-0.2079,-3.6388,5.09,6.8862,76.4902,0,0,0,[],[],False,True,True,字段覆盖不足,0.6
000009,中国宝安,基础数据不足,增速观察,33.2832,38.4443,23.3088,37.7489,,23.1993,-112.1963,9.3155,-129.8163,50.0,0.0063,-2.8486,-0.3,3.9242,62.2511,0,0,0,[],[],False,True,False,基础数据不足,1.0
002272,川润股份,基础数据不足,反转/低基数,33.2575,33.6736,28.8011,40.9223,,9.0034,-41.1695,-0.5943,-119.6341,50.0,-0.0862,2.2702,-2.26,-3.448,59.0777,0,0,0,[],[],True,True,False,基础数据不足,1.0
000753,漳州发展,观察,增速观察,33.2465,39.1426,23.1706,35.71,,-15.7755,11.6592,0.9395,-10.0294,33.3333,-0.0457,-1.1478,0.98,5.189,64.29,0,0,0,[],[],False,True,False,有效,1.0
002543,万和电气,观察,增速观察,33.2012,18.1843,42.6021,59.4501,,-10.3363,-83.7793,-8.7956,-16.5736,33.3333,0.035,2.0875,1.32,1.6786,40.5499,0,0,0,[],[],False,False,False,有效,1.0
002318,久立特材,观察,增速观察,33.116,15.6751,44.6858,62.2993,,-36.3804,-52.5532,-46.8236,-53.8278,66.6667,0.0168,0.1665,4.54,10.1396,37.7007,0,0,0,[],[],False,False,False,有效,1.0
601311,骆驼股份,观察,增速观察,33.1097,24.255,31.3441,63.2052,,-4.4153,-47.4372,-8.9754,-83.8986,66.6667,-0.0108,-0.2965,2.76,3.6461,36.7948,0,0,0,[],[],False,True,False,有效,1.0
000409,云鼎科技,观察,增速观察,33.0647,28.104,21.4815,71.1134,,-16.8898,-11.3331,-29.9403,-0.1858,50.0,-0.4169,-5.9656,2.24,7.9277,28.8866,0,0,0,[],[],False,True,False,有效,1.0
002416,爱施德,观察,增速观察,33.033,42.1863,17.0251,37.5888,,21.3844,-79.0292,37.4513,-43.4134,16.6667,-0.0602,-39.8135,0.8,0.2804,62.4112,0,0,0,[],[],False,True,False,有效,1.0
000712,锦龙股份,加速/反转观察,反转/低基数,33.0274,11.488,72.2749,19.1509,,-16.2785,-88.5872,-56.609,-506.2916,66.6667,4.4916,110.1171,0.53,8.7349,80.8491,0,0,0,[],[],True,False,True,有效,1.0
002955,鸿合科技,观察,增速观察,32.9757,33.4486,12.3424,72.8235,,1.5593,-74.6533,9.694,2.0206,16.6667,-0.2064,-25.9153,0.35,0.6659,27.1765,0,0,0,[],[],False,True,False,有效,1.0
603175,超颖电子,基础数据不足,增速观察,32.8888,43.6114,21.054,24.3909,,33.2879,-220.4076,18.041,-204.164,66.6667,0.0226,-0.3444,-6.99,-6.566,75.6091,0,0,0,[],[],False,True,True,基础数据不足,1.0
003012,东鹏控股,观察,增速观察,32.8481,10.2797,49.1402,67.9688,,-17.6165,-87.0716,-11.3168,-94.2203,16.6667,0.0824,7.0483,0.38,1.1535,32.0312,0,0,0,[],[],False,False,False,有效,1.0
000876,新希望,基础数据不足,反转/低基数,32.8439,41.8039,21.1756,29.3004,,7.6794,-325.4968,3.9988,151.2675,50.0,0.0296,-0.9672,-9.12,-3.0445,70.6996,0,0,0,[],[],True,True,True,基础数据不足,1.0
600094,大名城,加速/反转观察,反转/低基数,32.8161,11.0847,48.1499,67.343,,-52.1616,-70.0446,-6.0268,-176.1866,16.6667,0.0742,5.6393,0.1,1.1708,32.657,0,0,0,[],[],True,False,False,有效,1.0
600997,开滦股份,基础数据不足,反转/低基数,32.7685,34.0518,19.0731,56.3096,,7.2461,-138.3005,25.1134,-34.3318,16.6667,0.0149,-1.0238,-1.02,-1.9818,43.6904,0,0,0,[],[],True,True,False,基础数据不足,1.0
603050,科林电气,观察,增速观察,32.7584,31.9284,31.9523,36.8607,,1.4965,-28.1215,-5.556,-73.1819,66.6667,-0.081,-1.5251,6.11,5.3091,63.1393,0,0,0,[],[],False,True,False,有效,1.0
002375,亚厦股份,观察,增速观察,32.7536,39.3502,19.3232,39.8249,,-15.5454,0.3556,9.324,-8.6394,50.0,-0.1458,-3.9188,1.84,3.6236,60.1751,0,0,0,[],[],False,True,False,有效,1.0
600986,浙文互联,基础数据不足,增速观察,32.6309,33.9134,21.6776,50.6899,,16.0505,-219.3056,7.6662,-173.5135,33.3333,0.0168,-0.5424,-2.61,-2.8033,49.3101,0,0,0,[],[],False,True,False,基础数据不足,1.0
601011,宝泰隆,基础数据不足,反转/低基数,32.5543,23.9659,37.3521,48.7238,,-10.9148,-219.1247,35.9967,-250.03,33.3333,0.5826,-1.5725,-2.18,-40.7429,51.2762,0,0,0,[],[],True,True,False,基础数据不足,1.0
002182,宝武镁业,基础数据不足,反转/低基数,32.4568,29.5769,32.5239,40.9624,,5.8774,-128.6159,-4.467,-16.9959,50.0,0.1652,-41.4777,-0.35,-0.8692,59.0376,0,0,0,[],[],True,True,False,基础数据不足,1.0
600606,绿地控股,基础数据不足,反转/低基数,32.3992,49.6124,18.7772,8.0035,,-29.3989,91.3945,-4.2357,159.9434,16.6667,0.0109,-2.4085,-0.79,-1.8076,91.9965,0,0,0,[],[],True,True,True,基础数据不足,1.0
600779,水井坊,基础数据不足,增速观察,32.3947,21.0428,35.2795,60.6808,,-27.7778,-105.9032,13.9914,-36.1701,33.3333,-0.0677,11.7721,-0.12,-0.5752,39.3192,0,0,0,[],[],False,True,False,基础数据不足,1.0
600590,泰豪科技,加速/反转观察,反转/低基数,32.3566,39.4394,20.7673,34.2867,,5.6976,-16.3282,1.8991,-122.4367,66.6667,-0.2342,-5.2244,2.73,4.6691,65.7133,0,0,0,[],[],True,True,False,有效,1.0
001896,豫能控股,加速/反转观察,反转/低基数,32.288,24.1814,53.9615,13.2609,,-7.579,-36.5685,0.0358,-458.1036,50.0,0.1028,7.6678,1.84,1.7139,86.7391,0,0,0,[],[],True,False,True,有效,1.0
600970,中材国际,观察,增速观察,32.264,27.9456,35.8867,37.9737,,-1.9104,-34.3021,-9.436,-30.2466,50.0,-0.0074,-0.1681,4.07,4.637,62.0263,0,0,0,[],[],False,True,False,有效,1.0
002892,科力尔,基础数据不足,增速观察,32.2403,33.7506,23.3427,45.5047,,11.9056,-139.5129,1.5008,-94.6887,66.6667,0.0506,-4.4596,-0.91,-1.3,54.4953,0,0,0,[],[],False,True,False,基础数据不足,1.0
002150,正泰电源,观察,增速观察,32.2135,34.1791,24.421,41.9016,,5.5293,-29.801,-15.0713,-59.3569,83.3333,-0.1173,-3.0959,3.12,5.1191,58.0984,0,0,0,[],[],False,True,False,有效,1.0
002705,新宝股份,观察,增速观察,32.0854,21.9793,35.7622,55.0499,,-4.9055,-74.8625,-1.1662,-69.7838,33.3333,0.0181,0.9866,1.58,2.0542,44.9501,0,0,0,[],[],False,False,False,有效,1.0
600713,南京医药,观察,增速观察,32.0294,42.5839,20.7838,22.8568,,-0.5179,1.0967,-2.8777,-8.4029,66.6667,-0.1855,-17.5222,4.016,1.3604,77.1432,0,0,0,[],[],False,True,True,有效,1.0
000539,粤电力A,基础数据不足,增速观察,32.0005,33.8079,34.0523,22.4747,,13.7919,-1780.6638,23.6204,-1742.8828,16.6667,0.2263,-10.9183,-2.36,-2.6302,77.5253,0,0,0,[],[],False,True,True,基础数据不足,1.0
600792,云煤能源,基础数据不足,反转/低基数,31.9652,39.9081,21.8339,28.3994,,10.796,-52.147,28.6438,-78.7999,33.3333,0.0328,-0.3753,-10.31,-8.8439,71.6006,0,0,0,[],[],True,True,True,基础数据不足,1.0
600507,方大特钢,加速/反转观察,反转/低基数,31.9636,22.3831,42.9561,38.7199,,-7.6082,-48.5604,7.8194,-328.7406,16.6667,0.0389,1.501,2.0619,2.6048,61.2801,0,0,0,[],[],True,False,False,有效,1.0
002300,太阳电缆,观察,增速观察,31.8488,41.6171,15.8779,34.4856,,15.9187,-68.8253,28.2304,-60.2856,33.3333,-0.0832,-29.6827,0.98,-0.1699,65.5144,0,0,0,[],[],False,True,False,有效,1.0
002110,三钢闽光,基础数据不足,反转/低基数,31.7894,27.7033,35.0491,37.5282,,4.1487,-239.1672,10.7269,-341.2896,33.3333,-0.0599,7.1819,-0.99,-0.824,62.4718,0,0,0,[],[],True,True,False,基础数据不足,1.0
603213,镇洋发展,观察,增速观察,31.6485,15.7313,43.0315,56.634,,-12.7149,-94.5674,-3.2611,-34.1409,16.6667,0.032,13.5485,0.14,0.2473,43.366,0,0,0,[],[],False,False,False,有效,1.0
002062,宏润建设,观察,增速观察,31.589,20.9657,45.9314,34.7742,,-13.7663,-22.0134,-10.7806,-20.872,0.0,0.0562,1.2446,2.26,4.7183,65.2258,0,0,0,[],[],False,False,False,有效,1.0
603221,爱丽家居,基础数据不足,增速观察,31.5493,21.9515,25.8317,71.7777,,-6.3387,-236.8644,7.5944,-149.3183,33.3333,0.0727,-0.9121,-2.44,-8.9856,28.2223,0,0,0,[],[],False,True,False,基础数据不足,1.0
000403,派林生物,观察,增速观察,31.4985,17.5062,27.0998,82.273,,-15.8785,-64.2479,-15.0469,-20.501,33.3333,-0.1011,-0.9949,1.04,10.2397,17.727,0,0,0,[],[],False,True,False,有效,1.0
000561,烽火电子,基础数据不足,反转/低基数,31.4708,37.1684,16.5635,44.1924,,-2.7713,-39.8716,10.8284,113.6784,0.0,-0.1443,0.6884,-4.33,-25.9909,55.8076,0,0,0,[],[],True,True,False,基础数据不足,1.0
600115,中国东航,基础数据不足,反转/低基数,31.4209,39.7547,28.4658,12.3299,,11.0922,-52.2711,5.1726,-113.6294,83.3333,0.1441,-4.9091,-21.89,-3.2546,87.6701,0,0,0,[],[],True,True,True,基础数据不足,1.0
600108,亚盛集团,观察,增速观察,31.3872,38.3962,16.0277,41.0792,,-2.6295,-11.0139,-3.8166,29.7281,33.3333,-0.1137,-6.7152,0.58,1.6831,58.9208,0,0,0,[],[],False,True,False,有效,1.0
000158,常山北明,基础数据不足,反转/低基数,31.3854,32.9671,28.3108,32.7897,,-0.6453,-21.9388,13.8703,-127.5746,16.6667,-0.3616,11.7916,-2.12,-3.1146,67.2103,0,0,0,[],[],True,True,False,基础数据不足,1.0
002774,快意电梯,观察,增速观察,31.3629,28.8603,21.8443,57.9081,,-2.4813,-48.328,5.2351,-2.4595,0.0,-0.043,-1.4873,1.46,2.904,42.0919,0,0,0,[],[],False,True,False,有效,1.0
600826,兰生股份,观察,增速观察,31.3531,24.1188,18.194,79.3745,,-3.1065,-69.4798,-2.0403,-75.6394,50.0,-0.1513,-4.6682,0.4,5.224,20.6255,0,0,0,[],[],False,True,False,有效,1.0
000028,国药一致,观察,增速观察,31.3421,31.1918,24.5127,45.4516,,-1.441,-8.9658,-0.1468,-85.7656,16.6667,-0.0419,-2.5053,3.21,1.7862,54.5484,0,0,0,[],[],False,True,False,有效,1.0
600812,华北制药,观察,增速观察,31.2907,14.8287,55.3761,32.5055,,-20.0083,-48.3018,-13.6461,-92.4492,33.3333,0.1305,8.6272,1.15,2.1536,67.4945,0,0,0,[],[],False,False,False,有效,1.0
601020,华钰矿业,加速/反转观察,反转/低基数,31.2357,20.4979,32.4776,60.965,,-9.4538,-32.8666,-37.7592,-276.5921,66.6667,-0.1315,-0.7822,2.79,14.4681,39.035,0,0,0,[],[],True,True,False,有效,1.0
600056,中国医药,观察,增速观察,31.1766,35.5292,21.5797,37.3125,,-0.7258,-15.2565,-1.0612,3.5139,16.6667,-0.0509,-3.4633,2.08,1.8418,62.6875,0,0,0,[],[],False,True,False,有效,1.0
002181,粤传媒,基础数据不足,反转/低基数,31.1664,21.1675,20.3417,82.8127,,-1.2374,-132.7175,-0.7578,-339.7012,50.0,-0.0676,0.5361,-0.81,-12.0887,17.1873,0,0,0,[],[],True,True,False,基础数据不足,1.0
603360,百傲化学,观察,增速观察,31.0543,22.8459,32.4145,52.9591,,-26.595,-34.7599,-62.2571,11.6931,50.0,-0.1238,-1.1138,4.56,11.4759,47.0409,0,0,0,[],[],False,True,False,有效,1.0
601279,英利汽车,基础数据不足,反转/低基数,31.0513,21.2868,29.4179,63.6112,,-14.9637,-124.9559,-7.0174,148.1666,0.0,0.143,-3.1332,-1.96,-4.856,36.3888,0,0,0,[],[],True,True,False,基础数据不足,1.0
600586,金晶科技,基础数据不足,反转/低基数,31.0061,26.4041,26.9427,52.9387,,-24.3537,-225.5997,5.5841,841.3198,0.0,0.0984,-0.5687,-6.2,-17.8581,47.0613,0,0,0,[],[],True,True,False,基础数据不足,1.0
600996,贵广网络,基础数据不足,反转/低基数,31.0048,41.9387,23.588,13.0368,,-14.535,2.6422,6.2162,24.4344,33.3333,0.0483,-0.0465,-35.07,-107.8291,86.9632,0,0,0,[],[],True,True,True,基础数据不足,1.0
000777,中核科技,观察,增速观察,30.9777,24.2241,24.3969,64.4004,,-30.8648,-18.9037,-24.7851,7.0143,33.3333,-0.9919,-7.7501,2.5,12.7988,35.5996,0,0,0,[],[],False,True,False,有效,1.0
600611,大众交通,基础数据不足,增速观察,30.9374,18.1512,38.3544,54.4622,,-9.2028,-321.2981,12.1865,-255.5198,0.0,0.6697,-3.7615,-1.73,-16.76,45.5378,0,0,0,[],[],False,True,False,基础数据不足,1.0
000735,罗牛山,基础数据不足,增速观察,30.8844,35.5556,15.4871,47.6654,,14.4774,-4507.9741,13.1419,-4471.5807,50.0,-0.1109,0.4447,-7.44,-26.1966,52.3346,0,0,0,[],[],False,True,False,基础数据不足,1.0
600981,苏豪汇鸿,基础数据不足,增速观察,30.8074,33.3563,33.2431,18.2896,,9.0576,-303.1504,7.0496,-257.0886,66.6667,-0.0682,8.2163,-4.57,-0.8456,81.7104,0,0,0,[],[],False,True,True,基础数据不足,1.0
000930,中粮科技,基础数据不足,增速观察,30.684,19.9805,32.4202,59.322,,-7.0136,-257.8519,5.6612,-310.5313,33.3333,-0.1068,5.1714,-1.62,-2.1476,40.678,0,0,0,[],[],False,True,False,基础数据不足,1.0
601003,柳钢股份,加速/反转观察,反转/低基数,30.6585,18.6443,45.5134,36.9913,,-4.9612,-79.3098,-3.1914,-334.335,33.3333,0.0448,19.3898,0.82,0.4164,63.0087,0,0,0,[],[],True,False,False,有效,1.0
600959,江苏有线,观察,增速观察,30.5981,21.8415,26.3502,65.3638,,-11.8735,-48.6852,-11.9816,-19.3995,50.0,-0.0132,-0.4644,0.46,3.7564,34.6362,0,0,0,[],[],False,True,False,有效,1.0
002718,友邦吊顶,基础数据不足,反转/低基数,30.5814,12.5459,35.3856,75.0793,,-20.2649,-108.8415,-0.0281,-219.8613,16.6667,-0.0647,14.6646,-0.1,-0.8421,24.9207,0,0,0,[],[],True,True,False,基础数据不足,1.0
603341,龙旗科技,观察,增速观察,30.5299,28.5345,36.5019,24.5722,,-6.2609,-30.8628,2.9186,-47.6218,33.3333,0.01,0.7568,3.46,1.3456,75.4278,0,0,0,[],[],False,False,True,有效,1.0
002342,巨力索具,加速/反转观察,反转/低基数,30.4682,34.1271,17.8108,44.8064,,14.7897,-59.3609,-1.2913,-196.6096,50.0,-0.0245,-8.4487,0.16,0.2904,55.1936,0,0,0,[],[],True,True,False,有效,1.0
002373,千方科技,基础数据不足,反转/低基数,30.4586,16.7614,33.0928,66.2818,,-0.8212,-112.2896,-14.1738,-234.7992,33.3333,-0.1208,19.0098,-0.18,-0.974,33.7182,0,0,0,[],[],True,True,False,基础数据不足,1.0
600612,老凤祥,观察,增速观察,30.4213,11.5099,38.0058,71.9864,,-40.0802,-41.3402,-33.0908,-31.3475,0.0,-0.0104,-0.2906,5.28,4.7099,28.0136,0,0,0,[],[],False,True,False,有效,1.0
002915,中欣氟材,加速/反转观察,反转/低基数,30.3648,34.7113,14.9903,48.0745,,2.6647,-18.2357,-9.1985,-128.3812,83.3333,-0.104,-18.678,0.31,0.955,51.9255,0,0,0,[],[],True,True,False,有效,1.0
000156,华数传媒,观察,增速观察,30.3362,30.0302,19.3613,53.204,,-4.3941,-17.2531,-2.0902,-4.6023,0.0,-0.1641,-3.3118,1.39,5.0146,46.796,0,0,0,[],[],False,True,False,有效,1.0
600528,中铁工业,观察,增速观察,30.3214,31.5732,20.9185,45.3714,,-10.5516,-10.6974,-6.0245,12.0832,16.6667,-0.1619,-3.1998,2.18,4.9158,54.6286,0,0,0,[],[],False,True,False,有效,1.0
002445,中南文化,观察,增速观察,30.3002,20.5553,20.0695,79.9965,,-3.0582,-49.8482,-29.7251,-79.8811,50.0,-0.1928,-3.4166,1.35,6.5831,20.0035,0,0,0,[],[],False,True,False,有效,1.0
002183,怡亚通,加速/反转观察,反转/低基数,30.2713,27.5232,40.1345,18.7889,,-30.9249,-15.8333,-18.7857,385.5966,0.0,0.0054,4.844,0.3,0.0473,81.2111,0,0,0,[],[],True,False,True,有效,1.0
600855,航天长峰,基础数据不足,反转/低基数,30.2394,29.9128,22.0801,47.5381,,-28.2751,6.1189,-36.0191,-24.1243,50.0,-0.4896,2.4078,-3.7,-22.9554,52.4619,0,0,0,[],[],True,True,False,基础数据不足,1.0
002361,神剑股份,基础数据不足,增速观察,30.2151,23.5082,33.0373,44.6911,,0.2499,-232.236,0.2067,-171.7543,50.0,-0.085,3.1561,-1.43,-2.9668,55.3089,0,0,0,[],[],False,True,False,基础数据不足,1.0
002649,博彦科技,观察,增速观察,30.1811,22.4817,18.7106,76.2202,,-7.1336,-42.9309,-3.9433,-26.7287,16.6667,-0.1037,-4.5794,1.68,2.2231,23.7798,0,0,0,[],[],False,True,False,有效,1.0
000410,沈阳机床,基础数据不足,反转/低基数,30.1537,22.2502,33.7934,46.5846,,-1.4067,-148.21,-2.3852,-36.3024,33.3333,-0.0963,9.2172,-0.46,-0.5823,53.4154,0,0,0,[],[],True,True,False,基础数据不足,1.0
002405,四维图新,基础数据不足,反转/低基数,29.9519,25.4911,14.8403,73.5578,,0.3552,-57.4099,-16.8963,-166.8695,83.3333,-0.1513,0.5467,-5.66,-27.7799,26.4422,0,0,0,[],[],True,True,False,基础数据不足,1.0
601789,宁波建工,观察,增速观察,29.9443,39.7782,21.5711,17.1892,,-17.195,16.9761,-19.1288,40.4586,33.3333,-0.2274,-8.7891,4.03,2.6818,82.8108,0,0,0,[],[],False,True,True,有效,1.0
600764,中国海防,观察,增速观察,29.9123,23.5474,17.5234,73.7845,,-7.1571,-41.4756,-18.6008,5.649,16.6667,-0.18,-4.1818,0.67,4.6651,26.2155,0,0,0,[],[],False,True,False,有效,1.0
002101,广东鸿图,观察,增速观察,29.8908,20.7065,30.2689,56.6878,,-1.9692,-65.0888,-16.1903,-52.3451,33.3333,0.0079,0.8338,0.5,0.4955,43.3122,0,0,0,[],[],False,False,False,有效,1.0
603052,可川科技,基础数据不足,增速观察,29.8849,24.654,22.6517,60.0441,,7.0338,-212.1775,-11.0341,-135.9089,50.0,-0.0557,0.8851,-2.66,-6.3318,39.9559,0,0,0,[],[],False,True,False,基础数据不足,1.0
002638,勤上股份,基础数据不足,反转/低基数,29.834,16.586,20.6236,87.9992,,-30.6738,-43.363,-32.6815,-12.1783,33.3333,-0.3735,1.6915,-2.13,-22.0864,12.0008,0,0,0,[],[],True,True,False,基础数据不足,1.0
002285,世联行,基础数据不足,反转/低基数,29.8163,22.1011,22.0162,68.5622,,-21.3735,-178.0612,-1.1692,50.5174,16.6667,0.0133,-0.3191,-1.56,-3.9061,31.4378,0,0,0,[],[],True,True,False,基础数据不足,1.0
000608,阳光股份,基础数据不足,反转/低基数,29.769,29.0572,18.9132,53.616,,-10.8264,-32.5034,-3.7177,36.5097,16.6667,-0.6864,1.5887,-2.53,-37.8191,46.384,0,0,0,[],[],True,True,False,基础数据不足,1.0
600939,重庆建工,基础数据不足,反转/低基数,29.7689,35.6639,31.3851,8.8513,,-26.1143,1.2205,-7.2154,175.2312,16.6667,-0.1156,4.9849,-3.55,-2.3139,91.1487,0,0,0,[],[],True,True,True,基础数据不足,1.0
603033,三维股份,基础数据不足,反转/低基数,29.7293,35.3437,23.7742,24.7966,,13.7095,-896.5385,23.1872,-739.1186,33.3333,0.059,-0.8121,-7.286,-7.2829,75.2034,0,0,0,[],[],True,True,True,基础数据不足,1.0
603936,博敏电子,基础数据不足,反转/低基数,29.6294,31.1145,22.7305,38.9718,,9.3498,-235.3504,-1.2373,-338.1523,83.3333,0.0264,-0.9597,-1.19,-2.6165,61.0282,0,0,0,[],[],True,True,False,基础数据不足,1.0
603727,博迈科,基础数据不足,增速观察,29.626,13.3304,36.16,65.4446,,-26.7158,-668.7176,1.3067,-629.8321,33.3333,0.3467,-3.7621,-2.2155,-9.2162,34.5554,0,0,0,[],[],False,True,False,基础数据不足,1.0
603226,菲林格尔,基础数据不足,反转/低基数,29.5929,22.787,17.7431,73.71,,-30.4235,-31.7749,-47.0752,75.8685,16.6667,-0.5601,1.4544,-4.38,-44.1592,26.29,0,0,0,[],[],True,True,False,基础数据不足,1.0
002724,海洋王,加速/反转观察,反转/低基数,29.5648,20.3033,17.8425,80.7937,,-5.8055,-68.5361,-6.2672,-243.5652,50.0,-0.1339,-3.5773,1.03,3.509,19.2063,0,0,0,[],[],True,True,False,有效,1.0
600760,中航沈飞,观察,增速观察,29.4848,12.8231,50.775,36.8897,,-57.6773,-58.372,-61.9226,-62.0195,50.0,0.0924,1.2087,1.99,7.5616,63.1103,0,0,0,[],[],False,False,False,有效,1.0
000029,深深房A,基础数据不足,反转/低基数,29.458,7.7535,31.6208,90.2455,,-76.5822,-108.3086,-340.9044,-264.8733,50.0,0.1671,-2.9143,-0.24,-6.035,9.7545,0,0,0,[],[],True,True,False,基础数据不足,1.0
600703,三安光电,基础数据不足,反转/低基数,29.455,18.6945,29.0393,62.5675,,-28.0374,-155.473,-39.4827,84.2222,33.3333,0.1116,-7.3737,-0.28,-1.4647,37.4325,0,0,0,[],[],True,True,False,基础数据不足,1.0
600963,岳阳林纸,基础数据不足,反转/低基数,29.4387,23.3869,34.2295,38.0124,,-11.686,-106.8321,-18.4673,129.8309,33.3333,0.1874,-76.0089,-0.13,-0.2466,61.9876,0,0,0,[],[],True,True,False,基础数据不足,1.0
003041,真爱美家,加速/反转观察,反转/低基数,29.4228,23.2058,21.9965,62.9264,,4.6142,-91.0585,-7.2844,-299.6208,50.0,-0.059,-1.367,1.19,4.3162,37.0736,0,0,0,[],[],True,True,False,有效,1.0
600881,亚泰集团,基础数据不足,反转/低基数,29.3892,44.8022,20.9153,0.0977,,-20.7557,41.5405,-8.919,11.4664,50.0,0.0248,-0.1241,-127.11,-26.0322,99.9023,0,0,0,[],[],True,True,True,基础数据不足,1.0
600702,舍得酒业,观察,增速观察,29.3802,18.4169,32.714,55.6027,,-15.3375,-67.2598,2.1693,-31.7546,0.0,-0.0116,-0.1832,2.12,6.2129,44.3973,0,0,0,[],[],False,True,False,有效,1.0
600208,衢州发展,观察,增速观察,29.3,32.1643,17.545,44.2174,,-45.6456,-34.8966,32.5817,39.3955,0.0,-1.4154,-3.2176,0.41,8.3832,55.7826,0,0,0,[],[],False,True,False,有效,1.0
603529,爱玛科技,观察,增速观察,29.2895,20.1676,36.8048,41.6246,,-12.2101,-45.1541,-28.3548,-47.4968,66.6667,-0.0526,-0.9043,6.48,6.0103,58.3754,0,0,0,[],[],False,True,False,有效,1.0
000030,富奥股份,观察,增速观察,29.0548,24.7827,23.3644,53.252,,-7.6349,-38.161,-13.355,-42.0692,66.6667,-0.0458,-1.7667,2.22,3.0731,46.748,0,0,0,[],[],False,True,False,有效,1.0
002471,中超控股,基础数据不足,反转/低基数,28.9852,24.9662,32.4383,34.1361,,2.8471,-291.3792,8.6583,-285.5684,16.6667,-0.1365,28.8786,-0.7,-0.4243,65.8639,0,0,0,[],[],True,True,False,基础数据不足,1.0
600029,南方航空,基础数据不足,反转/低基数,28.9087,34.5894,27.797,14.0903,,9.7206,-141.0959,5.1104,-291.6266,83.3333,0.133,-3.408,-11.09,-3.2943,85.9097,0,0,0,[],[],True,True,True,基础数据不足,1.0
002238,天威视讯,基础数据不足,反转/低基数,28.8247,22.3247,24.8171,56.3398,,-22.2825,-66.6857,-15.959,7567.2299,0.0,0.0572,-0.5808,-2.32,-10.3212,43.6602,0,0,0,[],[],True,True,False,基础数据不足,1.0
600718,东软集团,基础数据不足,反转/低基数,28.8068,25.5616,24.9971,46.1617,,-6.2633,-611.225,-10.399,56.8444,33.3333,0.0958,-1.4577,-3.27,-6.8316,53.8383,0,0,0,[],[],True,True,False,基础数据不足,1.0
002176,江特电机,基础数据不足,反转/低基数,28.6845,22.5232,26.7253,51.0869,,-1.8736,-86.5459,5.1384,-70.8258,16.6667,0.0972,-0.4365,-7.25,-22.2273,48.9131,0,0,0,[],[],True,True,False,基础数据不足,1.0
002146,荣盛发展,基础数据不足,反转/低基数,28.4995,42.381,18.8765,6.1012,,-56.48,64.1809,-26.7644,75.832,16.6667,-0.0121,0.0725,-19.11,-16.9819,93.8988,0,0,0,[],[],True,True,True,基础数据不足,1.0
600715,文投控股,基础数据不足,反转/低基数,28.359,7.4094,39.4081,69.1093,,-38.415,-538.1873,-18.8271,-633.2391,33.3333,2.2009,-12.1614,-1.84,-17.3321,30.8907,0,0,0,[],[],True,True,False,基础数据不足,1.0
601800,中国交建,观察,增速观察,28.3574,36.709,18.9426,22.1322,,-1.1556,-23.9491,4.1344,12.968,16.6667,-0.1827,-8.3644,2.41,2.8676,77.8678,0,0,0,[],[],False,True,True,有效,1.0
601868,中国能建,观察,增速观察,28.3257,36.8871,18.5755,22.1416,,-1.7818,-18.6745,-5.4952,11.7665,50.0,-0.113,-10.3328,1.87,1.9131,77.8584,0,0,0,[],[],False,True,True,有效,1.0
003013,地铁设计,观察,增速观察,28.3204,20.6655,27.7399,52.4464,,-14.0785,-39.3931,-7.4399,-34.0512,33.3333,-0.5204,-4.7351,4.42,11.0908,47.5536,0,0,0,[],[],False,True,False,有效,1.0
603887,城地香江,基础数据不足,反转/低基数,28.3201,27.1921,30.2907,27.7626,,14.5876,-117.2738,-123.4319,-197.8259,66.6667,0.1248,-28.483,-0.18,-0.4381,72.2374,0,0,0,[],[],True,True,True,基础数据不足,1.0
000006,深振业A,基础数据不足,反转/低基数,28.1081,18.2547,38.0236,37.837,,-57.6975,-34.8774,-0.8638,-132.183,33.3333,0.5574,-4.6375,-1.8,-12.1833,62.163,0,0,0,[],[],True,True,False,基础数据不足,1.0
600773,西藏城投,基础数据不足,反转/低基数,28.0895,28.6053,23.2161,36.2888,,-70.2882,-7.2559,-47.9459,4496.8899,0.0,-0.9316,2.9886,-1.62,-49.3068,63.7112,0,0,0,[],[],True,True,False,基础数据不足,1.0
002061,浙江交科,观察,增速观察,28.0261,34.2308,20.4539,24.5566,,-3.0431,-19.0022,-0.1911,7.3867,16.6667,-0.1383,-5.6652,2.75,2.7285,75.4434,0,0,0,[],[],False,True,True,有效,1.0
600782,新钢股份,基础数据不足,增速观察,28.018,18.0724,28.4237,57.0435,,-8.022,-652.6448,6.3178,-688.2434,16.6667,-0.0773,2.053,-2.36,-3.7808,42.9565,0,0,0,[],[],False,True,False,基础数据不足,1.0
002046,国机精工,观察,增速观察,28.0163,18.4103,21.6878,69.4912,,-4.5109,-71.8887,-18.1032,-64.9334,33.3333,-0.0848,-2.6545,1.12,5.3863,30.5088,0,0,0,[],[],False,True,False,有效,1.0
603833,欧派家居,观察,增速观察,27.9798,11.4554,37.877,57.7585,,-27.7943,-56.6185,-18.8503,-33.4428,0.0,0.0155,0.2094,2.33,7.4878,42.2415,0,0,0,[],[],False,False,False,有效,1.0
600967,内蒙一机,观察,增速观察,27.9683,22.1894,18.2165,64.8088,,-8.642,-40.7179,-11.0219,-7.7481,16.6667,-0.1453,-4.4206,1.45,3.2286,35.1912,0,0,0,[],[],False,True,False,有效,1.0
600720,中交设计,观察,增速观察,27.9265,24.1759,20.8758,53.2799,,-6.8664,-44.8439,4.1825,-27.9338,0.0,-0.361,-4.7498,1.92,7.7511,46.7201,0,0,0,[],[],False,True,False,有效,1.0
605255,天普股份,基础数据不足,增速观察,27.9194,17.6781,33.7937,46.895,,-5.6687,-226.7992,1.3179,-205.8731,16.6667,0.2458,-2.4433,-1.77,-10.0591,53.105,0,0,0,[],[],False,True,False,基础数据不足,1.0
000541,佛山照明,观察,增速观察,27.8458,22.6599,18.3822,62.331,,-6.6266,-63.7323,-3.8478,-11.8842,16.6667,-0.0286,-2.8102,0.61,0.1618,37.669,0,0,0,[],[],False,True,False,有效,1.0
002149,西部材料,观察,增速观察,27.6998,24.538,17.5362,57.5124,,-11.3906,-26.7697,-21.0593,7.7139,16.6667,-0.1433,-4.3626,0.9,3.568,42.4876,0,0,0,[],[],False,True,False,有效,1.0
600877,电科芯片,基础数据不足,增速观察,27.6937,6.7394,29.9404,86.0628,,-19.0152,-249.4299,-16.8592,-212.8005,0.0,-0.0736,2.1227,-0.5,-3.4675,13.9372,0,0,0,[],[],False,True,False,基础数据不足,1.0
000011,深物业A,基础数据不足,反转/低基数,27.6779,34.0111,21.6159,20.8021,,10.7785,-572.5207,23.6114,-675.5604,33.3333,0.0121,-0.2138,-2.03,-6.3517,79.1979,0,0,0,[],[],True,True,True,基础数据不足,1.0
002544,普天科技,基础数据不足,增速观察,27.6278,19.7098,31.6091,43.4194,,-12.7832,-19.7946,-11.0291,-144.1884,16.6667,-0.1587,11.2394,-0.67,-1.4027,56.5806,0,0,0,[],[],False,True,False,基础数据不足,1.0
000860,顺鑫农业,加速/反转观察,反转/低基数,27.5708,27.7549,14.0041,54.1522,,-17.1735,-76.6605,3.6684,89.2468,16.6667,-0.167,-15.745,0.6,1.1515,45.8478,0,0,0,[],[],True,True,False,有效,1.0
600598,北大荒,基础数据不足,增速观察,27.5527,9.8649,37.6193,60.4833,,-29.3911,-154.4992,-27.3391,-161.763,50.0,1.168,-4.6331,-7.09,-25.3892,39.5167,0,0,0,[],[],False,True,False,基础数据不足,1.0
002387,维信诺,基础数据不足,反转/低基数,27.5511,27.5406,35.1662,12.3524,,-2.8531,-42.9862,-5.5747,-47.6316,66.6667,0.4411,-1.1631,-61.09,-38.8187,87.6476,0,0,0,[],[],True,True,True,基础数据不足,1.0
600797,浙大网新,基础数据不足,反转/低基数,27.5399,14.3441,29.0899,64.0274,,-5.9099,-294.7035,-4.7754,-307.7542,16.6667,-0.101,2.4998,-1.79,-4.3247,35.9726,0,0,0,[],[],True,True,False,基础数据不足,1.0
002334,英威腾,观察,增速观察,27.5212,29.1813,14.3787,48.8261,,6.8995,-89.3045,3.3751,-61.9791,33.3333,-0.1207,-20.0207,0.43,0.5778,51.1739,0,0,0,[],[],False,True,False,有效,1.0
002081,金螳螂,观察,增速观察,27.4036,25.9403,21.3086,43.9836,,-15.0799,-14.0518,-9.4977,4.3672,0.0,-0.1199,-3.1542,2.21,3.9425,56.0164,0,0,0,[],[],False,True,False,有效,1.0
002470,金正大,基础数据不足,增速观察,27.3043,35.8297,21.3204,13.6958,,24.0549,-534.4654,4.9891,-492.4284,50.0,0.0243,-0.2913,-26.59,-8.3449,86.3042,0,0,0,[],[],False,True,True,基础数据不足,1.0
000656,金科股份,加速/反转观察,反转/低基数,27.2635,37.8331,8.4113,33.2591,,-87.1081,100.2467,-12.0915,-91.4804,33.3333,-0.4427,-7.264,0.45,-11.8025,66.7409,0,0,0,[],[],True,True,False,有效,1.0
603098,森特股份,观察,增速观察,27.2456,21.3404,22.7077,54.0374,,-29.0458,-14.4278,-31.4123,-54.565,50.0,-0.1146,-2.1352,2.15,5.4001,45.9626,0,0,0,[],[],False,True,False,有效,1.0
000628,高新发展,观察,增速观察,27.2362,17.4515,45.4337,20.1955,,-34.4016,-27.4746,-4.2766,-105.4699,16.6667,0.051,1.7195,2.18,2.4081,79.8045,0,0,0,[],[],False,False,True,有效,1.0
002459,晶澳科技,基础数据不足,反转/低基数,27.2036,32.0578,23.1911,20.666,,-26.8022,-3.2098,3.1347,-4.2339,16.6667,0.0492,-0.3233,-12.72,-15.3258,79.334,0,0,0,[],[],True,True,True,基础数据不足,1.0
000536,华映科技,基础数据不足,反转/低基数,27.1381,42.4715,12.694,10.0265,,-16.7455,5.5471,3.9541,-3.1232,66.6667,-0.1782,0.2377,-54.68,-75.0508,89.9735,0,0,0,[],[],True,True,True,基础数据不足,1.0
002157,正邦科技,基础数据不足,反转/低基数,27.0049,25.7404,19.1344,46.5393,,12.9003,-465.2102,-53.9023,-112.7024,50.0,-0.0527,0.5526,-6.99,-12.657,53.4607,0,0,0,[],[],True,True,False,基础数据不足,1.0
000950,重药控股,观察,增速观察,26.9725,33.2131,18.8233,24.5489,,-2.5653,-9.8539,-4.9062,-46.5054,50.0,-0.0899,-14.1851,2.18,0.7788,75.4511,0,0,0,[],[],False,True,True,有效,1.0
601005,重庆钢铁,基础数据不足,反转/低基数,26.9411,23.879,22.5354,44.939,,-9.6233,-36.5485,2.2784,-51.3731,16.6667,0.0476,-3.1452,-1.25,-1.5128,55.061,0,0,0,[],[],True,True,False,基础数据不足,1.0
000597,东北制药,观察,增速观察,26.9395,23.6262,24.5641,41.6302,,-13.4877,-35.0786,-7.787,1.4661,16.6667,-0.0222,-0.8819,1.51,1.9143,58.3698,0,0,0,[],[],False,True,False,有效,1.0
000678,襄阳轴承,基础数据不足,反转/低基数,26.9224,26.8334,23.9208,33.1925,,-11.657,-32.7238,-17.4293,6.1672,50.0,-0.0202,0.691,-2.54,-3.9584,66.8075,0,0,0,[],[],True,True,False,基础数据不足,1.0
000935,四川双马,基础数据不足,增速观察,26.9186,8.7655,28.0397,79.1358,,-15.364,-121.0451,-27.5506,-117.4557,16.6667,0.11,-2.1647,-0.35,-4.7133,20.8642,0,0,0,[],[],False,True,False,基础数据不足,1.0
600117,西宁特钢,基础数据不足,反转/低基数,26.8922,27.3395,18.8905,41.5536,,-2.4046,-32.6058,-6.0075,-28.318,33.3333,-0.0412,0.3732,-8.81,-14.6463,58.4464,0,0,0,[],[],True,True,False,基础数据不足,1.0
003040,楚天龙,基础数据不足,增速观察,26.8275,15.6102,21.0863,71.9622,,-30.2135,-56.2134,-25.3928,10.6113,0.0,-0.3619,1.8587,-4.37,-19.4892,28.0378,0,0,0,[],[],False,True,False,基础数据不足,1.0
605333,沪光股份,观察,增速观察,26.7417,20.3107,30.2061,39.1058,,-2.8755,-80.6046,-10.1625,-52.3906,50.0,0.0054,0.3543,1.54,1.5209,60.8942,0,0,0,[],[],False,False,False,有效,1.0
002882,金龙羽,观察,增速观察,26.7381,27.8791,18.4766,39.8383,,4.2226,-42.4598,-22.3191,-18.8106,33.3333,-0.096,-5.6226,1.8,1.4714,60.1617,0,0,0,[],[],False,True,False,有效,1.0
000517,荣安地产,基础数据不足,反转/低基数,26.7221,13.3349,38.9482,42.4312,,-73.4649,-529.6916,3.3326,-563.5017,33.3333,1.0399,-6.8623,-3.41,-14.7448,57.5688,0,0,0,[],[],True,True,False,基础数据不足,1.0
605318,法狮龙,基础数据不足,反转/低基数,26.7152,17.6087,23.7693,59.9264,,-12.3923,-72.7996,1.6797,-149.7959,16.6667,-0.0739,1.1366,-2.07,-6.4642,40.0736,0,0,0,[],[],True,True,False,基础数据不足,1.0
600728,佳都科技,加速/反转观察,反转/低基数,26.7103,26.9192,15.3657,48.7727,,8.8256,-77.2714,-18.5932,-328.6148,66.6667,-0.0823,-14.3363,0.39,0.3304,51.2273,0,0,0,[],[],True,True,False,有效,1.0
600820,隧道股份,观察,增速观察,26.6798,31.629,19.0157,27.1604,,-8.3582,-23.1699,7.4643,-1.0982,0.0,-0.094,-3.3969,1.36,2.8083,72.8396,0,0,0,[],[],False,True,True,有效,1.0
600960,渤海汽车,基础数据不足,反转/低基数,26.524,19.6094,22.8007,54.7145,,-11.7338,-101.0248,14.5796,-214.2691,16.6667,0.037,-18.1212,-0.09,-0.2995,45.2855,0,0,0,[],[],True,True,False,基础数据不足,1.0
601865,福莱特,基础数据不足,增速观察,26.4663,13.5968,32.8041,52.3989,,-13.8143,-239.0368,2.8633,-236.451,0.0,0.2011,-3.6938,-1.63,-5.4403,47.6011,0,0,0,[],[],False,True,False,基础数据不足,1.0
600438,通威股份,基础数据不足,反转/低基数,26.4056,31.6299,19.39,24.764,,-15.1865,-3.308,-6.6358,32.418,0.0,0.0032,-0.0213,-14.1,-19.6649,75.236,0,0,0,[],[],True,True,True,基础数据不足,1.0
600582,天地科技,观察,增速观察,26.3774,18.5109,23.6477,55.4362,,-11.0054,-64.6787,-6.7984,-58.0116,33.3333,-0.2526,-4.3195,2.828,7.8058,44.5638,0,0,0,[],[],False,True,False,有效,1.0
600866,星湖科技,观察,增速观察,26.3069,27.6893,16.2281,42.3172,,0.3605,-91.5437,8.6349,-95.3328,50.0,-0.0966,-11.1912,0.87,1.0303,57.6828,0,0,0,[],[],False,True,False,有效,1.0
600363,联创光电,观察,增速观察,26.2881,14.7605,27.678,58.0909,,-19.6377,-36.6956,-27.2995,-135.7804,33.3333,-1.1061,-8.7873,3.67,14.2897,41.9091,0,0,0,[],[],False,True,False,有效,1.0
002385,大北农,基础数据不足,反转/低基数,26.2157,25.4171,25.4684,30.1061,,1.8582,-387.5174,0.6347,-101.984,50.0,-0.0887,1.8102,-9.29,-6.0102,69.8939,0,0,0,[],[],True,True,False,基础数据不足,1.0
002426,胜利精密,基础数据不足,反转/低基数,26.0957,26.14,25.8447,26.4647,,4.5557,-364.0933,-2.2249,-367.6805,66.6667,0.0888,-0.8011,-12.15,-11.1035,73.5353,0,0,0,[],[],True,True,True,基础数据不足,1.0
600481,双良节能,基础数据不足,反转/低基数,26.0057,24.1723,32.2121,19.093,,-30.0303,-28.3112,11.946,-76.0231,16.6667,0.2667,-1.0695,-19.81,-25.0093,80.907,0,0,0,[],[],True,True,True,基础数据不足,1.0
002104,恒宝股份,基础数据不足,增速观察,25.997,4.445,25.7614,91.1245,,-32.7981,-229.5328,-28.777,-191.3554,0.0,-0.5167,3.2619,-2.15,-15.8416,8.8755,0,0,0,[],[],False,True,False,基础数据不足,1.0
002242,九阳股份,观察,增速观察,25.9153,17.691,26.8091,48.8008,,-12.4873,-41.52,-5.2602,-37.6738,0.0,-0.0152,-0.7374,2.11,2.1388,51.1992,0,0,0,[],[],False,True,False,有效,1.0
002483,润邦股份,观察,增速观察,25.8938,21.8804,25.0461,39.629,,-31.7128,-28.434,-14.9716,-2.7689,33.3333,-0.0836,-1.5347,2.54,5.9232,60.371,0,0,0,[],[],False,True,False,有效,1.0
600477,杭萧钢构,观察,增速观察,25.8886,15.4552,35.7184,37.5293,,-37.5517,-36.0144,-26.9662,-4.843,0.0,0.0225,0.8174,1.638,2.4745,62.4707,0,0,0,[],[],False,False,False,有效,1.0
605598,上海港湾,基础数据不足,增速观察,25.8267,12.3742,21.7397,74.3584,,-9.1033,-145.5788,-30.1304,-116.498,33.3333,0.0146,-0.3543,-1.82,-4.5652,25.6416,0,0,0,[],[],False,True,False,基础数据不足,1.0
603386,骏亚科技,基础数据不足,反转/低基数,25.6598,26.8455,19.5276,34.3673,,6.7336,-122.1378,-1.3042,-217.6732,50.0,0.0143,-2.2881,-0.64,-0.5809,65.6327,0,0,0,[],[],True,True,False,基础数据不足,1.0
000923,河钢资源,基础数据不足,增速观察,25.6384,8.6078,26.5685,74.8699,,-24.8136,-149.244,-29.421,-149.4313,33.3333,-0.1344,2.209,-1.26,-9.5334,25.1301,0,0,0,[],[],False,True,False,基础数据不足,1.0
600828,茂业商业,基础数据不足,反转/低基数,25.5374,17.8161,29.2146,41.347,,-26.427,-644.9574,-13.5879,116.781,0.0,0.1212,-0.5974,-2.83,-21.9701,58.653,0,0,0,[],[],True,True,False,基础数据不足,1.0
002173,创新医疗,基础数据不足,反转/低基数,25.5188,10.6396,20.0402,81.1135,,-15.881,-365.0076,-11.6203,-427.9102,33.3333,-0.0074,0.0471,-3.07,-16.1943,18.8865,0,0,0,[],[],True,True,False,基础数据不足,1.0
000717,中南股份,基础数据不足,反转/低基数,25.5149,21.8989,25.3792,36.6343,,-3.3422,-597.364,12.8394,-601.5356,16.6667,0.0652,-30.7326,-0.39,-0.2122,63.3657,0,0,0,[],[],True,True,False,基础数据不足,1.0
000050,深天马A,基础数据不足,反转/低基数,25.4772,17.9211,30.1084,38.8829,,-4.4878,-453.4969,-12.6451,-578.5315,66.6667,0.1576,-3.6148,-2.71,-4.5015,61.1171,0,0,0,[],[],True,True,False,基础数据不足,1.0
000901,航天科技,加速/反转观察,反转/低基数,25.4659,16.2877,20.0533,63.8256,,-23.5096,-60.5916,-3.1579,-532.8158,50.0,-0.0271,-1.7439,0.82,1.5891,36.1744,0,0,0,[],[],True,True,False,有效,1.0
001322,箭牌家居,基础数据不足,增速观察,25.4605,13.4826,31.2252,49.8648,,-9.1774,-314.6431,0.0367,-283.2167,0.0,-0.0556,2.3486,-1.3,-2.4029,50.1352,0,0,0,[],[],False,True,False,基础数据不足,1.0
002572,索菲亚,观察,增速观察,25.346,10.0115,32.6438,56.754,,-25.8017,-80.6133,-15.0587,-46.355,16.6667,0.0146,0.7958,0.85,1.9431,43.246,0,0,0,[],[],False,False,False,有效,1.0
600567,山鹰国际,基础数据不足,反转/低基数,25.3105,23.1648,26.7588,28.8511,,3.0136,-1730.2914,4.5569,-1578.2967,16.6667,0.1153,-2.4109,-4.55,-4.912,71.1489,0,0,0,[],[],True,True,True,基础数据不足,1.0
600376,首开股份,基础数据不足,反转/低基数,25.294,26.3385,26.0838,20.581,,-35.5413,0.065,-59.8423,-18.5583,50.0,0.088,-0.557,-86.36,-16.8562,79.419,0,0,0,[],[],True,True,True,基础数据不足,1.0
000839,国安股份,基础数据不足,反转/低基数,25.2105,33.4674,19.8948,11.0712,,8.2908,-386.8074,10.4279,-607.9056,66.6667,-0.0391,0.4604,-10.35,-7.4812,88.9288,0,0,0,[],[],True,True,True,基础数据不足,1.0
601668,中国建筑,观察,增速观察,25.1751,22.976,29.6284,22.8659,,-11.9616,-24.341,-7.1524,-8.9175,0.0,-0.0292,-1.2374,4.61,3.1428,77.1341,0,0,0,[],[],False,True,True,有效,1.0
603358,华达科技,基础数据不足,增速观察,25.1281,14.5958,29.932,47.1168,,-7.5946,-141.811,-5.4034,-154.515,16.6667,-0.1833,5.8411,-2.32,-2.8262,52.8832,0,0,0,[],[],False,True,False,基础数据不足,1.0
002100,天康生物,基础数据不足,增速观察,25.0883,15.3982,29.9465,44.442,,-5.893,-230.5002,-4.7593,-165.3128,16.6667,0.1797,-3.3886,-6.57,-5.9361,55.558,0,0,0,[],[],False,True,False,基础数据不足,1.0
002624,完美世界,基础数据不足,反转/低基数,25.0839,7.5424,34.0948,59.6864,,-25.4665,-123.5367,-45.0172,-280.2999,33.3333,0.2353,-5.4653,-1.7,-5.209,40.3136,0,0,0,[],[],True,True,False,基础数据不足,1.0
603660,苏州科达,基础数据不足,反转/低基数,25.0438,29.4695,12.1696,37.5151,,-22.0713,-32.8262,-0.6816,110.4778,16.6667,-0.519,0.6668,-39.23,-78.1286,62.4849,0,0,0,[],[],True,True,False,基础数据不足,1.0
601595,上海电影,观察,增速观察,25.0206,13.2414,22.7632,64.8728,,-12.3581,-71.6223,-45.379,-96.9975,33.3333,-0.1434,-2.9826,0.9,9.5697,35.1272,0,0,0,[],[],False,True,False,有效,1.0
002010,传化智联,加速/反转观察,反转/低基数,24.972,16.0242,26.1762,49.4067,,-35.4976,-11.9198,-29.4522,-294.0351,16.6667,-0.062,-1.092,2.48,6.2402,50.5933,0,0,0,[],[],True,True,False,有效,1.0
601992,金隅集团,基础数据不足,反转/低基数,24.9386,24.5273,22.4786,31.0922,,-21.1772,-45.222,-3.4747,36.6108,16.6667,0.0746,-1.2328,-6.76,-8.416,68.9078,0,0,0,[],[],True,True,False,基础数据不足,1.0
601949,中国出版,观察,增速观察,24.9329,18.6299,12.949,67.8101,,-8.5811,-88.3866,4.2465,-88.8879,16.6667,-0.1283,-15.9545,0.15,-0.3038,32.1899,0,0,0,[],[],False,True,False,有效,1.0
002583,海能达,加速/反转观察,反转/低基数,24.9194,27.7735,22.3692,21.4576,,0.1061,-54.4766,2.2735,-147.0782,50.0,-0.0212,-1.1273,2.04,1.1683,78.5424,0,0,0,[],[],True,True,True,有效,1.0
601669,中国电建,观察,增速观察,24.7402,30.8651,18.2268,19.3922,,-1.0744,-29.5603,-2.9264,-12.8131,33.3333,-0.1589,-12.0451,2.4,1.7372,80.6078,0,0,0,[],[],False,True,True,有效,1.0
002465,海格通信,基础数据不足,反转/低基数,24.6961,15.4704,23.3839,54.9972,,-7.5133,-7307.614,3.2935,-5727.6943,0.0,-0.1225,1.3936,-1.6,-8.5329,45.0028,0,0,0,[],[],True,True,False,基础数据不足,1.0
603657,春光科技,基础数据不足,反转/低基数,24.6385,26.7818,21.3749,24.7357,,11.9314,-1177.1937,-8.7364,-1004.1349,50.0,0.0275,-0.484,-8.97,-6.5416,75.2643,0,0,0,[],[],True,True,True,基础数据不足,1.0
600336,澳柯玛,基础数据不足,反转/低基数,24.5868,23.7268,24.2575,27.8254,,-13.511,-213.7072,-0.63,126.2923,0.0,0.0668,-5.4441,-2.01,-1.4917,72.1746,0,0,0,[],[],True,True,True,基础数据不足,1.0
000852,石化机械,基础数据不足,增速观察,24.5772,18.091,31.2023,30.7857,,-10.1527,-122.871,0.2136,-34.0793,16.6667,-0.2239,109.0554,-0.2,0.0329,69.2143,0,0,0,[],[],False,True,False,基础数据不足,1.0
600732,爱旭股份,基础数据不足,反转/低基数,24.5396,22.8474,29.0679,20.5595,,8.7193,-217.249,-31.251,-282.9982,50.0,0.1689,-2.0585,-15.92,-8.4676,79.4405,0,0,0,[],[],True,True,True,基础数据不足,1.0
000898,鞍钢股份,基础数据不足,反转/低基数,24.4553,19.191,22.4941,44.171,,-5.5761,-83.5874,3.0337,-126.4686,16.6667,0.0364,-0.8168,-4.69,-4.3109,55.829,0,0,0,[],[],True,True,False,基础数据不足,1.0
600435,北方导航,基础数据不足,增速观察,24.1111,6.4537,38.5741,48.1576,,-45.3923,-141.056,-97.9493,-245.3519,33.3333,0.5019,-9.7823,-1.64,-5.807,51.8424,0,0,0,[],[],False,True,False,基础数据不足,1.0
600121,郑州煤电,基础数据不足,反转/低基数,23.9589,25.6132,25.7183,15.4774,,-23.3997,-51.331,-7.8788,376.7927,16.6667,0.0809,-0.3358,-44.04,-22.0329,84.5226,0,0,0,[],[],True,True,True,基础数据不足,1.0
601636,旗滨集团,基础数据不足,增速观察,23.9199,19.06,21.8518,42.6361,,-2.4427,-118.7636,-3.0056,-180.5694,33.3333,0.0167,-0.7204,-1.13,-2.926,57.3639,0,0,0,[],[],False,True,False,基础数据不足,1.0
000877,天山股份,基础数据不足,反转/低基数,23.9111,24.201,19.7013,31.461,,-16.1757,-245.5097,-1.7788,670.8985,0.0,-0.0308,0.2912,-4.33,-11.5784,68.539,0,0,0,[],[],True,True,False,基础数据不足,1.0
002534,西子洁能,基础数据不足,增速观察,23.8324,12.235,32.4421,41.4052,,-11.435,-134.0725,-8.4002,-133.3426,16.6667,-0.0496,2.437,-0.9,-0.9189,58.5948,0,0,0,[],[],False,True,False,基础数据不足,1.0
601778,晶科科技,基础数据不足,增速观察,23.8093,8.5871,38.2537,40.5874,,-33.9362,-252.7619,-15.6199,-254.4493,33.3333,0.5543,-4.1494,-1.17,-13.1852,59.4126,0,0,0,[],[],False,True,False,基础数据不足,1.0
600100,同方股份,基础数据不足,增速观察,23.6,12.834,30.8362,41.4254,,-16.3492,-170.952,-6.0117,-173.6077,33.3333,-0.0462,2.1249,-0.65,-5.8833,58.5746,0,0,0,[],[],False,True,False,基础数据不足,1.0
000002,万科A,基础数据不足,反转/低基数,23.5798,26.8003,19.2962,22.4854,,-33.3774,-25.1511,-1.3986,53.8289,0.0,0.0071,-0.0331,-13.65,-22.8323,77.5146,0,0,0,[],[],True,True,True,基础数据不足,1.0
002992,宝明科技,基础数据不足,反转/低基数,23.5023,18.5471,25.4664,34.4397,,-15.7503,-67.6343,-1.619,-183.2738,50.0,-0.046,1.1753,-2.95,-4.6572,65.5603,0,0,0,[],[],True,True,False,基础数据不足,1.0
000090,天健集团,基础数据不足,增速观察,23.4884,23.9856,21.6264,25.721,,5.2172,-903.6381,-0.1379,-839.6434,33.3333,-0.0157,0.3099,-3.3,-5.7342,74.279,0,0,0,[],[],False,True,True,基础数据不足,1.0
600170,上海建工,观察,增速观察,23.4361,33.0674,12.9549,15.5047,,-8.5673,-42.4729,22.8167,0.4554,16.6667,-0.1623,-38.1639,0.47,0.1792,84.4953,0,0,0,[],[],False,True,True,有效,1.0
002383,合众思壮,基础数据不足,反转/低基数,23.293,11.8435,27.0312,50.165,,-8.1288,-290.4351,-22.3982,-319.2457,33.3333,-0.1434,2.4514,-2.38,-6.0047,49.835,0,0,0,[],[],True,True,False,基础数据不足,1.0
002302,西部建设,基础数据不足,反转/低基数,23.2417,18.4506,26.8582,30.3816,,-20.1144,-116.1726,-9.1088,61.7848,0.0,-0.0363,1.2552,-2.83,-2.9102,69.6184,0,0,0,[],[],True,True,False,基础数据不足,1.0
603011,合锻智能,基础数据不足,反转/低基数,23.2217,12.6302,31.001,39.4379,,-10.2216,-461.3052,-12.516,-281.8721,33.3333,-0.1337,3.4315,-1.84,-3.9448,60.5621,0,0,0,[],[],True,True,False,基础数据不足,1.0
002212,天融信,基础数据不足,增速观察,23.2117,5.3913,19.3718,84.3529,,-33.992,-321.7991,-25.1806,-311.2097,16.6667,-0.8578,1.7146,-2.88,-50.0408,15.6471,0,0,0,[],[],False,True,False,基础数据不足,1.0
000592,平潭发展,基础数据不足,反转/低基数,23.205,9.0982,25.6406,60.6544,,-35.135,-560.5035,-19.5631,-563.7895,50.0,0.0748,-0.5185,-3.99,-33.6709,39.3456,0,0,0,[],[],True,True,False,基础数据不足,1.0
000012,南玻A,基础数据不足,增速观察,23.161,17.2321,22.7755,41.7191,,-5.6232,-665.0647,5.6118,-612.1716,0.0,0.0335,-0.4868,-3.26,-6.9426,58.2809,0,0,0,[],[],False,True,False,基础数据不足,1.0
000498,山东路桥,观察,增速观察,23.1268,22.4516,23.8511,23.7037,,-11.2645,-28.932,-7.3599,-24.8081,16.6667,-0.1164,-4.0388,3.15,4.3849,76.2963,0,0,0,[],[],False,True,True,有效,1.0
002031,巨轮智能,基础数据不足,反转/低基数,23.1031,16.2779,19.1891,51.4066,,-41.87,-32.0258,-22.0897,-20.6904,16.6667,-0.4947,1.5948,-3.82,-31.712,48.5934,0,0,0,[],[],True,True,False,基础数据不足,1.0
600133,东湖高新,基础数据不足,增速观察,23.0915,9.1808,30.1436,50.7193,,-15.4178,-132.8167,-26.7847,-85.1162,16.6667,-0.272,15.2223,-0.18,-2.1341,49.2807,0,0,0,[],[],False,True,False,基础数据不足,1.0
603773,沃格光电,基础数据不足,反转/低基数,23.0783,22.4579,21.8461,27.4041,,3.1928,-128.0421,-11.6868,-98.5905,50.0,0.0305,-0.3028,-11.66,-9.3671,72.5959,0,0,0,[],[],True,True,True,基础数据不足,1.0
601127,赛力斯,基础数据不足,增速观察,23.0433,16.4804,28.5763,31.6658,,-7.8661,-158.3792,-21.5583,-158.5615,66.6667,-0.2153,7.2085,-4.38,-3.8131,68.3342,0,0,0,[],[],False,True,False,基础数据不足,1.0
002123,梦网科技,基础数据不足,反转/低基数,22.9653,15.8751,20.3848,49.3967,,-27.0447,-1154.2782,13.7062,-486.7267,16.6667,-0.0729,0.8404,-6.42,-6.9902,50.6033,0,0,0,[],[],True,True,False,基础数据不足,1.0
600252,中恒集团,基础数据不足,反转/低基数,22.9538,7.3009,24.9542,65.9115,,-29.6921,-288.3871,-12.7698,-293.6634,16.6667,0.0564,-0.8382,-0.92,-10.0438,34.0885,0,0,0,[],[],True,True,False,基础数据不足,1.0
601390,中国中铁,观察,增速观察,22.89,26.0594,18.3035,22.5548,,-7.6957,-26.8109,-1.9232,-8.899,0.0,-0.1837,-10.0119,2.45,2.0964,77.4452,0,0,0,[],[],False,True,True,有效,1.0
600129,太极集团,加速/反转观察,反转/低基数,22.8219,21.9237,22.7236,25.7129,,-10.1285,-36.701,5.0983,-389.076,16.6667,-0.0436,-2.5214,2.48,1.6528,74.2871,0,0,0,[],[],True,True,True,有效,1.0
000768,中航西飞,观察,增速观察,22.7906,19.3867,24.8143,28.9549,,-26.9372,-28.9142,-21.8418,-41.402,50.0,-0.045,-1.3045,2.61,3.4746,71.0451,0,0,0,[],[],False,True,True,有效,1.0
600328,中盐化工,基础数据不足,增速观察,22.7685,8.0342,24.5585,63.3912,,-18.5194,-616.4397,-6.5017,-530.6938,0.0,-0.069,1.2381,-2.3,-5.8672,36.6088,0,0,0,[],[],False,True,False,基础数据不足,1.0
002434,万里扬,观察,增速观察,22.768,11.7187,19.04,63.3717,,-30.3474,-74.565,-21.0154,-74.6095,33.3333,-0.1116,-3.107,1.2,3.5819,36.6283,0,0,0,[],[],False,True,False,有效,1.0
603230,内蒙新华,观察,增速观察,22.4479,12.2784,17.3041,63.2437,,-24.1782,-81.7543,-7.7904,-33.4571,16.6667,-0.1574,-4.114,0.82,3.775,36.7563,0,0,0,[],[],False,True,False,有效,1.0
600708,光明地产,基础数据不足,反转/低基数,22.3505,26.8728,20.8437,11.7972,,-41.8415,-14.4779,-22.4736,270.7782,0.0,0.023,-0.0826,-7.63,-28.5696,88.2028,0,0,0,[],[],True,True,True,基础数据不足,1.0
000555,神州信息,基础数据不足,反转/低基数,22.1404,11.8349,26.0038,45.3299,,-6.7304,-193.5518,-38.3213,-304.3193,33.3333,-0.3818,5.5678,-5.06,-8.5458,54.6701,0,0,0,[],[],True,True,False,基础数据不足,1.0
000572,海马汽车,基础数据不足,反转/低基数,22.1109,16.6143,17.434,47.9544,,-52.0353,-30.6574,-56.2004,-24.4781,33.3333,-0.4327,1.3965,-6.25,-57.9106,52.0456,0,0,0,[],[],True,True,False,基础数据不足,1.0
601186,中国铁建,观察,增速观察,22.0159,24.6765,18.8595,20.347,,-12.4205,-18.7977,-8.9171,-1.4561,0.0,-0.1841,-9.0746,2.7,2.2221,79.653,0,0,0,[],[],False,True,True,有效,1.0
601618,中国中冶,观察,增速观察,21.8125,25.298,16.0334,22.9144,,-25.9443,-24.9462,-8.4371,55.4603,0.0,-0.1296,-9.8021,0.97,1.7493,77.0856,0,0,0,[],[],False,True,True,有效,1.0
601611,中国核建,观察,增速观察,21.7782,25.7279,16.1798,21.126,,-17.7854,-30.1953,-7.5466,5.9041,33.3333,-0.3159,-24.9418,2.06,2.2818,78.874,0,0,0,[],[],False,True,True,有效,1.0
000981,山子高科,加速/反转观察,反转/低基数,21.6926,18.7778,17.5515,38.7194,,-20.8674,-85.6861,13.3712,-244.5556,33.3333,-0.1074,-4.7742,1.07,2.2879,61.2806,0,0,0,[],[],True,True,False,有效,1.0
000625,长安汽车,观察,增速观察,21.5957,19.9257,13.6669,42.463,,-9.7081,-64.3247,-12.3793,-19.9868,33.3333,-0.1739,-13.9632,1.06,0.2753,57.537,0,0,0,[],[],False,True,False,有效,1.0
605296,神农集团,基础数据不足,增速观察,21.5866,13.8102,14.4185,59.2518,,-11.0153,-308.7405,-6.8514,-258.0935,33.3333,-0.1508,0.4641,-17.89,-32.4932,40.7482,0,0,0,[],[],False,True,False,基础数据不足,1.0
601908,京运通,基础数据不足,反转/低基数,21.459,8.1224,30.3727,43.6413,,-43.4947,-83.313,-11.2967,-120.6143,16.6667,0.1397,-0.3097,-5.28,-45.7911,56.3587,0,0,0,[],[],True,True,False,基础数据不足,1.0
002052,同洲电子,观察,增速观察,21.2632,9.5648,28.5205,41.8435,,-77.5348,-93.6487,-92.8097,-252.5507,66.6667,-0.5567,-5.2336,4.63,11.5517,58.1565,0,0,0,[],[],False,True,False,有效,1.0
601012,隆基绿能,基础数据不足,反转/低基数,21.1983,17.4131,20.5035,33.9434,,-17.5781,-43.3862,-2.7623,-68.6716,16.6667,-0.2151,1.5792,-7.04,-14.2101,66.0566,0,0,0,[],[],True,True,False,基础数据不足,1.0
002579,中京电子,基础数据不足,反转/低基数,21.1735,15.5115,22.2625,35.9814,,-8.8949,-591.3657,-16.0079,-722.6682,66.6667,0.0622,-1.0204,-3.82,-6.4595,64.0186,0,0,0,[],[],True,True,False,基础数据不足,1.0
000048,京基智农,基础数据不足,增速观察,20.9884,16.3248,20.3008,36.3547,,-10.7472,-316.3862,7.5174,-237.7941,0.0,0.019,-0.0828,-12.88,-23.0774,63.6453,0,0,0,[],[],False,True,False,基础数据不足,1.0
001288,运机集团,观察,增速观察,20.9248,15.1185,19.6161,40.9607,,-39.6133,-48.6016,-55.9008,-73.0256,66.6667,-0.6927,-9.7628,1.6,8.3845,59.0393,0,0,0,[],[],False,True,False,有效,1.0
600058,五矿发展,观察,增速观察,20.8726,22.0818,14.3796,30.2309,,-11.2834,-94.5744,10.1529,-9.778,0.0,-0.0767,-314.1732,-0.52,0.0463,69.7691,0,0,0,[],[],False,True,False,有效,1.0
002870,香山股份,基础数据不足,增速观察,20.8679,10.7076,29.3399,34.4051,,-18.2287,-123.2151,-20.4024,-84.3586,33.3333,0.1179,-23.0373,-0.75,-0.591,65.5949,0,0,0,[],[],False,True,False,基础数据不足,1.0
000998,隆平高科,基础数据不足,增速观察,20.673,10.8803,25.2596,40.8778,,-21.0507,-66.4063,-20.0193,-112.0346,16.6667,-0.4905,3.0757,-4.09,-22.4171,59.1222,0,0,0,[],[],False,True,False,基础数据不足,1.0
000401,金隅冀东,基础数据不足,反转/低基数,20.6563,9.6835,22.716,49.4552,,-18.017,-523.2406,-14.9097,-645.3091,33.3333,0.0337,-0.3395,-3.51,-10.7367,50.5448,0,0,0,[],[],True,True,False,基础数据不足,1.0
000761,本钢板材,基础数据不足,反转/低基数,20.6221,22.5262,21.7648,12.6246,,-9.5643,-36.3238,-0.0569,-58.0616,16.6667,0.0316,-0.3704,-27.29,-8.405,87.3754,0,0,0,[],[],True,True,True,基础数据不足,1.0
600207,安彩高科,基础数据不足,反转/低基数,20.4313,21.1703,14.5955,29.8859,,-38.1681,-52.0839,-5.4397,52.9385,0.0,-0.2149,0.7063,-17.6,-36.058,70.1141,0,0,0,[],[],True,True,True,基础数据不足,1.0
600510,黑牡丹,基础数据不足,增速观察,20.4117,8.0592,29.0126,40.267,,-16.6885,-257.7599,-10.7676,-213.1021,0.0,-0.2413,3.5614,-0.86,-7.4446,59.733,0,0,0,[],[],False,True,False,基础数据不足,1.0
002929,润建股份,观察,增速观察,20.4097,24.9074,9.6428,28.4506,,-22.8312,-31.7213,-35.3349,52.901,33.3333,-0.7658,-107.3598,0.42,0.1299,71.5494,0,0,0,[],[],False,True,True,有效,1.0
002506,协鑫集成,基础数据不足,反转/低基数,19.8922,25.3197,19.5174,4.3596,,-39.6982,-31.6245,-34.1776,1775.8015,16.6667,-0.0344,0.3706,-47.06,-9.2729,95.6404,0,0,0,[],[],True,True,True,基础数据不足,1.0
600416,湘电股份,观察,增速观察,19.8737,12.9941,10.8389,58.5821,,-11.7735,-93.9683,-15.7455,-84.2516,33.3333,-0.2854,-56.3656,0.12,0.4318,41.4179,0,0,0,[],[],False,True,False,有效,1.0
600975,新五丰,基础数据不足,反转/低基数,19.5926,23.7159,15.2896,15.8284,,-23.1772,-1727.3363,-26.1962,601.6467,50.0,-0.1222,0.4704,-41.0,-26.4776,84.1716,0,0,0,[],[],True,True,True,基础数据不足,1.0
601606,长城军工,基础数据不足,反转/低基数,19.3912,6.5238,24.5518,47.6721,,-32.887,-251.996,-42.26,-354.2935,33.3333,0.0579,-0.2814,-4.41,-20.639,52.3279,0,0,0,[],[],True,True,False,基础数据不足,1.0
002714,牧原股份,基础数据不足,增速观察,19.3816,10.6819,19.2114,45.8207,,-22.3016,-157.7172,-26.7947,-144.3268,50.0,-0.0374,0.3659,-7.48,-10.2414,54.1793,0,0,0,[],[],False,True,False,基础数据不足,1.0
002943,宇晶股份,基础数据不足,反转/低基数,19.3463,4.2573,36.548,30.2098,,-67.4437,-713.2524,-47.8859,-816.7612,16.6667,0.32,-0.6963,-8.53,-51.5401,69.7902,0,0,0,[],[],True,True,False,基础数据不足,1.0
603666,亿嘉和,基础数据不足,反转/低基数,19.3092,4.1905,12.0278,79.2284,,-58.6737,-541.6886,-52.7647,-622.6355,16.6667,-0.1967,0.1714,-6.06,-115.4655,20.7716,0,0,0,[],[],True,True,False,基础数据不足,1.0
600422,昆药集团,基础数据不足,增速观察,18.4966,5.366,18.1274,58.6269,,-50.9736,-283.4828,-29.2365,-237.4792,16.6667,-0.3129,1.4124,-7.03,-22.5006,41.3731,0,0,0,[],[],False,True,False,基础数据不足,1.0
002229,鸿博股份,基础数据不足,反转/低基数,18.4111,6.072,16.0171,60.2161,,-76.3919,-221.8236,-175.0255,-272.1195,33.3333,-0.2508,0.9086,-4.78,-24.695,39.7839,0,0,0,[],[],True,True,False,基础数据不足,1.0
600879,航天电子,观察,增速观察,18.4075,13.8032,9.6421,49.7514,,-22.1915,-76.6309,-19.5968,-18.0483,16.6667,-0.5179,-57.7953,0.194,0.6417,50.2486,0,0,0,[],[],False,True,False,有效,1.0
600649,城投控股,基础数据不足,增速观察,18.1102,8.3096,28.4925,26.7475,,-52.0611,-133.7951,-105.3291,-152.9886,50.0,-0.6318,34.6538,-0.25,-2.1587,73.2525,0,0,0,[],[],False,True,True,基础数据不足,1.0
603690,至纯科技,基础数据不足,反转/低基数,18.0774,6.8564,31.1876,25.5204,,-36.569,-710.0868,-15.7595,-237.7487,16.6667,0.1686,-0.5995,-8.54,-28.3761,74.4796,0,0,0,[],[],True,True,True,基础数据不足,1.0
002314,南山控股,基础数据不足,反转/低基数,17.876,4.0579,36.2027,22.6772,,-47.1052,-797.8947,-102.6576,-786.7803,16.6667,0.6204,-2.9698,-9.74,-20.0962,77.3228,0,0,0,[],[],True,True,True,基础数据不足,1.0
603220,中贝通信,观察,增速观察,17.782,16.4723,11.6366,34.0019,,-14.3166,-78.9622,-23.0508,-35.1653,50.0,-0.2639,-33.6318,0.36,0.6251,65.9981,0,0,0,[],[],False,True,False,有效,1.0
603477,巨星农牧,基础数据不足,增速观察,17.7692,14.5653,16.1611,30.5971,,-4.3141,-562.5583,-35.9389,-468.4099,50.0,-0.0803,0.3409,-30.32,-23.5638,69.4029,0,0,0,[],[],False,True,False,基础数据不足,1.0
002840,华统股份,基础数据不足,反转/低基数,17.7327,12.0717,18.5998,32.9817,,-16.5651,-725.5234,-5.3495,-439.2955,33.3333,-0.0253,0.1883,-13.24,-14.0347,67.0183,0,0,0,[],[],True,True,False,基础数据不足,1.0
600675,中华企业,基础数据不足,反转/低基数,17.6074,6.2188,26.0908,34.8065,,-42.926,-157.372,-94.6344,-294.8251,33.3333,-0.2347,2.9989,-2.09,-7.9398,65.1935,0,0,0,[],[],True,True,False,基础数据不足,1.0
600629,华建集团,观察,增速观察,17.3785,14.6233,10.9304,38.5403,,-20.7624,-91.3651,-3.0166,-9.6601,0.0,-0.3221,-64.2071,0.22,0.5578,61.4597,0,0,0,[],[],False,True,False,有效,1.0
600266,城建发展,基础数据不足,反转/低基数,17.2662,10.4193,25.6084,21.1223,,-20.6539,-111.2601,-39.6723,-167.8128,50.0,0.0722,-10.6733,-0.74,-1.3612,78.8777,0,0,0,[],[],True,True,True,基础数据不足,1.0
002739,儒意电影,基础数据不足,反转/低基数,17.0238,8.1653,22.0931,33.4607,,-23.9162,-128.9152,-26.2199,-283.5952,33.3333,0.0495,-1.6265,-2.09,-3.0556,66.5393,0,0,0,[],[],True,True,False,基础数据不足,1.0
600569,安阳钢铁,基础数据不足,反转/低基数,16.8388,16.7337,22.6606,5.5106,,-3.8358,-3202.9353,-5.0295,-3287.7419,33.3333,-0.1195,1.5096,-75.91,-9.406,94.4894,0,0,0,[],[],True,True,True,基础数据不足,1.0
000566,海南海药,基础数据不足,反转/低基数,16.4503,14.5134,27.5807,0.0,,-28.6522,-33.9697,-12.5505,-105.7773,16.6667,0.0371,-0.0563,,-69.8979,101.8749,0,0,0,[],[],True,True,True,基础数据不足,0.9
605008,长鸿高科,基础数据不足,反转/低基数,16.3809,9.0226,21.473,28.2718,,-16.1062,-3582.49,-24.0662,-3474.0148,33.3333,0.0493,-1.305,-2.99,-3.7841,71.7282,0,0,0,[],[],True,True,True,基础数据不足,1.0
002567,唐人神,基础数据不足,反转/低基数,16.2808,9.7625,19.7502,28.8973,,-12.7104,-1646.1055,-12.1858,-1212.1201,16.6667,-0.0061,0.0633,-24.85,-9.7645,71.1027,0,0,0,[],[],True,True,True,基础数据不足,1.0
601615,明阳智能,观察,增速观察,16.0584,15.5171,10.9211,27.9566,,-0.6214,-81.7698,-40.8914,-172.4217,33.3333,-0.4796,-73.4752,0.42,0.8753,72.0434,0,0,0,[],[],False,True,True,有效,1.0
002456,欧菲光,基础数据不足,增速观察,16.0418,8.6094,23.9519,22.5185,,-20.2912,-307.3613,-28.6732,-278.675,33.3333,0.0885,-1.5644,-11.71,-4.7914,77.4815,0,0,0,[],[],False,True,True,基础数据不足,1.0
000031,大悦城,基础数据不足,反转/低基数,15.7256,9.711,21.1637,22.8929,,-19.7067,-765.2621,-6.0207,-786.3088,16.6667,-0.0176,0.2975,-7.17,-2.6322,77.1071,0,0,0,[],[],True,True,True,基础数据不足,1.0
002060,广东建工,观察,增速观察,15.6723,16.0319,17.589,10.76,,-13.2396,-48.2552,-14.1259,-43.1808,16.6667,-0.0757,-10.6205,1.26,0.8185,89.24,0,0,0,[],[],False,True,True,有效,1.0
603169,兰石重装,基础数据不足,反转/低基数,15.5332,9.331,21.5702,22.0658,,-21.8845,-5255.6156,-33.8875,-4772.1684,50.0,-0.1265,1.3801,-7.82,-9.2055,77.9342,0,0,0,[],[],True,True,True,基础数据不足,1.0
603103,横店影视,基础数据不足,反转/低基数,15.4618,6.047,20.3774,33.8748,,-41.1978,-130.4799,-57.7431,-395.679,33.3333,0.0135,-0.1767,-5.1,-7.6316,66.1252,0,0,0,[],[],True,True,False,基础数据不足,1.0
600248,陕建股份,观察,增速观察,14.9923,17.3358,13.5775,10.7912,,-24.2852,-78.5497,-8.9119,13.8548,0.0,-0.1707,-32.8644,0.82,0.5345,89.2088,0,0,0,[],[],False,True,True,有效,1.0
002208,合肥城建,基础数据不足,反转/低基数,14.7403,4.9529,22.0308,29.5215,,-28.3586,-1698.5449,-59.6222,-878.4055,16.6667,-0.0244,0.425,-3.29,-3.3832,70.4785,0,0,0,[],[],True,True,True,基础数据不足,1.0
002121,科陆电子,基础数据不足,反转/低基数,14.2408,12.2944,23.0542,2.4531,,-15.1031,-215.2165,-57.5177,-281.5428,66.6667,-0.2169,2.1636,-81.5,-9.8731,97.5469,0,0,0,[],[],True,True,True,基础数据不足,1.0
002036,联创电子,基础数据不足,反转/低基数,13.8347,10.9957,21.6559,6.7096,,-24.3354,-1585.6553,-5.2127,-1502.7142,33.3333,0.0276,-0.2458,-41.63,-12.1512,93.2904,0,0,0,[],[],True,True,True,基础数据不足,1.0
002368,太极股份,基础数据不足,反转/低基数,13.7616,2.5313,24.0221,26.9314,,-53.183,-28112.4376,-52.5839,-27646.1941,0.0,-1.0234,4.8961,-9.03,-21.1273,73.0686,0,0,0,[],[],True,True,True,基础数据不足,1.0
600325,华发股份,基础数据不足,反转/低基数,13.1129,3.9902,17.7261,31.2546,,-50.1835,-2225.7134,-89.0313,-1130.1776,16.6667,-0.0454,0.2364,-47.64,-17.6986,68.7454,0,0,0,[],[],True,True,False,基础数据不足,1.0
